Valor_Condominio,Metragem,N_Quartos,N_banheiros,N_Suites,N_Vagas
1350.0,176.0,3,4,3,3
680.0,70.0,1,1,0,2
650.0,66.0,2,1,0,1
655.0,68.0,3,2,1,1
330.0,33.0,1,1,0,1
835.0,56.0,2,2,1,1
650.0,34.0,1,1,0,1
1000.0,120.0,3,2,1,2
900.0,110.0,3,2,1,2
0.0,60.0,2,2,1,1
500.0,60.0,2,2,1,1
295.0,50.0,2,2,1,1
350.0,50.0,2,2,1,1
420.0,54.0,2,2,1,1
434.0,62.0,3,2,1,1
320.0,65.0,3,2,1,1
0.0,80.0,2,1,0,0
100.0,52.0,2,2,1,1
1451.0,200.0,4,4,3,2
1500.0,238.0,4,4,2,3
400.0,67.0,3,2,1,1
1500.0,210.0,3,5,3,4
455.0,98.0,3,2,0,1
445.0,65.0,2,2,1,1
1650.0,109.0,2,3,2,4
480.0,50.0,2,1,0,1
1400.0,145.0,4,3,2,3
1460.0,150.0,2,2,1,2
718.0,64.0,2,2,1,2
320.0,50.0,2,2,1,1
500.0,64.0,3,2,1,1
1300.0,120.0,3,2,1,2
1585.0,210.0,3,4,3,4
570.0,74.0,2,2,0,1
390.0,50.0,2,2,1,1
370.0,70.0,2,2,1,1
0.0,56.0,2,2,1,1
730.0,80.0,2,2,1,1
530.0,44.0,1,1,0,1
900.0,95.0,3,2,1,2
596.0,69.0,3,2,1,2
560.0,91.0,2,2,1,2
702.0,48.0,1,1,0,1
398.0,50.0,2,2,1,1
1479.0,139.0,3,4,3,2
60.0,118.0,3,2,1,2
362.0,60.0,2,2,1,2
3040.0,186.0,3,2,1,3
708.0,96.0,2,2,1,2
607.0,78.0,2,1,0,1
500.0,32.0,1,1,0,1
280.0,60.0,2,1,0,0
1250.0,148.0,3,4,3,2
465.0,30.0,1,1,0,1
1250.0,104.0,2,2,1,2
142.0,63.0,1,2,1,1
890.0,110.0,2,1,0,1
560.0,70.0,3,1,0,1
1900.0,222.0,2,3,2,4
400.0,50.0,2,2,1,1
550.0,59.0,2,2,1,1
800.0,44.0,1,2,1,1
1610.0,110.0,3,4,3,3
1370.0,130.0,2,1,0,2
780.0,75.0,2,2,1,1
800.0,68.0,2,1,0,1
450.0,80.0,2,1,0,1
0.0,53.0,2,1,0,0
1057.0,113.0,3,3,1,2
330.0,36.0,1,2,1,1
1500.0,104.0,3,2,1,2
563.0,62.0,2,2,1,1
230.0,48.0,2,1,0,1
490.0,50.0,1,2,1,1
800.0,70.0,2,2,1,1
750.0,85.0,3,2,1,2
600.0,66.0,2,2,1,1
220.0,60.0,2,2,1,1
145.0,70.0,2,2,1,1
852.0,90.0,3,2,1,2
300.0,35.0,1,2,1,1
180.0,48.0,2,1,0,1
352.0,53.0,2,2,1,1
200.0,62.0,1,1,0,1
2200.0,251.0,4,5,4,5
0.0,61.0,3,2,1,1
550.0,35.0,1,2,1,1
598.0,95.0,3,2,1,2
925.0,79.0,2,2,1,1
2200.0,215.0,3,4,1,3
0.0,42.0,2,1,0,1
552.0,35.0,1,2,1,1
550.0,63.0,3,2,1,1
580.0,60.0,2,2,1,1
415.0,48.0,2,2,1,1
450.0,46.0,3,2,1,1
437.0,58.0,2,1,0,1
1290.0,189.0,3,4,3,3
263.0,32.0,1,1,0,1
667.0,76.0,2,1,0,1
2100.0,340.0,4,4,3,3
500.0,69.0,3,2,1,1
1800.0,170.0,4,5,3,3
0.0,207.0,4,5,4,3
700.0,80.0,3,2,1,1
1100.0,126.0,4,4,2,2
619.0,69.0,2,2,1,2
890.0,95.0,2,2,1,2
2700.0,170.0,3,3,2,3
80.0,145.0,4,1,2,3
660.0,88.0,3,2,1,2
0.0,50.0,2,2,1,1
392.0,52.0,2,1,0,1
3265.0,230.0,4,3,1,3
424.0,54.0,2,1,0,1
900.0,52.0,1,2,1,1
3300.0,171.0,3,3,1,3
857.0,115.0,3,2,1,2
600.0,57.0,2,1,0,1
1108.0,120.0,3,2,1,1
120.0,50.0,2,1,0,0
0.0,50.0,2,2,1,1
600.0,58.0,1,2,1,2
190.0,50.0,1,2,1,1
637.0,70.0,3,2,1,1
1720.0,176.0,4,2,1,2
450.0,60.0,2,2,1,1
450.0,60.0,2,1,0,1
0.0,50.0,2,1,0,1
0.0,52.0,2,2,1,1
737.0,62.0,2,2,1,1
650.0,95.0,3,1,2,2
755.0,104.0,3,3,1,1
692.0,83.0,2,3,2,2
386.0,41.0,1,1,0,0
450.0,54.0,2,2,1,1
650.0,72.0,3,2,1,2
400.0,55.0,2,2,1,1
0.0,72.0,3,2,1,2
273.0,31.0,1,1,0,1
1580.0,180.0,3,5,3,3
0.0,60.0,3,2,1,1
0.0,60.0,2,2,1,1
550.0,50.0,2,2,1,1
480.0,125.0,3,2,1,1
450.0,62.0,3,2,1,1
515.0,53.0,2,2,1,1
480.0,82.0,2,2,1,1
355.0,60.0,2,2,1,1
1200.0,60.0,2,3,2,2
590.0,64.0,3,2,1,1
377.0,50.0,2,2,1,1
720.0,40.0,1,2,1,1
1842.0,42.0,1,1,0,2
2540.0,169.0,4,4,3,4
540.0,67.0,2,2,1,2
0.0,43.0,2,2,1,1
0.0,52.0,2,2,1,1
1100.0,154.0,3,3,1,2
1000.0,119.0,2,3,2,2
445.0,65.0,2,2,1,1
970.0,100.0,3,2,1,2
314.0,43.0,1,1,0,0
450.0,34.0,1,1,0,1
270.0,55.0,2,2,1,1
490.0,53.0,2,2,1,1
665.0,65.0,2,2,1,1
1050.0,100.0,2,2,1,2
700.0,60.0,2,2,1,2
0.0,67.0,2,2,1,1
400.0,68.0,2,2,1,1
1292.0,174.0,3,4,3,2
300.0,66.0,2,2,1,1
550.0,55.0,2,2,1,1
550.0,61.0,3,2,1,1
1500.0,230.0,4,5,4,0
456.0,49.0,1,2,1,1
470.0,66.0,3,2,1,1
1600.0,179.0,3,4,3,3
340.0,35.0,1,2,1,1
530.0,60.0,2,2,1,1
512.0,38.0,1,1,0,0
900.0,83.0,2,1,0,0
742.0,81.0,2,2,1,2
0.0,63.0,3,2,1,1
500.0,69.0,3,2,1,1
1200.0,185.0,4,5,3,2
560.0,47.0,1,1,0,1
100.0,68.0,1,1,0,1
3300.0,205.0,3,2,1,3
2920.0,250.0,4,6,3,2
870.0,70.0,2,1,0,1
1200.0,120.0,3,2,1,2
220.0,54.0,2,2,1,1
2900.0,220.0,3,3,1,2
200.0,50.0,2,2,1,1
700.0,70.0,2,2,1,2
1100.0,134.0,3,3,1,2
1000.0,98.0,3,1,0,1
2300.0,168.0,3,4,3,2
350.0,70.0,2,1,0,1
662.0,58.0,2,2,1,1
571.0,55.0,1,1,0,1
480.0,50.0,2,2,1,1
250.0,61.0,2,1,0,0
650.0,77.0,2,2,1,2
1200.0,128.0,3,2,1,1
0.0,35.0,1,1,0,1
400.0,75.0,2,2,1,1
1000.0,122.0,2,2,1,3
470.0,51.0,2,1,0,1
0.0,130.0,3,4,3,3
2400.0,220.0,3,4,3,4
561.0,46.0,1,1,0,1
1050.0,86.0,2,2,1,1
1876.0,127.0,2,3,1,1
327.0,50.0,1,2,1,1
255.0,30.0,1,2,1,1
1475.0,127.0,3,4,3,3
2430.0,195.0,4,5,3,3
554.0,50.0,2,1,0,1
440.0,36.0,1,1,0,1
80.0,38.0,2,1,0,1
460.0,68.0,2,2,1,1
2333.0,153.0,4,4,2,3
1300.0,150.0,3,2,1,1
408.0,80.0,2,2,1,1
425.0,35.0,1,2,1,1
750.0,93.0,2,3,2,2
1400.0,132.0,3,2,1,1
725.0,63.0,1,2,1,1
600.0,60.0,2,2,1,1
436.0,45.0,1,1,0,1
273.0,31.0,1,1,0,1
322.0,37.0,1,2,1,1
465.0,60.0,2,2,1,1
382.0,56.0,1,2,1,1
2000.0,251.0,4,5,4,4
1546.0,177.0,3,5,3,3
991.0,110.0,2,2,1,2
574.0,80.0,3,2,1,2
580.0,70.0,2,2,1,1
1120.0,154.0,3,2,1,3
250.0,46.0,2,1,0,1
50.0,45.0,2,2,1,1
1000.0,100.0,3,1,0,1
515.0,58.0,2,2,1,1
394.0,62.0,2,2,1,1
2500.0,211.0,3,5,3,3
830.0,94.0,3,2,1,1
5000.0,290.0,4,6,4,4
120.0,49.0,2,1,0,1
850.0,73.0,2,2,1,1
1155.0,125.0,3,3,2,3
0.0,69.0,3,2,1,1
495.0,47.0,2,2,1,1
580.0,64.0,2,2,1,1
1400.0,132.0,3,2,1,1
300.0,60.0,2,2,1,1
1800.0,150.0,3,4,2,2
450.0,30.0,1,2,1,1
1074.0,71.0,2,3,2,2
540.0,49.0,1,1,0,1
1010.0,107.0,3,2,1,1
1034.0,122.0,3,4,3,3
0.0,70.0,3,2,1,1
692.0,79.0,2,2,1,2
2160.0,140.0,3,3,2,3
600.0,65.0,2,2,1,1
430.0,50.0,2,2,1,1
680.0,70.0,3,2,1,1
471.0,58.0,3,2,1,1
596.0,78.0,3,2,1,2
490.0,60.0,2,2,1,2
500.0,80.0,2,1,0,1
597.0,58.0,1,2,1,2
1850.0,163.0,3,4,3,3
816.0,84.0,1,1,0,1
1900.0,234.0,4,4,3,4
675.0,52.0,2,1,0,1
495.0,65.0,3,1,0,1
440.0,50.0,2,2,1,1
1100.0,40.0,1,2,1,1
1250.0,135.0,3,2,1,2
852.0,70.0,2,2,1,1
2050.0,247.0,4,5,4,4
700.0,80.0,1,2,1,1
0.0,65.0,2,2,1,1
810.0,60.0,1,2,1,2
1245.0,140.0,3,2,1,3
420.0,46.0,2,2,1,1
570.0,50.0,2,2,1,1
453.0,42.0,1,1,0,0
0.0,110.0,2,2,1,1
0.0,65.0,2,1,0,0
410.0,50.0,3,2,1,1
1510.0,116.0,3,2,1,1
0.0,50.0,1,1,0,0
0.0,75.0,3,2,1,2
420.0,50.0,2,2,1,1
400.0,49.0,2,1,0,1
450.0,50.0,2,1,0,1
643.0,58.0,3,2,1,1
500.0,70.0,2,2,1,1
610.0,68.0,2,1,0,1
500.0,70.0,2,2,1,1
2833.0,184.0,3,4,3,4
580.0,70.0,1,1,0,1
1000.0,72.0,2,1,0,1
320.0,39.0,2,1,0,1
1000.0,70.0,2,2,1,2
3300.0,180.0,3,2,1,3
890.0,95.0,3,2,1,2
392.0,50.0,2,2,1,1
475.0,60.0,2,2,1,1
1064.0,65.0,2,1,0,1
436.0,54.0,2,1,0,0
1160.0,60.0,2,1,0,2
596.0,69.0,3,2,1,1
0.0,53.0,2,2,1,1
400.0,36.0,1,2,1,1
0.0,57.0,3,2,1,1
1345.0,163.0,4,5,3,3
3895.0,393.0,4,4,3,4
1500.0,120.0,4,4,3,3
580.0,60.0,2,2,1,2
673.0,50.0,1,2,1,1
500.0,55.0,2,2,1,1
546.0,65.0,3,2,1,1
564.0,63.0,3,2,1,1
680.0,71.0,3,2,1,3
452.0,39.0,1,1,0,1
700.0,75.0,3,2,1,1
760.0,60.0,3,1,0,1
1900.0,30.0,1,1,0,1
680.0,65.0,2,3,2,1
434.0,62.0,3,2,1,1
542.0,68.0,3,2,1,1
1251.0,65.0,1,2,1,1
458.0,57.0,1,2,1,0
700.0,94.0,2,3,1,2
180.0,70.0,2,2,1,1
450.0,50.0,2,2,1,1
2700.0,291.0,4,4,1,3
911.0,86.0,3,2,1,2
529.0,50.0,2,2,1,1
480.0,55.0,2,2,0,1
950.0,87.0,2,3,1,2
291.0,57.0,2,2,1,1
1700.0,188.0,3,5,3,3
934.0,110.0,3,2,1,2
539.0,39.0,1,2,1,1
500.0,35.0,1,1,0,1
390.0,82.0,3,2,1,1
2000.0,215.0,2,4,1,2
470.0,65.0,2,2,1,1
476.0,64.0,1,1,0,0
290.0,38.0,2,2,1,1
550.0,62.0,2,2,1,1
500.0,59.0,2,2,1,1
564.0,55.0,2,1,0,1
299.0,65.0,2,1,0,1
0.0,48.0,2,2,1,1
306.0,70.0,3,2,1,1
765.0,79.0,2,2,1,2
530.0,58.0,2,1,0,1
481.0,52.0,2,1,0,1
1400.0,130.0,3,2,1,1
393.0,50.0,2,2,1,1
452.0,39.0,1,1,0,1
1700.0,100.0,3,2,1,2
1980.0,204.0,3,4,3,3
972.0,85.0,2,2,1,1
450.0,60.0,2,2,1,1
1964.0,165.0,3,4,3,3
850.0,82.0,3,2,1,1
0.0,60.0,2,2,1,1
953.0,125.0,3,2,1,2
550.0,60.0,2,2,1,1
950.0,103.0,3,2,0,1
370.0,117.0,1,2,1,1
580.0,98.0,2,1,2,2
569.0,49.0,2,2,1,1
1780.0,130.0,2,1,0,2
415.0,52.0,2,2,1,1
540.0,70.0,2,2,1,1
700.0,120.0,4,1,0,1
150.0,40.0,1,1,0,1
500.0,65.0,2,2,1,1
656.0,55.0,2,2,1,1
660.0,38.0,1,2,1,1
0.0,50.0,2,1,0,1
352.0,45.0,1,1,0,1
600.0,63.0,1,2,1,1
4000.0,300.0,4,5,4,4
370.0,50.0,2,2,1,1
2800.0,207.0,4,3,2,3
0.0,35.0,1,2,1,1
499.0,60.0,2,2,1,1
490.0,70.0,2,2,1,1
678.0,75.0,3,2,1,2
380.0,48.0,2,2,1,1
492.0,58.0,2,1,0,1
388.0,58.0,2,2,1,1
968.0,89.0,3,3,1,1
570.0,51.0,1,2,1,1
750.0,70.0,2,2,1,2
770.0,66.0,1,2,1,1
450.0,57.0,2,2,1,1
2500.0,250.0,4,5,4,4
800.0,68.0,3,2,1,2
1400.0,45.0,1,2,1,1
0.0,65.0,2,2,1,1
450.0,49.0,1,2,1,1
0.0,50.0,2,2,1,1
640.0,44.0,1,2,1,1
490.0,92.0,3,2,1,1
380.0,50.0,2,1,0,1
605.0,65.0,3,1,0,1
1328.0,154.0,3,5,3,4
2000.0,198.0,3,4,3,2
1050.0,117.0,3,2,1,2
690.0,57.0,2,2,1,2
700.0,68.0,3,2,1,1
3046.0,298.0,4,3,2,3
930.0,50.0,1,1,0,1
372.0,51.0,1,2,1,1
0.0,60.0,2,2,1,1
1115.0,84.0,3,2,1,2
438.0,58.0,3,2,1,2
650.0,68.0,3,1,0,1
700.0,134.0,3,2,1,2
240.0,70.0,2,2,1,1
600.0,68.0,3,2,1,2
300.0,65.0,2,1,0,1
0.0,50.0,2,2,1,1
120.0,75.0,2,1,0,1
980.0,110.0,3,4,1,2
450.0,42.0,1,1,0,1
310.0,30.0,1,2,1,1
885.0,72.0,2,2,1,2
658.0,63.0,3,2,1,1
430.0,61.0,2,2,1,1
1100.0,90.0,2,1,0,1
0.0,44.0,2,2,1,1
744.0,65.0,2,1,0,1
300.0,30.0,1,1,0,0
750.0,85.0,3,2,1,2
240.0,42.0,2,2,1,1
490.0,47.0,1,1,0,1
350.0,45.0,1,1,0,1
490.0,55.0,3,1,0,1
500.0,57.0,2,2,1,1
657.0,95.0,2,2,1,1
500.0,30.0,1,2,1,1
1450.0,155.0,3,4,3,3
611.0,85.0,2,2,1,2
0.0,55.0,2,1,0,0
500.0,95.0,3,2,1,1
580.0,70.0,2,2,1,2
4174.0,236.0,4,5,4,3
1286.0,111.0,2,3,2,2
0.0,46.0,1,1,0,1
695.0,89.0,2,2,1,1
530.0,54.0,2,2,1,1
400.0,42.0,1,1,0,1
1650.0,213.0,4,4,3,3
750.0,65.0,2,2,1,1
399.0,62.0,3,2,1,1
850.0,90.0,3,2,0,1
4700.0,377.0,4,6,4,5
586.0,60.0,2,2,1,1
600.0,76.0,3,1,0,1
0.0,153.0,3,2,1,3
0.0,100.0,3,2,1,2
550.0,72.0,2,2,1,1
550.0,60.0,2,1,0,1
730.0,70.0,3,1,0,1
1032.0,86.0,1,2,1,2
900.0,78.0,3,2,0,1
452.0,47.0,2,2,1,1
700.0,50.0,2,2,1,1
306.0,60.0,2,1,0,0
1750.0,88.0,3,2,1,2
1017.0,94.0,2,3,1,2
100.0,30.0,2,1,0,1
340.0,70.0,2,2,1,1
400.0,41.0,1,2,1,1
0.0,61.0,3,2,1,1
660.0,65.0,2,1,0,1
2200.0,165.0,3,2,1,1
800.0,77.0,3,2,1,2
372.0,60.0,2,1,0,1
180.0,56.0,2,2,1,1
995.0,60.0,2,1,0,1
160.0,50.0,2,1,0,1
385.0,40.0,2,2,1,1
0.0,46.0,2,2,1,1
539.0,60.0,3,2,1,1
440.0,61.0,1,1,0,0
525.0,50.0,2,2,1,1
415.0,48.0,2,1,0,1
3200.0,230.0,4,5,4,4
400.0,45.0,1,1,0,1
410.0,45.0,1,1,0,1
960.0,82.0,3,2,1,0
1650.0,155.0,3,3,1,2
1826.0,165.0,4,5,2,4
520.0,81.0,2,2,1,1
630.0,75.0,3,2,1,1
1100.0,100.0,3,3,1,3
700.0,90.0,2,1,0,1
1200.0,159.0,3,4,3,2
8860.0,414.0,4,5,4,4
1072.0,85.0,2,2,1,1
484.0,47.0,2,1,0,1
520.0,53.0,2,1,0,1
330.0,45.0,2,2,1,1
820.0,82.0,3,1,0,1
444.0,77.0,3,1,0,0
1160.0,86.0,2,2,1,2
670.0,43.0,1,2,1,1
1600.0,175.0,4,4,3,3
300.0,45.0,1,1,0,0
639.0,75.0,3,2,0,1
1260.0,171.0,4,4,3,3
337.0,55.0,2,1,0,1
1200.0,127.0,2,2,1,2
374.0,65.0,2,2,1,1
560.0,70.0,1,1,0,2
900.0,74.0,2,2,1,2
780.0,44.0,1,2,1,1
850.0,83.0,3,3,2,2
800.0,150.0,3,4,3,2
0.0,40.0,2,2,1,1
610.0,96.0,3,1,0,1
220.0,100.0,2,1,0,1
991.0,110.0,2,2,1,2
280.0,35.0,1,1,0,1
452.0,55.0,2,2,1,1
900.0,126.0,3,4,3,2
0.0,240.0,3,3,1,1
3200.0,237.0,3,4,3,3
2200.0,200.0,3,4,3,3
2100.0,222.0,4,6,4,4
320.0,50.0,2,2,1,1
452.0,55.0,2,1,0,1
200.0,75.0,1,2,0,1
2900.0,230.0,4,3,2,3
1400.0,110.0,2,2,1,2
3800.0,210.0,4,4,2,3
287.0,60.0,3,2,1,1
500.0,50.0,2,1,0,1
230.0,61.0,2,2,1,1
656.0,55.0,2,2,1,1
2178.0,190.0,3,5,3,3
636.0,80.0,3,1,0,1
465.0,51.0,2,2,1,1
850.0,50.0,1,2,1,1
0.0,94.0,2,2,1,2
250.0,48.0,2,2,1,1
603.0,47.0,1,2,1,1
1368.0,133.0,3,4,3,2
598.0,55.0,2,2,1,1
550.0,55.0,2,1,0,1
650.0,80.0,3,2,1,2
587.0,52.0,2,2,1,1
810.0,70.0,2,2,1,2
2900.0,165.0,3,5,3,3
2263.0,250.0,4,5,4,4
1700.0,194.0,3,5,4,4
2000.0,36.0,1,2,1,1
800.0,80.0,2,1,0,0
0.0,56.0,2,1,0,1
680.0,55.0,2,2,1,1
1200.0,145.0,4,5,3,3
0.0,65.0,3,2,1,1
1400.0,130.0,3,3,1,1
5251.0,378.0,3,4,3,3
950.0,90.0,3,2,1,3
980.0,98.0,3,2,1,1
564.0,78.0,3,2,1,1
600.0,92.0,3,2,1,3
400.0,57.0,2,1,0,1
450.0,57.0,2,2,1,1
50.0,45.0,2,2,1,1
490.0,65.0,3,2,1,1
537.0,52.0,2,2,1,1
1870.0,167.0,3,4,3,2
0.0,36.0,1,1,0,1
520.0,42.0,1,2,1,1
480.0,65.0,2,2,1,1
1400.0,67.0,3,1,0,1
0.0,56.0,2,1,0,1
680.0,70.0,3,2,1,1
700.0,80.0,2,3,1,1
2500.0,170.0,3,3,1,2
470.0,62.0,3,2,1,1
200.0,72.0,1,2,0,1
650.0,35.0,1,2,1,1
1726.0,75.0,1,2,1,2
1960.0,150.0,3,5,3,3
510.0,74.0,3,2,1,1
547.0,78.0,2,2,1,2
437.0,52.0,2,2,1,1
660.0,52.0,3,2,1,1
610.0,60.0,1,1,0,0
485.0,50.0,2,2,1,1
1200.0,101.0,3,2,1,2
411.0,50.0,2,2,1,1
1700.0,135.0,3,2,1,2
690.0,70.0,3,2,1,2
430.0,48.0,2,1,0,0
650.0,82.0,3,3,2,2
650.0,90.0,2,2,1,2
558.0,60.0,2,2,1,1
1007.0,93.0,3,2,1,2
1500.0,172.0,3,4,2,3
0.0,56.0,2,2,1,1
0.0,57.0,2,2,1,1
2400.0,156.0,4,4,3,3
700.0,70.0,2,1,0,1
536.0,74.0,2,2,1,1
315.0,48.0,2,1,0,1
480.0,70.0,3,2,1,1
450.0,50.0,1,1,0,1
1600.0,210.0,3,4,3,4
60.0,30.0,1,2,1,1
1650.0,155.0,3,3,1,2
600.0,82.0,3,2,1,2
1500.0,98.0,2,3,2,2
900.0,68.0,2,1,0,1
780.0,110.0,3,2,1,2
800.0,68.0,3,2,1,1
4200.0,270.0,4,5,4,4
500.0,50.0,2,1,0,1
1500.0,104.0,3,2,1,2
1600.0,175.0,3,3,1,1
1701.0,213.0,3,4,3,3
530.0,52.0,2,2,1,1
450.0,70.0,2,2,1,1
800.0,70.0,2,1,0,1
560.0,74.0,3,2,1,2
541.0,41.0,1,2,1,1
1364.0,131.0,3,3,1,2
590.0,55.0,2,1,0,1
1000.0,145.0,4,2,1,1
800.0,70.0,2,2,1,1
420.0,70.0,2,2,1,2
1200.0,140.0,3,1,3,1
818.0,89.0,2,2,1,1
646.0,74.0,3,2,1,2
650.0,66.0,3,2,1,2
250.0,35.0,1,2,1,1
790.0,114.0,2,4,1,2
1182.0,129.0,3,2,1,3
860.0,72.0,2,3,1,2
400.0,48.0,1,1,0,1
934.0,110.0,3,2,1,2
350.0,52.0,2,2,1,1
566.0,67.0,2,2,1,1
585.0,34.0,1,1,0,1
700.0,83.0,2,1,0,1
970.0,42.0,1,2,1,1
476.0,45.0,1,1,0,1
0.0,35.0,1,2,1,1
590.0,52.0,2,2,1,1
766.0,75.0,2,2,1,1
1600.0,140.0,3,4,3,2
3000.0,200.0,4,3,2,3
3000.0,270.0,4,6,4,4
550.0,54.0,3,1,0,1
0.0,56.0,2,1,0,1
390.0,55.0,2,1,0,1
587.0,75.0,3,1,0,2
400.0,50.0,2,1,0,1
650.0,94.0,2,2,1,2
2800.0,250.0,3,4,3,0
350.0,51.0,1,1,0,1
1210.0,127.0,2,2,1,2
553.0,65.0,2,1,0,1
477.0,44.0,1,1,0,1
1370.0,75.0,2,2,1,2
820.0,40.0,1,2,1,1
380.0,72.0,2,1,0,1
770.0,70.0,2,2,1,1
3300.0,171.0,3,3,1,3
350.0,112.0,2,2,1,2
465.0,38.0,1,2,1,1
4981.0,306.0,3,4,3,6
500.0,70.0,3,1,0,1
320.0,50.0,2,1,0,1
500.0,48.0,2,1,0,1
608.0,71.0,3,2,1,2
382.0,60.0,2,1,0,1
860.0,112.0,3,3,2,2
70.0,40.0,1,1,0,1
750.0,89.0,3,2,1,1
361.0,48.0,1,1,0,0
1850.0,192.0,4,6,3,2
570.0,82.0,3,2,1,1
1500.0,80.0,2,2,1,2
800.0,60.0,2,2,1,1
2225.0,290.0,4,6,4,5
1044.0,37.0,1,2,1,2
1300.0,38.0,1,1,0,1
776.0,70.0,2,3,2,1
640.0,70.0,3,2,1,1
574.0,41.0,1,1,0,1
1400.0,110.0,3,2,1,1
450.0,55.0,1,2,1,1
160.0,50.0,2,1,0,1
642.0,55.0,2,1,0,1
774.0,62.0,2,2,1,1
541.0,49.0,1,2,1,1
850.0,122.0,3,2,1,2
1316.0,160.0,3,3,2,2
811.0,107.0,3,3,1,2
380.0,47.0,2,1,0,1
400.0,50.0,2,1,0,0
600.0,70.0,2,2,1,2
160.0,50.0,2,2,1,1
750.0,42.0,1,1,0,1
1350.0,98.0,2,2,1,2
1484.0,124.0,2,3,2,2
0.0,50.0,2,2,1,1
547.0,60.0,2,2,1,1
1260.0,47.0,1,2,1,1
2019.0,35.0,1,1,0,1
1323.0,132.0,3,3,1,2
0.0,97.0,3,2,1,1
380.0,57.0,2,2,1,1
0.0,70.0,2,1,0,1
240.0,48.0,2,2,1,1
510.0,60.0,2,2,1,1
1500.0,186.0,4,3,2,2
480.0,173.0,3,2,1,0
0.0,75.0,2,2,1,2
237.0,51.0,2,2,1,1
415.0,43.0,1,1,0,1
1400.0,110.0,3,2,1,1
386.0,55.0,2,2,1,1
420.0,46.0,2,1,0,1
0.0,135.0,3,2,1,2
730.0,72.0,3,2,1,1
1290.0,78.0,1,2,1,2
1490.0,98.0,2,2,1,2
398.0,57.0,3,2,1,1
800.0,52.0,2,2,1,1
380.0,52.0,2,2,1,1
720.0,74.0,3,2,0,1
345.0,49.0,2,2,1,1
1020.0,105.0,3,2,1,1
1300.0,125.0,3,4,3,3
660.0,62.0,3,2,1,1
10.0,90.0,2,1,0,0
0.0,217.0,1,1,0,2
500.0,50.0,2,2,1,1
1180.0,107.0,3,3,1,1
275.0,83.0,3,2,1,1
0.0,62.0,3,2,1,1
580.0,55.0,3,2,1,1
455.0,67.0,2,1,0,1
0.0,120.0,2,5,2,2
540.0,65.0,3,2,1,1
2754.0,220.0,4,4,3,3
870.0,71.0,3,2,1,1
560.0,48.0,2,1,0,1
850.0,70.0,3,2,1,1
490.0,60.0,2,1,0,1
500.0,65.0,2,2,1,1
147.0,89.0,2,2,1,1
700.0,86.0,3,2,1,2
670.0,65.0,3,2,1,1
0.0,60.0,2,2,1,1
600.0,33.0,1,1,0,1
500.0,33.0,1,2,1,1
545.0,43.0,1,2,1,1
1600.0,177.0,4,3,2,3
100.0,74.0,2,1,0,1
1690.0,138.0,3,2,1,1
270.0,35.0,1,2,1,1
600.0,70.0,3,2,1,1
990.0,78.0,2,2,1,2
0.0,45.0,1,1,0,2
1169.0,110.0,3,2,1,1
526.0,30.0,1,1,0,0
300.0,37.0,1,2,1,1
1300.0,85.0,3,3,2,1
1450.0,193.0,2,1,0,2
436.0,67.0,3,2,1,1
350.0,44.0,2,1,0,1
1408.0,70.0,2,2,1,2
0.0,61.0,3,2,1,1
120.0,60.0,2,2,1,1
2050.0,250.0,4,3,2,2
435.0,55.0,2,1,0,1
660.0,59.0,2,1,0,1
1050.0,85.0,2,3,2,2
0.0,60.0,1,2,1,1
2400.0,276.0,4,5,4,2
483.0,52.0,2,2,1,1
1020.0,108.0,2,2,1,1
292.0,62.0,2,2,1,1
1051.0,62.0,1,2,1,2
330.0,45.0,2,2,1,1
1350.0,44.0,1,2,1,1
400.0,40.0,2,1,0,1
0.0,48.0,2,2,1,1
445.0,65.0,2,2,1,1
895.0,82.0,3,2,1,2
900.0,93.0,3,2,1,1
460.0,47.0,2,1,0,1
150.0,60.0,3,2,0,0
680.0,65.0,2,2,1,1
1850.0,250.0,3,3,2,2
1350.0,70.0,1,2,1,1
0.0,65.0,2,2,1,1
0.0,45.0,1,2,1,1
759.0,65.0,2,2,1,1
780.0,110.0,3,2,1,2
831.0,80.0,2,1,0,1
550.0,65.0,2,1,0,1
1300.0,190.0,4,5,4,3
2300.0,166.0,3,4,3,2
700.0,77.0,2,2,1,2
555.0,70.0,3,2,1,1
1200.0,185.0,4,5,3,2
1842.0,162.0,3,5,3,3
550.0,75.0,2,2,1,1
4251.0,270.0,4,5,4,4
350.0,49.0,2,2,1,1
1400.0,138.0,2,3,2,2
637.0,50.0,2,2,1,1
580.0,53.0,2,1,0,2
540.0,49.0,1,1,0,1
0.0,70.0,2,2,1,1
2314.0,157.0,3,4,3,4
3500.0,252.0,4,5,4,5
1400.0,171.0,3,4,3,3
1000.0,97.0,3,2,1,2
550.0,60.0,2,2,1,2
1150.0,90.0,2,2,1,2
580.0,60.0,3,1,0,1
885.0,107.0,3,3,1,1
1030.0,126.0,3,5,3,2
700.0,76.0,3,2,1,2
594.0,65.0,2,2,0,1
513.0,50.0,1,1,0,0
279.0,56.0,2,2,1,1
435.0,62.0,2,2,1,2
270.0,41.0,3,1,0,1
745.0,60.0,2,2,1,1
0.0,70.0,2,1,0,0
692.0,54.0,2,2,1,1
1300.0,120.0,3,2,1,2
2799.0,182.0,3,3,2,3
1463.0,123.0,3,2,1,2
530.0,33.0,1,2,1,1
727.0,72.0,3,2,1,2
400.0,31.0,1,2,1,1
672.0,79.0,2,2,1,1
0.0,43.0,2,2,1,1
296.0,42.0,2,1,0,1
1028.0,67.0,2,2,1,1
2741.0,250.0,4,2,1,2
250.0,32.0,1,2,1,1
800.0,94.0,1,1,0,2
1199.0,127.0,3,2,1,2
440.0,65.0,3,2,1,1
537.0,75.0,2,1,0,1
475.0,60.0,2,2,1,1
2280.0,235.0,4,5,4,4
600.0,60.0,2,1,0,1
546.0,60.0,3,2,1,1
920.0,57.0,2,1,0,1
842.0,72.0,3,2,1,2
700.0,90.0,2,2,1,1
573.0,50.0,2,1,0,1
100.0,35.0,2,2,1,1
1400.0,116.0,3,4,3,3
650.0,62.0,2,2,1,2
600.0,40.0,1,1,0,1
600.0,42.0,1,2,1,2
670.0,55.0,2,1,0,1
500.0,75.0,2,1,0,0
343.0,60.0,2,1,0,1
4500.0,246.0,3,4,3,3
295.0,30.0,1,2,1,1
510.0,105.0,2,2,1,1
525.0,53.0,2,1,0,1
400.0,50.0,2,2,1,1
1000.0,94.0,3,2,1,2
2000.0,266.0,4,5,4,4
733.0,70.0,2,2,1,1
450.0,50.0,2,2,1,1
531.0,40.0,1,1,0,1
530.0,62.0,2,1,0,1
578.0,50.0,2,1,0,1
474.0,50.0,2,2,1,1
1536.0,147.0,3,2,1,2
1418.0,82.0,2,2,1,1
600.0,60.0,2,2,1,1
465.0,49.0,2,2,1,1
424.0,40.0,1,2,1,1
350.0,50.0,2,2,1,1
650.0,70.0,1,2,1,2
400.0,48.0,2,1,0,1
903.0,35.0,1,2,1,1
775.0,56.0,2,1,0,1
270.0,35.0,1,1,0,1
1100.0,125.0,3,2,1,2
500.0,40.0,1,2,1,1
354.0,48.0,1,1,0,0
1711.0,183.0,3,2,1,1
500.0,50.0,2,2,1,1
1900.0,151.0,3,4,2,3
705.0,31.0,1,2,1,1
794.0,80.0,3,2,1,1
670.0,80.0,3,3,2,2
220.0,60.0,2,2,1,1
450.0,66.0,3,2,1,1
790.0,74.0,3,2,1,1
1000.0,134.0,3,2,1,2
150.0,60.0,2,2,1,1
450.0,53.0,2,2,1,1
857.0,113.0,3,2,1,2
496.0,55.0,2,2,1,1
700.0,145.0,4,5,2,3
570.0,103.0,3,2,1,1
450.0,61.0,2,2,1,1
500.0,50.0,2,1,0,1
80.0,30.0,1,1,0,0
0.0,76.0,2,2,1,1
1463.0,123.0,3,2,1,2
400.0,53.0,2,1,0,1
0.0,96.0,3,2,1,2
550.0,69.0,1,2,1,1
250.0,48.0,2,2,1,1
428.0,70.0,2,2,1,2
561.0,55.0,2,2,1,1
350.0,53.0,2,1,0,1
279.0,56.0,2,2,1,1
600.0,65.0,2,2,1,1
900.0,78.0,3,2,1,2
379.0,30.0,1,2,1,1
418.0,50.0,1,2,1,1
650.0,65.0,2,2,1,2
290.0,36.0,1,2,1,1
0.0,80.0,3,2,1,1
0.0,55.0,2,2,1,1
820.0,95.0,3,2,1,1
840.0,84.0,2,2,1,2
1050.0,50.0,1,2,1,1
590.0,62.0,2,2,1,1
270.0,30.0,1,1,0,0
360.0,62.0,2,2,1,1
377.0,55.0,2,2,1,1
390.0,45.0,1,2,1,1
442.0,52.0,2,2,1,1
556.0,47.0,1,2,1,1
510.0,40.0,1,2,1,1
760.0,75.0,3,2,1,1
0.0,49.0,2,2,1,1
2610.0,195.0,4,5,4,3
730.0,60.0,2,2,1,2
650.0,73.0,3,1,0,1
500.0,80.0,2,1,0,1
201.0,35.0,1,2,1,1
935.0,146.0,3,2,1,1
800.0,60.0,2,1,0,1
422.0,50.0,2,1,0,1
560.0,68.0,3,2,1,2
450.0,65.0,3,2,1,1
749.0,94.0,3,2,1,2
778.0,65.0,2,2,1,1
2175.0,98.0,2,3,2,2
0.0,80.0,3,2,1,1
1597.0,136.0,3,3,1,2
1500.0,171.0,3,5,3,3
0.0,42.0,2,2,1,1
350.0,70.0,2,2,1,1
770.0,86.0,3,2,1,2
142.0,60.0,1,2,1,1
1700.0,200.0,4,4,2,5
700.0,70.0,2,1,0,0
1750.0,231.0,3,2,1,2
505.0,50.0,2,1,0,1
270.0,50.0,2,2,1,1
1600.0,105.0,2,3,2,2
950.0,90.0,3,2,1,2
400.0,50.0,2,1,0,1
400.0,40.0,1,1,0,1
715.0,60.0,2,2,1,1
1400.0,96.0,3,2,1,1
1486.0,127.0,4,2,1,2
542.0,68.0,3,2,1,1
1350.0,187.0,3,6,3,3
0.0,34.0,1,1,0,0
530.0,40.0,1,1,0,1
1112.0,72.0,2,2,1,1
1150.0,100.0,2,2,1,1
515.0,65.0,3,2,1,1
970.0,70.0,1,2,0,0
679.0,72.0,3,2,1,1
1500.0,130.0,3,2,1,2
450.0,38.0,1,1,0,1
0.0,49.0,2,2,1,1
590.0,42.0,1,2,1,2
299.0,58.0,2,2,1,1
1500.0,143.0,3,2,1,3
0.0,70.0,3,2,1,2
463.0,67.0,2,2,1,1
415.0,65.0,2,2,1,1
1030.0,100.0,3,2,1,2
290.0,32.0,1,2,1,1
720.0,68.0,3,2,1,1
800.0,66.0,1,1,0,1
0.0,50.0,1,2,1,1
676.0,50.0,2,2,0,1
565.0,60.0,2,1,0,1
770.0,75.0,2,1,0,1
150.0,79.0,2,2,1,1
415.0,50.0,2,2,1,1
434.0,62.0,3,2,1,1
300.0,42.0,2,1,0,0
650.0,50.0,2,2,1,1
750.0,70.0,2,2,1,1
106.0,48.0,2,1,0,1
750.0,68.0,3,2,1,1
450.0,50.0,2,2,1,1
590.0,52.0,2,2,1,1
200.0,44.0,2,1,0,1
500.0,69.0,3,2,1,1
100.0,56.0,2,1,0,1
490.0,55.0,2,2,1,1
690.0,68.0,2,2,1,2
600.0,48.0,1,2,1,1
550.0,79.0,3,2,1,2
690.0,68.0,2,2,1,2
500.0,54.0,2,1,0,1
456.0,49.0,1,1,0,1
1070.0,80.0,3,2,1,2
870.0,110.0,3,2,1,2
480.0,125.0,3,2,0,1
501.0,70.0,3,1,0,1
700.0,90.0,3,2,1,2
420.0,49.0,2,2,1,1
1770.0,186.0,4,3,2,4
1460.0,62.0,1,2,1,2
700.0,45.0,1,2,1,1
2000.0,146.0,3,3,1,1
700.0,60.0,1,2,1,1
160.0,38.0,2,2,1,1
600.0,77.0,3,2,1,2
600.0,56.0,2,2,1,1
970.0,126.0,2,3,2,2
480.0,50.0,2,2,1,1
913.0,96.0,3,3,1,2
2000.0,220.0,3,4,3,3
1500.0,198.0,3,2,1,3
470.0,55.0,2,2,1,1
2075.0,196.0,3,4,3,3
656.0,72.0,3,2,1,2
709.0,73.0,2,2,1,2
700.0,93.0,3,2,1,0
180.0,52.0,1,2,1,1
300.0,65.0,3,2,1,1
150.0,56.0,3,1,0,1
0.0,50.0,2,2,1,1
450.0,54.0,2,2,1,1
1500.0,180.0,3,4,1,2
1400.0,200.0,3,4,3,3
420.0,60.0,2,1,0,1
0.0,50.0,2,2,1,1
729.0,69.0,2,2,1,2
0.0,55.0,2,2,1,1
750.0,89.0,3,1,0,1
0.0,43.0,2,2,1,1
600.0,67.0,3,3,1,2
450.0,56.0,2,1,0,1
456.0,45.0,1,1,0,1
340.0,35.0,1,2,1,1
480.0,70.0,2,2,1,1
340.0,50.0,2,2,1,1
400.0,42.0,1,1,0,1
420.0,65.0,3,2,1,1
0.0,130.0,3,4,3,3
450.0,44.0,1,2,1,1
1200.0,125.0,3,2,1,2
0.0,44.0,2,2,1,1
650.0,146.0,3,2,1,2
0.0,65.0,3,2,1,1
0.0,55.0,2,2,1,1
500.0,33.0,1,2,1,1
2200.0,200.0,4,2,1,2
709.0,59.0,2,2,1,1
411.0,50.0,2,2,1,2
683.0,76.0,3,2,1,2
639.0,72.0,3,2,1,1
550.0,85.0,2,1,0,1
4174.0,236.0,4,5,4,3
500.0,55.0,2,2,1,1
664.0,85.0,2,2,1,1
458.0,39.0,1,2,1,1
341.0,45.0,2,1,0,1
2784.0,160.0,3,4,3,3
0.0,313.0,5,8,4,4
1090.0,40.0,1,1,0,1
2250.0,180.0,2,2,1,1
710.0,70.0,2,2,1,1
750.0,67.0,2,2,1,1
1000.0,97.0,3,3,1,1
0.0,93.0,2,2,1,1
2600.0,170.0,3,4,1,2
1335.0,120.0,3,3,1,2
470.0,50.0,2,2,1,1
483.0,90.0,2,1,0,1
0.0,40.0,1,1,0,1
100.0,52.0,2,1,0,0
1000.0,126.0,3,4,3,3
460.0,45.0,1,1,0,1
1116.0,93.0,3,2,1,3
500.0,69.0,3,2,1,1
480.0,53.0,2,2,1,1
97.0,40.0,2,2,1,1
1200.0,159.0,3,4,3,2
412.0,54.0,2,2,1,1
551.0,44.0,1,2,1,1
500.0,50.0,2,2,1,1
950.0,108.0,2,2,1,2
850.0,90.0,3,2,1,1
643.0,95.0,2,3,2,2
1500.0,160.0,3,2,1,2
360.0,55.0,2,1,0,0
500.0,75.0,3,2,1,1
580.0,57.0,1,1,0,1
1200.0,156.0,4,4,2,1
9500.0,452.0,4,3,2,4
800.0,150.0,3,4,3,2
1800.0,164.0,3,2,1,2
350.0,60.0,2,2,1,1
0.0,223.0,3,2,1,1
0.0,44.0,1,2,1,1
725.0,62.0,2,2,1,1
500.0,48.0,2,2,1,1
1130.0,96.0,3,2,1,2
790.0,78.0,2,3,1,1
450.0,50.0,1,1,0,1
0.0,50.0,2,2,1,1
1000.0,94.0,3,2,1,2
980.0,128.0,3,2,1,2
1010.0,98.0,3,1,2,2
0.0,43.0,2,2,1,1
675.0,70.0,2,2,1,2
460.0,49.0,2,2,1,1
800.0,69.0,3,2,1,1
297.0,47.0,2,1,0,1
270.0,47.0,2,2,1,1
520.0,81.0,2,2,1,1
2500.0,230.0,4,5,2,4
550.0,69.0,3,2,1,1
516.0,90.0,2,1,0,1
500.0,62.0,3,1,0,1
395.0,73.0,2,2,1,1
620.0,35.0,1,2,1,1
1200.0,158.0,3,4,3,2
3300.0,248.0,3,4,3,4
900.0,143.0,3,4,3,3
650.0,75.0,3,2,1,1
824.0,142.0,3,4,3,2
280.0,81.0,3,1,0,0
877.0,84.0,3,2,1,3
580.0,60.0,3,2,1,1
350.0,50.0,2,2,1,1
300.0,50.0,2,2,1,1
500.0,35.0,1,2,1,1
576.0,80.0,2,1,0,0
1120.0,44.0,1,2,1,1
1500.0,145.0,3,2,1,2
1080.0,107.0,3,2,1,1
434.0,60.0,2,2,1,1
700.0,75.0,3,2,1,1
1018.0,140.0,2,3,1,1
1301.0,145.0,2,2,1,3
0.0,60.0,2,2,1,1
670.0,56.0,2,1,0,1
390.0,51.0,2,2,1,1
1100.0,118.0,3,4,3,2
1600.0,140.0,3,3,2,3
750.0,80.0,3,2,1,2
1800.0,210.0,4,5,4,3
250.0,40.0,2,2,1,1
368.0,78.0,3,2,1,1
1837.0,142.0,3,2,1,2
740.0,70.0,2,1,0,1
570.0,60.0,2,2,1,1
280.0,36.0,1,2,1,1
741.0,59.0,2,2,1,1
330.0,55.0,2,2,1,1
1200.0,80.0,2,1,0,1
1850.0,168.0,4,2,1,2
2100.0,102.0,2,3,2,2
680.0,85.0,3,2,1,1
1500.0,38.0,1,2,1,1
0.0,74.0,2,2,1,1
2100.0,180.0,3,4,3,3
1216.0,180.0,3,2,1,2
1105.0,100.0,3,2,1,3
894.0,127.0,3,2,1,2
1780.0,76.0,1,2,1,2
400.0,65.0,2,1,0,1
610.0,72.0,2,1,0,1
330.0,48.0,2,1,0,0
760.0,76.0,3,2,1,1
1588.0,138.0,3,2,1,1
590.0,52.0,2,2,1,1
1400.0,110.0,2,3,2,1
350.0,47.0,2,2,1,1
465.0,65.0,2,2,1,1
870.0,75.0,2,1,0,1
900.0,97.0,2,2,1,2
500.0,30.0,1,2,1,1
1287.0,106.0,3,2,1,2
530.0,58.0,2,1,0,1
1900.0,289.0,5,5,4,4
2280.0,574.0,4,1,4,5
579.0,69.0,2,2,1,2
0.0,65.0,3,2,1,1
0.0,90.0,2,1,0,1
804.0,68.0,3,1,0,1
398.0,50.0,2,1,0,1
756.0,56.0,1,2,1,1
0.0,68.0,1,2,1,1
240.0,75.0,2,1,0,0
950.0,140.0,3,2,1,2
306.0,43.0,2,2,1,1
504.0,90.0,3,2,1,0
420.0,53.0,2,2,1,1
840.0,110.0,3,2,1,1
1500.0,90.0,2,2,1,1
5636.0,327.0,4,3,2,3
3250.0,190.0,4,5,3,3
570.0,70.0,2,2,1,1
341.0,56.0,1,1,0,0
860.0,57.0,2,1,0,2
467.0,60.0,2,2,1,1
0.0,44.0,1,1,0,0
618.0,94.0,3,3,1,2
1600.0,138.0,3,5,3,2
450.0,67.0,2,2,1,1
830.0,70.0,3,2,1,3
172.0,45.0,2,2,1,1
200.0,45.0,1,1,0,0
683.0,74.0,3,2,1,2
810.0,74.0,2,1,0,1
2100.0,220.0,4,2,1,2
299.0,30.0,1,1,0,0
318.0,43.0,1,2,1,1
650.0,40.0,1,2,1,1
140.0,60.0,1,2,1,1
358.0,56.0,2,2,1,1
376.0,54.0,2,2,1,1
420.0,35.0,1,1,0,1
110.0,56.0,2,2,1,1
510.0,64.0,2,2,1,1
522.0,70.0,3,2,1,1
535.0,82.0,2,1,0,2
400.0,71.0,2,2,1,1
2700.0,193.0,3,4,3,5
350.0,40.0,1,2,1,1
316.0,50.0,2,1,0,1
100.0,80.0,2,1,0,0
700.0,74.0,2,1,2,1
1150.0,110.0,3,2,1,2
250.0,40.0,1,1,0,1
267.0,67.0,2,1,0,1
430.0,48.0,2,2,1,1
80.0,30.0,1,2,1,1
321.0,73.0,2,1,0,1
498.0,48.0,2,2,1,1
940.0,83.0,3,2,1,1
599.0,76.0,3,2,1,2
3700.0,250.0,4,2,4,4
600.0,40.0,1,2,1,1
447.0,50.0,1,1,0,0
600.0,42.0,1,2,1,2
690.0,60.0,3,3,1,2
0.0,33.0,1,2,1,1
580.0,60.0,2,2,1,1
0.0,45.0,2,2,1,1
1800.0,250.0,4,5,4,4
402.0,66.0,3,1,0,1
1244.0,164.0,3,4,3,3
1016.0,66.0,2,2,1,2
520.0,50.0,2,1,0,1
862.0,42.0,1,1,0,2
800.0,98.0,3,2,1,1
462.0,60.0,2,2,1,2
0.0,56.0,2,1,0,1
470.0,45.0,1,2,1,1
360.0,52.0,2,1,0,1
550.0,79.0,3,2,1,2
555.0,70.0,3,2,1,1
822.0,70.0,2,2,1,2
450.0,81.0,3,2,1,1
250.0,45.0,2,2,1,1
500.0,60.0,1,2,1,2
430.0,52.0,2,1,0,2
700.0,70.0,1,1,0,0
110.0,250.0,4,2,3,2
350.0,61.0,3,2,1,1
942.0,145.0,4,4,2,3
228.0,32.0,1,2,1,0
900.0,96.0,1,2,1,2
650.0,65.0,2,2,1,2
600.0,62.0,2,2,1,1
1800.0,131.0,3,2,1,2
118.0,58.0,2,1,0,1
400.0,55.0,2,2,1,1
450.0,62.0,1,2,1,1
320.0,56.0,3,2,1,1
0.0,120.0,3,2,1,2
668.0,55.0,1,2,1,1
540.0,40.0,1,2,1,1
400.0,47.0,2,1,0,1
340.0,50.0,2,2,1,1
3500.0,243.0,4,5,4,3
2400.0,276.0,4,3,2,4
800.0,61.0,2,2,1,2
2300.0,200.0,3,5,2,4
525.0,50.0,2,1,0,1
650.0,63.0,2,2,1,2
600.0,75.0,3,2,1,1
1007.0,130.0,3,4,1,2
587.0,56.0,2,2,1,1
3300.0,180.0,3,2,1,2
950.0,96.0,3,2,1,2
340.0,45.0,2,2,1,1
1200.0,127.0,3,4,3,2
800.0,110.0,3,3,2,2
800.0,84.0,3,2,1,1
1250.0,160.0,4,3,2,2
442.0,55.0,2,1,0,1
3000.0,230.0,3,4,3,5
250.0,57.0,2,1,0,1
448.0,50.0,2,2,1,1
750.0,62.0,2,2,1,1
1300.0,64.0,1,2,1,1
970.0,70.0,2,2,0,2
1500.0,160.0,3,4,3,3
890.0,47.0,1,1,0,1
1800.0,160.0,4,3,1,2
350.0,82.0,3,2,1,1
260.0,62.0,2,1,0,0
1885.0,222.0,3,4,3,4
720.0,70.0,3,2,1,1
685.0,40.0,1,2,1,1
466.0,103.0,2,2,1,1
300.0,60.0,2,2,1,1
431.0,89.0,2,2,1,1
598.0,50.0,2,1,0,1
540.0,76.0,3,2,1,2
850.0,115.0,2,4,1,2
585.0,48.0,2,2,1,1
950.0,70.0,2,2,1,2
574.0,79.0,2,2,1,2
200.0,53.0,2,2,1,0
1756.0,150.0,4,3,1,1
230.0,50.0,2,2,1,1
700.0,85.0,3,2,1,1
610.0,51.0,1,1,0,1
490.0,65.0,2,2,1,1
1587.0,248.0,4,3,2,4
1200.0,110.0,3,2,1,2
442.0,67.0,2,2,1,1
500.0,48.0,1,2,1,1
0.0,60.0,1,2,1,2
570.0,70.0,3,2,1,1
1200.0,100.0,3,3,2,2
805.0,92.0,3,2,1,1
0.0,56.0,2,2,1,1
1650.0,109.0,2,4,2,2
169.0,30.0,1,1,0,0
850.0,67.0,2,2,1,1
1150.0,120.0,3,2,1,2
246.0,56.0,2,2,1,1
1411.0,148.0,5,4,3,3
580.0,69.0,3,2,1,1
1700.0,150.0,4,2,0,1
1100.0,37.0,1,2,1,1
300.0,50.0,2,2,1,1
1566.0,170.0,3,2,1,1
1131.0,100.0,2,1,0,1
440.0,60.0,2,1,0,1
450.0,48.0,2,2,1,1
1475.0,102.0,3,3,1,2
450.0,69.0,3,2,1,1
1325.0,157.0,3,2,1,1
430.0,47.0,2,1,0,1
1470.0,140.0,3,2,1,3
369.0,74.0,3,2,1,1
285.0,74.0,3,2,1,1
270.0,47.0,2,2,1,1
1880.0,160.0,3,3,2,3
639.0,72.0,2,2,1,1
680.0,70.0,3,2,1,1
300.0,48.0,2,2,1,1
1100.0,45.0,1,1,0,1
729.0,68.0,2,2,1,2
450.0,63.0,2,2,1,1
1800.0,125.0,4,3,1,1
1020.0,120.0,3,3,2,2
250.0,50.0,2,1,0,1
500.0,70.0,2,2,1,1
310.0,34.0,1,2,1,1
474.0,48.0,1,2,1,1
648.0,130.0,3,2,1,0
400.0,64.0,2,2,1,1
2408.0,243.0,4,5,4,4
0.0,55.0,2,2,1,1
500.0,45.0,1,2,1,1
400.0,50.0,1,1,0,0
200.0,47.0,2,1,0,1
1030.0,60.0,3,2,1,2
400.0,71.0,3,2,1,1
617.0,36.0,1,2,1,1
1200.0,127.0,3,2,1,2
1500.0,145.0,3,5,3,2
370.0,50.0,2,1,0,1
1550.0,125.0,4,2,1,2
790.0,100.0,2,2,1,2
530.0,56.0,1,1,0,1
861.0,58.0,2,2,1,1
3260.0,311.0,4,5,4,4
0.0,50.0,2,2,1,1
1300.0,185.0,3,4,3,2
750.0,65.0,2,2,1,2
656.0,72.0,3,2,1,1
1500.0,163.0,3,2,1,2
400.0,55.0,2,1,0,1
530.0,72.0,2,2,1,2
560.0,55.0,2,1,0,2
750.0,80.0,3,2,1,1
764.0,70.0,3,1,0,2
840.0,94.0,3,2,1,3
400.0,56.0,2,2,1,1
850.0,72.0,3,2,1,2
759.0,84.0,3,2,1,1
750.0,75.0,3,2,1,2
2100.0,172.0,3,4,3,3
1700.0,142.0,3,4,2,2
150.0,56.0,2,1,0,1
600.0,49.0,2,2,1,1
650.0,70.0,2,1,0,0
545.0,44.0,1,1,0,1
295.0,60.0,2,1,0,1
953.0,40.0,1,2,1,1
770.0,53.0,2,1,0,1
810.0,107.0,3,2,1,2
0.0,70.0,2,2,1,1
3502.0,225.0,3,4,3,4
615.0,74.0,3,2,1,1
600.0,78.0,2,2,1,2
530.0,53.0,2,2,1,1
4000.0,245.0,4,5,4,3
0.0,54.0,2,1,0,0
200.0,77.0,2,2,1,1
580.0,70.0,1,2,1,1
902.0,107.0,2,2,1,1
600.0,60.0,2,2,1,1
486.0,70.0,2,1,0,1
580.0,58.0,2,1,0,1
4500.0,246.0,3,4,3,3
650.0,50.0,1,1,0,1
800.0,60.0,2,2,1,2
424.0,58.0,2,2,1,1
664.0,60.0,2,2,1,1
1750.0,135.0,2,4,1,2
3300.0,390.0,4,4,3,4
1293.0,162.0,3,4,3,2
1750.0,193.0,4,4,3,4
0.0,57.0,1,2,1,1
1820.0,45.0,1,2,1,1
374.0,55.0,2,1,0,1
800.0,90.0,2,2,1,2
1286.0,107.0,3,1,0,1
520.0,50.0,2,1,0,0
680.0,65.0,2,2,1,1
3800.0,190.0,3,4,3,3
2833.0,184.0,3,4,3,4
694.0,85.0,2,2,1,2
1400.0,165.0,2,3,2,2
550.0,65.0,2,1,0,1
0.0,74.0,3,2,1,1
740.0,64.0,2,2,1,1
2500.0,211.0,3,3,2,3
1200.0,65.0,1,2,1,1
770.0,78.0,3,3,2,2
1100.0,130.0,3,3,1,2
0.0,57.0,2,2,1,1
1338.0,156.0,2,2,1,1
631.0,66.0,2,2,1,1
0.0,47.0,2,2,1,1
350.0,54.0,2,1,0,1
1200.0,123.0,3,3,1,2
460.0,46.0,2,2,1,1
1550.0,161.0,4,4,3,3
675.0,76.0,3,2,1,2
370.0,60.0,2,1,0,1
0.0,49.0,2,2,1,1
2190.0,208.0,3,5,3,3
1300.0,120.0,3,3,1,2
230.0,50.0,2,2,1,1
670.0,33.0,1,2,1,1
0.0,56.0,1,2,1,1
1800.0,207.0,3,2,1,3
611.0,92.0,3,2,1,1
555.0,70.0,3,2,1,1
790.0,76.0,2,1,0,1
640.0,76.0,3,1,0,1
800.0,90.0,3,2,1,2
520.0,42.0,1,2,1,1
630.0,34.0,1,1,0,1
580.0,59.0,2,1,0,1
453.0,45.0,1,1,0,1
100.0,44.0,2,2,1,1
180.0,65.0,2,1,0,1
728.0,53.0,2,1,0,1
446.0,65.0,3,2,1,1
0.0,89.0,3,2,1,1
600.0,52.0,2,2,1,1
3283.0,218.0,3,4,3,4
1270.0,131.0,4,2,1,2
570.0,55.0,2,1,0,1
640.0,73.0,3,2,1,2
250.0,57.0,2,2,1,1
333.0,50.0,2,1,0,1
498.0,47.0,1,1,0,1
0.0,55.0,2,2,1,1
895.0,60.0,2,2,1,2
550.0,95.0,3,3,2,2
483.0,60.0,2,2,1,1
750.0,60.0,2,2,1,1
0.0,61.0,2,2,1,2
2200.0,227.0,3,2,1,2
450.0,65.0,2,1,0,0
2600.0,261.0,3,4,3,4
0.0,90.0,2,2,1,1
0.0,120.0,3,1,0,1
600.0,79.0,3,3,1,2
1050.0,110.0,2,2,1,2
350.0,53.0,2,2,1,1
1344.0,70.0,2,2,1,2
1400.0,45.0,1,2,1,1
1.0,40.0,1,2,1,1
611.0,37.0,1,1,0,1
230.0,48.0,2,2,1,1
1900.0,220.0,3,4,3,3
1100.0,89.0,2,1,0,1
350.0,70.0,3,2,1,1
640.0,74.0,3,2,1,1
610.0,96.0,3,2,1,1
1080.0,131.0,3,3,1,1
1200.0,74.0,1,1,0,2
2300.0,165.0,4,4,3,3
325.0,46.0,2,2,1,1
125.0,110.0,2,2,1,1
656.0,70.0,2,1,0,0
2000.0,178.0,3,5,3,3
570.0,40.0,1,1,0,1
320.0,62.0,2,2,1,1
445.0,62.0,3,2,1,1
450.0,50.0,2,2,1,1
200.0,45.0,1,2,1,1
400.0,47.0,2,2,1,1
350.0,49.0,2,2,1,1
4000.0,250.0,3,4,3,3
540.0,55.0,2,2,1,1
580.0,50.0,2,2,1,1
416.0,45.0,2,2,1,1
850.0,103.0,3,4,3,2
240.0,42.0,2,2,1,1
250.0,44.0,2,2,1,1
1190.0,83.0,3,2,1,2
530.0,70.0,2,1,0,0
1000.0,103.0,2,1,0,1
560.0,60.0,3,2,1,1
615.0,67.0,2,2,1,1
592.0,50.0,2,2,1,1
600.0,52.0,2,2,1,1
4300.0,180.0,3,4,3,3
0.0,35.0,1,2,1,1
641.0,75.0,3,2,0,1
0.0,130.0,3,2,1,1
450.0,57.0,2,2,1,1
1458.0,225.0,3,4,1,3
1400.0,57.0,3,2,1,1
482.0,82.0,3,2,1,1
160.0,38.0,2,2,1,1
273.0,31.0,1,1,0,1
0.0,56.0,2,2,1,1
1000.0,142.0,3,5,3,2
360.0,65.0,2,2,1,1
454.0,98.0,3,2,1,1
750.0,70.0,3,2,1,1
340.0,50.0,2,2,1,1
329.0,45.0,2,1,0,1
662.0,59.0,2,2,1,1
800.0,68.0,3,2,1,2
725.0,97.0,3,2,1,2
660.0,88.0,3,3,1,2
500.0,60.0,2,3,1,1
850.0,72.0,2,1,0,1
0.0,101.0,3,2,1,1
490.0,60.0,2,2,1,1
590.0,72.0,2,2,1,2
700.0,67.0,3,2,1,2
452.0,65.0,2,2,1,1
0.0,89.0,2,2,1,1
750.0,100.0,3,2,1,2
4180.0,83.0,2,3,2,2
733.0,70.0,2,1,0,0
600.0,74.0,3,2,1,2
4000.0,280.0,4,4,3,5
1200.0,134.0,3,4,3,2
666.0,85.0,2,1,0,1
1459.0,168.0,3,2,1,1
2109.0,160.0,3,2,1,2
1044.0,42.0,1,2,1,2
480.0,45.0,2,2,1,1
1320.0,110.0,3,2,1,2
460.0,62.0,2,2,1,1
570.0,54.0,2,2,1,2
150.0,48.0,2,1,0,1
2325.0,210.0,3,5,3,3
670.0,55.0,1,1,0,1
860.0,72.0,2,4,3,2
510.0,55.0,2,2,1,1
1150.0,110.0,4,2,1,2
310.0,46.0,2,1,0,1
1900.0,151.0,3,4,3,3
495.0,63.0,2,2,1,2
380.0,52.0,2,2,1,1
910.0,56.0,2,1,0,1
430.0,56.0,2,2,1,1
1300.0,112.0,3,4,1,2
449.0,48.0,2,2,1,1
1370.0,77.0,3,2,1,2
440.0,70.0,3,2,1,1
440.0,90.0,3,2,1,1
0.0,50.0,2,2,1,1
450.0,63.0,2,1,0,1
550.0,50.0,2,2,1,1
486.0,41.0,1,1,0,1
3500.0,280.0,4,6,4,4
413.0,60.0,3,1,0,1
900.0,70.0,3,2,1,1
780.0,62.0,2,2,1,2
580.0,62.0,2,2,1,1
386.0,53.0,2,1,0,2
650.0,52.0,2,2,1,1
251.0,45.0,2,2,1,1
554.0,52.0,2,1,0,1
3580.0,220.0,4,3,2,3
350.0,49.0,2,2,1,1
593.0,71.0,2,2,1,1
380.0,47.0,2,2,1,1
800.0,50.0,1,1,0,1
1700.0,165.0,3,6,3,2
0.0,44.0,1,2,1,1
307.0,80.0,2,1,0,0
1800.0,210.0,4,6,4,3
470.0,55.0,2,1,0,1
2276.0,167.0,3,2,1,3
929.0,52.0,1,2,1,1
736.0,80.0,2,2,1,1
600.0,62.0,2,2,1,1
600.0,60.0,2,1,0,1
0.0,74.0,2,1,0,1
1655.0,138.0,3,4,3,3
587.0,70.0,3,2,1,1
0.0,56.0,3,2,1,1
390.0,40.0,1,2,1,1
978.0,99.0,2,2,1,1
2202.0,191.0,3,3,1,1
765.0,56.0,2,1,0,2
315.0,48.0,2,1,0,1
900.0,65.0,1,2,1,1
3200.0,228.0,4,3,2,4
485.0,62.0,2,1,0,1
280.0,35.0,1,1,0,1
439.0,41.0,1,2,1,1
527.0,60.0,2,1,0,1
400.0,56.0,2,2,1,1
0.0,49.0,2,1,0,1
710.0,113.0,4,2,1,2
609.0,55.0,3,2,1,1
776.0,65.0,2,1,0,1
1050.0,86.0,2,1,0,1
2110.0,170.0,3,2,1,2
1500.0,200.0,3,2,1,1
0.0,60.0,2,2,1,1
465.0,48.0,2,2,1,1
600.0,76.0,3,2,1,2
0.0,72.0,3,2,1,1
800.0,68.0,3,2,1,2
900.0,72.0,2,1,0,1
1000.0,69.0,2,2,1,2
440.0,65.0,2,2,1,1
1000.0,141.0,3,4,3,2
699.0,45.0,1,1,0,1
1370.0,165.0,4,5,2,2
1600.0,172.0,4,3,2,3
0.0,150.0,3,2,1,1
640.0,75.0,2,2,1,1
1550.0,98.0,3,2,1,3
400.0,57.0,2,2,1,1
860.0,70.0,2,1,0,1
1400.0,115.0,3,2,1,2
732.0,111.0,3,2,1,1
570.0,60.0,3,2,1,1
900.0,78.0,2,2,1,2
450.0,48.0,2,1,0,1
395.0,80.0,2,1,0,1
2243.0,165.0,3,4,3,3
1.0,42.0,1,1,0,2
1846.0,148.0,3,4,3,3
405.0,55.0,1,2,1,1
3800.0,380.0,3,2,1,2
110.0,45.0,2,2,1,1
600.0,62.0,2,1,0,1
690.0,60.0,1,2,1,1
590.0,56.0,2,2,1,1
4200.0,200.0,3,2,1,2
0.0,90.0,2,1,0,0
1350.0,140.0,3,4,3,2
500.0,62.0,2,2,1,1
738.0,78.0,3,1,0,1
490.0,35.0,1,1,0,1
950.0,90.0,3,2,1,3
850.0,80.0,2,1,0,1
700.0,48.0,1,1,0,1
450.0,48.0,2,1,0,2
386.0,50.0,1,2,1,1
340.0,50.0,2,1,0,1
1120.0,154.0,3,2,1,3
580.0,55.0,3,1,0,1
940.0,80.0,2,2,1,1
1230.0,84.0,2,3,2,2
550.0,38.0,1,2,1,1
1160.0,85.0,3,2,1,2
750.0,96.0,3,2,1,1
1200.0,60.0,2,2,1,1
540.0,70.0,3,2,1,1
300.0,30.0,1,2,1,1
520.0,69.0,1,1,0,0
505.0,42.0,1,2,1,1
3100.0,250.0,4,5,4,4
300.0,70.0,2,1,0,0
970.0,70.0,2,2,1,2
359.0,63.0,1,2,1,1
650.0,103.0,3,2,1,2
2300.0,204.0,3,4,3,3
0.0,48.0,2,2,1,1
1342.0,90.0,3,2,1,1
396.0,38.0,1,2,1,1
1183.0,102.0,3,3,1,1
550.0,60.0,2,1,0,2
1451.0,200.0,4,4,3,2
260.0,33.0,1,1,0,1
650.0,85.0,3,2,1,2
2100.0,177.0,4,3,2,3
410.0,57.0,2,2,1,1
1300.0,111.0,3,4,2,2
300.0,42.0,2,2,1,1
840.0,62.0,2,3,2,1
604.0,38.0,1,1,0,1
520.0,39.0,1,2,1,1
732.0,74.0,3,2,1,1
200.0,55.0,2,2,1,1
395.0,65.0,2,2,1,1
371.0,50.0,2,1,0,1
420.0,50.0,2,1,0,1
310.0,57.0,2,2,1,1
0.0,110.0,2,1,0,1
477.0,44.0,1,1,0,1
550.0,45.0,1,2,1,1
500.0,69.0,3,2,1,1
914.0,101.0,3,3,1,2
450.0,70.0,3,2,1,1
688.0,100.0,2,2,1,1
900.0,84.0,1,2,1,1
384.0,50.0,2,1,0,1
2196.0,240.0,3,4,3,3
680.0,80.0,3,2,1,2
1150.0,103.0,3,3,1,2
0.0,265.0,4,2,1,1
5096.0,420.0,4,3,2,3
1250.0,157.0,3,4,3,5
320.0,56.0,1,1,0,1
522.0,50.0,1,2,1,1
907.0,114.0,4,3,2,2
1300.0,178.0,3,4,3,3
890.0,93.0,3,2,1,2
1275.0,150.0,3,2,1,2
340.0,33.0,1,1,0,0
0.0,69.0,3,2,1,2
660.0,63.0,2,2,1,1
3184.0,112.0,2,3,1,1
450.0,65.0,1,1,0,0
800.0,68.0,3,2,1,2
160.0,42.0,2,2,1,1
593.0,55.0,2,1,0,1
439.0,41.0,1,1,0,0
1460.0,62.0,1,2,1,2
498.0,50.0,2,1,0,1
1500.0,185.0,4,3,2,3
360.0,55.0,2,1,0,1
595.0,42.0,1,2,1,2
750.0,65.0,2,2,1,1
748.0,51.0,1,2,1,2
650.0,56.0,2,1,0,1
320.0,68.0,3,2,1,1
10.0,90.0,2,2,1,1
515.0,38.0,1,2,1,1
1700.0,155.0,3,4,2,3
820.0,76.0,2,2,1,1
2716.0,186.0,3,2,1,2
2100.0,135.0,3,4,1,2
325.0,45.0,2,2,1,1
0.0,150.0,4,5,2,3
3700.0,200.0,3,3,2,3
533.0,75.0,3,2,1,1
424.0,62.0,3,2,1,1
1300.0,186.0,3,4,3,3
892.0,69.0,3,2,1,1
604.0,83.0,2,1,0,0
580.0,54.0,2,1,0,1
577.0,55.0,2,2,1,1
600.0,61.0,3,2,1,1
0.0,40.0,2,2,1,1
1105.0,66.0,1,2,1,1
600.0,65.0,2,2,1,1
1750.0,150.0,1,3,1,2
695.0,59.0,2,1,0,1
477.0,44.0,1,1,0,1
530.0,62.0,3,2,1,1
2250.0,78.0,2,2,1,2
640.0,65.0,3,2,1,1
415.0,55.0,2,2,1,1
430.0,65.0,3,1,0,2
592.0,60.0,1,1,0,1
505.0,58.0,1,2,1,2
1650.0,140.0,3,4,3,3
550.0,50.0,2,1,0,1
1150.0,103.0,3,3,1,2
440.0,65.0,2,2,1,1
0.0,50.0,2,2,1,1
425.0,35.0,1,2,1,1
0.0,100.0,2,2,1,1
160.0,50.0,2,2,1,1
700.0,73.0,3,2,1,1
450.0,57.0,2,2,1,1
500.0,51.0,2,2,1,1
386.0,42.0,1,1,0,1
1500.0,163.0,3,3,1,2
1050.0,89.0,3,2,1,2
1800.0,170.0,4,2,1,2
800.0,45.0,1,2,1,1
0.0,38.0,1,2,1,1
1150.0,86.0,2,3,2,2
513.0,57.0,2,2,1,1
1050.0,96.0,2,3,2,2
450.0,53.0,2,2,1,1
690.0,50.0,2,1,0,1
320.0,52.0,2,2,1,1
500.0,64.0,3,1,0,2
294.0,42.0,1,2,1,1
800.0,83.0,3,2,1,2
495.0,60.0,1,2,1,2
653.0,59.0,2,2,1,1
457.0,81.0,2,2,1,1
5040.0,852.0,7,6,5,6
1213.0,124.0,3,1,0,1
230.0,50.0,2,1,0,1
402.0,55.0,2,2,1,1
0.0,56.0,2,2,1,1
3800.0,232.0,3,4,3,3
3159.0,234.0,3,3,1,3
300.0,50.0,2,1,0,1
470.0,50.0,2,1,0,1
300.0,35.0,1,1,0,0
700.0,78.0,3,2,1,2
1100.0,130.0,3,2,1,2
630.0,75.0,3,2,1,1
691.0,40.0,1,2,1,1
900.0,143.0,3,4,3,2
300.0,50.0,2,2,1,1
1000.0,123.0,2,2,1,3
2000.0,128.0,2,2,1,3
650.0,34.0,1,2,1,1
1200.0,114.0,2,2,1,1
472.0,58.0,2,2,1,1
370.0,54.0,2,2,1,1
950.0,95.0,3,1,0,1
0.0,78.0,3,2,1,1
100.0,100.0,2,1,0,0
500.0,55.0,2,2,1,1
180.0,48.0,2,2,1,1
540.0,76.0,3,2,1,2
0.0,31.0,1,2,1,1
450.0,51.0,2,2,1,1
639.0,72.0,3,2,1,1
892.0,35.0,1,2,1,1
850.0,100.0,3,1,0,1
911.0,65.0,2,2,1,2
600.0,60.0,2,2,1,1
436.0,65.0,2,1,0,1
450.0,54.0,2,1,0,1
0.0,40.0,1,2,1,1
635.0,58.0,2,2,1,1
736.0,69.0,3,1,0,1
2800.0,250.0,4,6,4,4
744.0,65.0,2,1,0,1
960.0,90.0,3,2,1,1
1900.0,234.0,3,4,3,4
440.0,90.0,3,2,1,1
690.0,75.0,3,2,1,1
1144.0,140.0,3,2,1,1
500.0,69.0,2,2,1,1
750.0,70.0,2,2,1,1
1510.0,145.0,4,3,2,2
367.0,56.0,1,1,0,0
1600.0,154.0,3,1,0,1
268.0,45.0,2,1,0,1
1.0,49.0,2,2,1,1
1224.0,112.0,2,1,0,1
456.0,49.0,1,2,1,1
373.0,35.0,1,1,0,1
389.0,42.0,1,2,1,1
773.0,105.0,2,1,0,1
540.0,50.0,1,1,0,0
0.0,68.0,2,2,1,1
0.0,220.0,4,1,2,3
1920.0,222.0,4,4,3,4
650.0,82.0,2,3,2,2
370.0,50.0,2,1,0,1
600.0,79.0,2,2,1,1
0.0,62.0,2,1,0,1
120.0,50.0,2,2,1,1
540.0,64.0,3,1,0,1
660.0,85.0,3,2,1,2
3160.0,259.0,2,3,2,3
540.0,60.0,3,1,0,1
1007.0,93.0,3,2,1,2
1590.0,136.0,3,4,3,2
600.0,35.0,1,1,0,0
340.0,72.0,3,2,1,1
568.0,65.0,2,2,1,1
368.0,69.0,2,2,1,1
2900.0,289.0,4,5,4,4
560.0,55.0,2,1,0,1
1750.0,190.0,3,5,3,3
263.0,50.0,1,2,1,1
281.0,43.0,2,1,0,1
989.0,203.0,3,2,1,2
1453.0,180.0,4,2,1,3
100.0,38.0,2,1,0,1
1400.0,110.0,3,2,1,1
900.0,127.0,3,2,1,2
1100.0,164.0,3,5,3,3
550.0,62.0,2,2,1,1
760.0,68.0,3,2,1,2
0.0,55.0,2,1,0,1
805.0,101.0,3,2,1,2
420.0,51.0,2,1,0,1
642.0,82.0,2,2,1,1
1287.0,161.0,3,2,1,3
450.0,65.0,2,2,1,2
0.0,56.0,2,2,1,1
540.0,65.0,3,2,1,2
732.0,58.0,2,2,1,2
1250.0,70.0,2,2,1,1
0.0,60.0,2,2,1,1
1858.0,133.0,3,2,1,3
480.0,44.0,1,2,1,1
640.0,74.0,3,2,1,1
690.0,70.0,3,2,1,2
2100.0,134.0,3,3,1,1
0.0,51.0,1,1,0,0
700.0,120.0,3,2,1,2
0.0,84.0,3,2,1,2
1250.0,173.0,2,1,0,1
600.0,69.0,3,2,1,1
1066.0,110.0,3,2,1,2
0.0,50.0,2,1,0,1
472.0,63.0,2,2,1,1
1316.0,160.0,3,3,2,2
120.0,70.0,2,2,1,1
275.0,44.0,1,1,0,1
1490.0,140.0,3,4,3,3
800.0,48.0,1,2,1,1
1600.0,180.0,3,2,1,2
746.0,60.0,2,2,1,1
0.0,102.0,3,2,1,2
3000.0,220.0,3,4,3,4
0.0,72.0,4,2,1,1
910.0,60.0,2,2,1,1
160.0,40.0,1,2,1,1
270.0,44.0,1,1,0,1
1404.0,140.0,3,3,1,2
1200.0,103.0,2,1,0,1
610.0,65.0,2,2,1,2
1590.0,136.0,3,4,3,2
400.0,48.0,2,1,0,1
1000.0,88.0,1,2,1,2
0.0,39.0,2,2,1,1
417.0,65.0,2,1,0,1
0.0,56.0,2,1,0,1
377.0,38.0,1,1,0,0
201.0,35.0,1,1,0,1
350.0,50.0,2,2,1,1
555.0,70.0,3,2,1,1
75.0,45.0,1,1,0,0
3000.0,215.0,3,5,3,4
0.0,110.0,3,4,3,3
2741.0,250.0,4,4,1,2
340.0,55.0,2,2,1,1
692.0,78.0,2,2,1,2
1411.0,55.0,1,2,1,2
1000.0,35.0,1,2,1,1
835.0,98.0,3,2,1,1
870.0,75.0,2,2,0,1
1700.0,180.0,3,4,1,3
574.0,79.0,2,2,1,2
400.0,37.0,1,2,1,1
300.0,45.0,1,2,1,1
760.0,65.0,3,2,1,1
2500.0,190.0,3,5,3,3
230.0,50.0,2,1,0,0
465.0,55.0,2,2,1,1
872.0,105.0,3,2,1,2
580.0,53.0,2,1,0,1
1518.0,130.0,3,5,1,1
1800.0,124.0,3,3,2,2
1200.0,122.0,3,2,1,3
1502.0,120.0,3,1,0,2
450.0,112.0,2,2,1,1
1500.0,99.0,3,2,1,3
1350.0,178.0,4,4,3,3
0.0,469.0,4,5,4,4
1800.0,127.0,3,3,2,3
300.0,48.0,2,1,0,1
1350.0,90.0,3,2,1,1
100.0,60.0,1,1,0,1
269.0,51.0,2,2,1,1
0.0,56.0,2,1,0,1
403.0,80.0,2,2,1,1
170.0,85.0,2,2,1,1
812.0,70.0,2,2,1,2
362.0,50.0,2,1,0,1
365.0,65.0,2,2,1,1
1200.0,159.0,3,4,3,2
450.0,63.0,3,2,1,1
716.0,84.0,2,2,1,2
150.0,48.0,2,2,1,1
800.0,91.0,3,1,2,2
290.0,58.0,2,2,1,1
1100.0,120.0,3,4,1,2
750.0,92.0,3,2,0,1
900.0,87.0,3,2,0,1
780.0,140.0,3,1,0,1
1093.0,62.0,1,1,0,1
500.0,50.0,1,1,0,1
279.0,56.0,2,2,1,1
510.0,64.0,2,2,1,1
719.0,69.0,2,1,0,1
2090.0,280.0,2,3,2,2
950.0,122.0,3,3,1,1
399.0,76.0,3,2,1,1
555.0,60.0,2,1,0,2
1222.0,112.0,3,4,2,2
100.0,58.0,2,2,1,1
630.0,70.0,3,2,1,2
650.0,50.0,1,1,0,0
700.0,74.0,3,2,1,2
2000.0,204.0,4,5,3,3
895.0,71.0,2,2,1,2
670.0,35.0,1,2,1,1
700.0,43.0,1,1,0,1
0.0,50.0,2,2,1,1
500.0,51.0,1,1,0,1
390.0,50.0,2,2,1,1
0.0,53.0,2,1,0,1
586.0,56.0,1,1,0,1
560.0,62.0,2,2,1,1
750.0,80.0,3,2,1,2
2200.0,180.0,3,4,3,4
452.0,65.0,2,2,1,1
453.0,63.0,3,2,1,1
1500.0,160.0,4,2,1,2
590.0,70.0,3,2,1,1
0.0,120.0,3,1,0,1
1240.0,120.0,3,2,1,1
1203.0,37.0,1,2,1,1
600.0,80.0,3,2,1,2
370.0,55.0,2,2,1,1
415.0,50.0,2,1,0,1
370.0,58.0,3,1,0,1
950.0,86.0,3,3,1,1
235.0,65.0,3,2,1,1
1080.0,160.0,3,2,1,1
572.0,60.0,1,1,0,1
490.0,57.0,2,1,0,1
621.0,36.0,1,2,1,1
2000.0,246.0,2,3,2,1
542.0,65.0,3,2,1,1
2580.0,330.0,4,5,4,4
372.0,51.0,1,1,0,1
700.0,68.0,3,2,1,2
590.0,70.0,3,2,1,1
0.0,80.0,3,2,1,2
420.0,50.0,2,2,1,1
1350.0,133.0,3,4,1,2
8000.0,452.0,4,5,4,6
2688.0,380.0,5,3,2,5
3300.0,200.0,3,4,3,3
556.0,62.0,3,2,1,1
1100.0,100.0,3,2,1,3
750.0,50.0,1,2,1,1
0.0,40.0,1,2,1,1
0.0,82.0,3,1,0,2
835.0,74.0,2,3,1,2
100.0,48.0,2,2,1,1
0.0,50.0,1,1,0,1
0.0,43.0,2,1,0,1
799.0,70.0,2,1,0,1
750.0,60.0,2,1,0,1
546.0,96.0,3,2,1,1
371.0,50.0,2,1,0,1
1000.0,89.0,3,2,1,1
1100.0,93.0,2,3,1,2
950.0,87.0,2,3,1,2
436.0,67.0,3,2,1,1
800.0,62.0,1,1,0,1
804.0,45.0,1,1,0,1
0.0,72.0,3,2,1,1
1200.0,110.0,2,3,2,2
1900.0,115.0,3,2,1,2
0.0,130.0,3,3,1,1
530.0,59.0,3,2,1,1
0.0,65.0,3,2,1,1
506.0,60.0,2,2,1,1
1093.0,100.0,3,1,0,1
453.0,42.0,1,1,0,1
1125.0,115.0,3,3,1,2
500.0,69.0,3,2,1,1
2900.0,170.0,3,2,1,1
530.0,66.0,3,2,1,1
0.0,54.0,2,2,1,1
0.0,90.0,3,2,1,2
230.0,61.0,2,2,1,1
330.0,60.0,2,2,1,1
763.0,56.0,2,1,0,1
1300.0,86.0,3,2,1,1
1500.0,110.0,3,2,1,1
1030.0,126.0,3,4,3,2
600.0,120.0,2,1,0,1
600.0,64.0,2,2,1,1
432.0,50.0,1,1,0,1
808.0,45.0,1,2,1,1
390.0,45.0,1,1,0,0
510.0,60.0,2,2,1,2
1271.0,151.0,3,4,3,3
300.0,48.0,2,1,0,1
3500.0,370.0,4,6,4,5
1400.0,120.0,2,3,1,2
480.0,50.0,2,1,0,1
400.0,60.0,2,1,0,1
120.0,48.0,2,2,1,1
1750.0,130.0,3,4,3,3
412.0,54.0,2,2,1,1
600.0,70.0,2,2,1,2
700.0,42.0,1,1,0,1
360.0,35.0,1,2,1,1
485.0,65.0,2,2,1,1
0.0,100.0,2,2,1,1
2400.0,215.0,4,5,4,3
1400.0,43.0,1,2,1,1
0.0,136.0,3,2,1,2
346.0,53.0,2,1,0,1
650.0,60.0,2,2,1,1
540.0,55.0,2,2,1,1
0.0,50.0,2,2,1,1
950.0,90.0,3,2,1,3
880.0,60.0,2,1,0,1
693.0,69.0,2,2,1,2
120.0,70.0,2,1,0,0
460.0,64.0,3,2,1,1
350.0,50.0,1,2,1,1
150.0,65.0,2,1,0,2
0.0,60.0,2,2,1,1
800.0,120.0,3,2,1,2
561.0,75.0,2,2,0,1
1050.0,120.0,3,3,2,2
3000.0,370.0,4,5,4,4
0.0,70.0,1,2,1,1
559.0,40.0,2,2,1,1
530.0,45.0,2,2,1,1
750.0,68.0,2,2,1,1
330.0,47.0,2,2,1,1
500.0,50.0,2,2,1,1
456.0,49.0,1,2,1,1
150.0,42.0,2,2,1,1
270.0,44.0,1,1,0,1
595.0,60.0,2,1,0,2
1500.0,50.0,1,2,1,1
330.0,56.0,2,2,1,1
1160.0,83.0,3,2,1,2
680.0,76.0,3,1,0,1
1280.0,170.0,4,4,3,3
350.0,47.0,2,2,1,1
1300.0,110.0,3,2,1,2
950.0,62.0,2,2,1,2
611.0,64.0,2,1,0,1
1007.0,130.0,3,4,1,2
690.0,50.0,2,2,1,1
250.0,40.0,2,2,1,1
700.0,93.0,3,2,1,3
600.0,95.0,2,2,1,2
220.0,47.0,2,2,1,1
857.0,113.0,3,2,1,2
850.0,66.0,2,2,1,1
1150.0,103.0,3,2,1,2
329.0,64.0,2,2,1,1
279.0,56.0,2,2,1,1
646.0,65.0,2,2,1,1
795.0,72.0,2,2,1,2
0.0,63.0,2,2,1,1
550.0,90.0,2,2,1,1
1130.0,110.0,3,2,1,2
350.0,48.0,2,1,0,1
2800.0,107.0,3,3,1,2
2153.0,258.0,3,4,3,4
603.0,80.0,3,2,1,2
752.0,86.0,3,2,1,2
1398.0,144.0,4,3,2,4
0.0,56.0,2,2,1,1
550.0,31.0,1,2,1,1
605.0,60.0,3,2,1,1
1000.0,125.0,3,2,1,2
1272.0,161.0,2,2,1,1
692.0,57.0,2,2,1,1
564.0,69.0,2,2,1,2
1500.0,93.0,2,3,1,2
100.0,60.0,2,1,0,0
198.0,57.0,2,2,1,1
642.0,55.0,2,2,1,1
914.0,101.0,3,2,1,2
2194.0,280.0,4,5,2,3
633.0,96.0,2,1,0,1
490.0,52.0,2,2,1,1
800.0,70.0,2,2,1,2
1280.0,70.0,2,2,1,2
985.0,110.0,3,2,1,2
1467.0,33.0,1,2,1,1
450.0,84.0,2,1,0,1
700.0,80.0,2,2,1,1
2893.0,230.0,3,2,1,2
480.0,69.0,2,2,1,0
650.0,150.0,3,1,0,1
607.0,47.0,1,2,1,1
1450.0,156.0,3,4,3,3
820.0,90.0,2,3,2,2
750.0,89.0,3,1,0,1
580.0,50.0,2,2,1,1
170.0,60.0,2,2,1,1
650.0,65.0,2,2,1,1
1000.0,116.0,3,2,1,2
295.0,48.0,2,2,1,1
580.0,65.0,3,2,1,1
890.0,94.0,3,2,1,2
246.0,57.0,2,2,1,1
570.0,54.0,2,2,1,1
32.0,120.0,4,4,3,2
950.0,126.0,2,3,2,2
1050.0,150.0,3,2,1,2
582.0,68.0,3,2,1,1
950.0,52.0,1,2,1,1
350.0,50.0,2,2,1,1
1200.0,160.0,3,2,1,2
560.0,80.0,1,2,1,1
120.0,56.0,2,2,1,1
150.0,85.0,2,2,1,1
2000.0,208.0,3,4,3,3
2950.0,160.0,3,2,1,3
380.0,41.0,2,2,1,1
1790.0,136.0,4,3,2,3
628.0,75.0,3,1,0,1
600.0,63.0,3,2,1,1
1330.0,78.0,2,3,2,2
1350.0,125.0,3,2,1,2
815.0,67.0,2,2,1,1
532.0,66.0,3,2,1,2
540.0,52.0,2,2,1,1
0.0,55.0,2,2,1,1
0.0,42.0,2,2,1,1
325.0,50.0,2,2,1,1
640.0,62.0,3,1,0,1
1007.0,93.0,3,1,0,1
1050.0,113.0,3,3,1,1
240.0,65.0,2,1,0,1
446.0,50.0,2,1,0,0
850.0,48.0,1,2,1,1
300.0,44.0,2,2,1,1
717.0,44.0,1,1,0,1
630.0,75.0,3,2,1,1
3000.0,190.0,4,4,3,3
1570.0,96.0,3,3,1,1
725.0,97.0,3,3,2,2
600.0,60.0,3,2,1,1
770.0,100.0,2,2,1,2
320.0,50.0,2,1,0,1
299.0,58.0,2,1,0,1
500.0,80.0,2,1,0,1
410.0,65.0,2,2,1,1
0.0,40.0,1,2,1,1
1100.0,220.0,2,3,2,2
600.0,70.0,2,2,1,1
437.0,50.0,1,1,0,0
390.0,49.0,2,1,0,0
3161.0,230.0,3,2,1,2
743.0,63.0,2,2,1,1
1277.0,122.0,3,2,1,2
310.0,52.0,2,2,1,1
3508.0,354.0,3,2,1,4
462.0,52.0,2,2,1,1
757.0,61.0,2,2,1,1
2997.0,282.0,4,5,4,4
560.0,60.0,1,2,1,2
600.0,60.0,2,1,0,1
400.0,55.0,2,1,0,1
300.0,59.0,3,2,1,1
1739.0,230.0,4,3,2,4
1030.0,60.0,3,1,0,2
564.0,55.0,2,2,1,1
700.0,69.0,2,1,0,1
568.0,70.0,2,2,1,1
160.0,76.0,2,1,0,0
738.0,80.0,2,2,1,2
1233.0,130.0,2,3,2,2
417.0,40.0,1,2,1,1
310.0,35.0,1,2,1,1
2875.0,70.0,2,2,1,2
200.0,40.0,1,2,1,1
0.0,50.0,2,2,1,1
400.0,42.0,1,2,1,1
1250.0,96.0,2,2,1,1
550.0,53.0,2,2,1,2
1900.0,62.0,1,2,1,2
2100.0,151.0,3,4,3,3
200.0,59.0,2,2,1,1
1363.0,187.0,3,4,3,3
1150.0,100.0,3,3,1,1
495.0,36.0,1,1,0,1
1800.0,200.0,3,5,3,4
180.0,40.0,2,2,1,1
1150.0,110.0,3,3,1,2
580.0,90.0,2,1,0,1
1000.0,130.0,3,2,1,2
1102.0,73.0,2,2,1,1
600.0,100.0,3,2,1,1
778.0,68.0,3,2,1,2
760.0,75.0,3,2,0,2
700.0,72.0,2,2,1,1
680.0,36.0,1,1,0,1
455.0,55.0,2,1,0,1
685.0,60.0,3,1,0,2
2000.0,223.0,4,1,4,1
700.0,50.0,1,2,1,1
368.0,45.0,2,2,1,1
888.0,90.0,3,1,0,2
2430.0,165.0,3,2,1,2
465.0,36.0,1,2,1,1
302.0,62.0,2,2,1,1
560.0,68.0,3,2,1,1
200.0,110.0,3,2,1,1
1840.0,36.0,1,2,1,1
5000.0,296.0,4,5,4,3
1800.0,120.0,3,3,1,3
390.0,64.0,3,2,1,1
400.0,44.0,2,1,0,1
585.0,84.0,1,2,1,1
260.0,58.0,3,2,1,1
683.0,60.0,2,2,1,2
475.0,51.0,2,2,1,1
5250.0,330.0,4,6,4,4
692.0,78.0,3,2,1,2
345.0,64.0,2,2,1,1
530.0,55.0,2,1,0,1
729.0,61.0,2,2,1,2
230.0,48.0,1,1,0,0
1377.0,137.0,3,2,1,1
423.0,50.0,2,2,1,1
400.0,68.0,2,2,1,1
1390.0,127.0,3,2,1,2
3399.0,243.0,3,4,3,3
230.0,51.0,2,2,1,1
60.0,58.0,2,2,1,1
663.0,70.0,3,2,1,1
120.0,70.0,2,2,1,1
0.0,44.0,2,2,1,1
550.0,52.0,1,1,0,1
350.0,45.0,2,2,1,1
2098.0,173.0,3,4,1,2
0.0,56.0,2,1,0,1
587.0,48.0,1,1,0,1
530.0,57.0,2,2,1,1
3320.0,222.0,4,5,4,9
450.0,90.0,2,2,1,1
700.0,58.0,1,2,1,2
568.0,65.0,2,1,0,1
0.0,160.0,4,4,3,2
0.0,100.0,2,1,0,1
600.0,68.0,3,3,1,1
1854.0,198.0,3,4,3,2
1500.0,182.0,4,2,1,2
210.0,48.0,2,2,1,1
482.0,55.0,2,2,1,1
389.0,75.0,2,1,0,0
1068.0,146.0,3,1,3,3
515.0,62.0,2,2,1,1
750.0,65.0,2,2,1,1
1200.0,74.0,1,1,0,2
350.0,57.0,2,2,1,1
455.0,60.0,3,2,1,1
1490.0,140.0,3,3,2,3
2875.0,70.0,2,2,1,2
500.0,75.0,3,1,0,1
1460.0,132.0,3,3,2,2
962.0,97.0,3,3,1,2
885.0,102.0,2,2,1,2
0.0,128.0,3,4,1,3
2500.0,210.0,3,2,1,2
460.0,50.0,2,2,1,1
1800.0,154.0,3,4,3,3
4050.0,263.0,3,4,3,3
1367.0,47.0,1,1,0,1
150.0,104.0,2,1,0,0
1460.0,62.0,1,3,1,2
1200.0,143.0,2,3,2,2
260.0,55.0,2,2,1,1
350.0,52.0,2,2,1,1
400.0,50.0,2,2,1,1
1400.0,111.0,3,4,1,2
490.0,58.0,3,1,0,1
1336.0,178.0,3,4,3,3
4600.0,226.0,4,5,4,4
600.0,74.0,3,2,1,2
2744.0,125.0,3,4,1,2
0.0,49.0,2,2,1,1
550.0,62.0,2,2,1,1
504.0,80.0,2,2,1,1
740.0,58.0,2,2,1,2
3000.0,397.0,3,5,3,5
1616.0,147.0,3,4,3,3
1364.0,131.0,3,2,1,2
700.0,45.0,1,2,1,1
800.0,97.0,2,3,1,2
371.0,54.0,2,1,0,1
1400.0,100.0,3,2,1,1
500.0,38.0,1,2,1,0
200.0,53.0,3,2,1,1
510.0,60.0,2,1,0,1
1680.0,139.0,3,5,3,2
1300.0,86.0,2,2,1,1
287.0,60.0,3,2,1,1
635.0,58.0,2,2,1,1
0.0,50.0,2,2,1,1
4700.0,400.0,4,5,4,4
560.0,75.0,3,2,1,1
525.0,58.0,2,1,0,1
380.0,38.0,1,1,0,1
700.0,60.0,2,1,0,1
583.0,68.0,2,2,1,1
0.0,42.0,2,2,1,1
482.0,65.0,2,1,0,1
420.0,65.0,3,2,1,1
1000.0,35.0,1,2,1,1
0.0,56.0,2,1,0,1
0.0,64.0,2,2,1,1
390.0,45.0,1,1,0,0
400.0,65.0,2,2,1,1
520.0,55.0,1,1,0,0
1600.0,215.0,3,4,3,2
1480.0,138.0,3,4,3,2
470.0,58.0,1,2,1,1
980.0,140.0,3,2,1,2
220.0,55.0,2,2,1,1
547.0,78.0,3,2,1,1
0.0,110.0,3,1,0,0
495.0,50.0,2,1,0,1
2200.0,225.0,4,2,1,3
273.0,31.0,1,1,0,1
450.0,50.0,2,2,1,1
350.0,50.0,2,2,1,1
800.0,90.0,1,2,1,1
564.0,78.0,3,1,0,1
110.0,46.0,2,2,1,1
400.0,42.0,1,1,0,1
1936.0,82.0,2,2,1,2
500.0,55.0,2,2,1,1
1350.0,50.0,2,2,1,1
140.0,100.0,2,2,0,1
550.0,65.0,3,2,1,1
835.0,76.0,3,1,0,2
470.0,60.0,3,2,1,1
850.0,64.0,2,2,1,1
736.0,80.0,2,2,1,1
830.0,76.0,3,2,1,2
1300.0,147.0,3,2,1,1
800.0,145.0,4,5,2,3
900.0,41.0,1,2,1,1
0.0,40.0,1,1,0,1
900.0,111.0,3,2,1,2
634.0,48.0,2,1,0,1
370.0,63.0,2,2,1,1
450.0,60.0,2,2,1,1
715.0,84.0,3,3,1,1
1400.0,120.0,2,4,1,1
450.0,45.0,1,2,1,1
686.0,65.0,3,2,1,1
770.0,100.0,2,2,1,2
600.0,60.0,2,1,0,1
630.0,62.0,2,2,1,1
830.0,58.0,2,2,1,1
250.0,44.0,1,2,1,1
895.0,143.0,3,4,3,2
500.0,69.0,3,2,1,1
820.0,43.0,1,1,0,1
0.0,40.0,1,2,1,1
400.0,44.0,1,1,0,1
0.0,65.0,2,2,1,1
0.0,53.0,3,2,1,1
0.0,40.0,1,1,0,1
1100.0,184.0,4,4,3,3
650.0,67.0,2,2,1,1
340.0,52.0,2,2,1,1
1485.0,119.0,3,2,1,4
465.0,46.0,3,2,1,1
460.0,69.0,2,2,1,1
586.0,80.0,2,1,0,1
50.0,45.0,2,2,1,1
3100.0,170.0,3,2,1,3
1100.0,126.0,4,5,2,2
320.0,60.0,2,1,0,1
600.0,45.0,1,2,1,1
1400.0,131.0,3,2,1,2
860.0,70.0,2,2,1,1
600.0,80.0,3,2,1,2
273.0,40.0,1,2,1,1
442.0,38.0,1,1,0,1
1500.0,135.0,4,4,1,3
974.0,84.0,2,3,2,2
407.0,69.0,2,2,1,1
380.0,55.0,1,1,0,1
400.0,45.0,2,1,0,1
350.0,41.0,1,1,0,1
700.0,84.0,3,1,0,2
3800.0,370.0,4,3,2,2
812.0,55.0,2,1,0,1
940.0,78.0,3,2,1,1
950.0,80.0,3,2,1,2
550.0,33.0,1,2,1,1
250.0,80.0,2,1,0,0
0.0,77.0,2,2,1,2
560.0,60.0,3,1,0,1
1500.0,250.0,4,5,3,2
1345.0,163.0,3,4,3,3
1700.0,324.0,3,4,3,0
200.0,45.0,2,2,1,1
560.0,40.0,1,1,0,1
600.0,90.0,3,2,1,1
540.0,67.0,2,1,0,1
600.0,60.0,2,1,0,1
500.0,78.0,2,2,1,1
236.0,43.0,1,2,1,1
500.0,55.0,1,1,0,1
600.0,61.0,3,2,1,1
400.0,61.0,2,2,1,1
900.0,143.0,3,4,3,2
420.0,48.0,2,1,0,1
200.0,47.0,1,2,1,1
1200.0,117.0,2,4,2,2
1837.0,200.0,3,2,1,1
895.0,68.0,3,2,0,2
100.0,35.0,2,2,1,1
1200.0,53.0,1,1,0,2
1800.0,162.0,4,5,3,3
458.0,82.0,3,2,1,1
210.0,48.0,2,2,1,1
1150.0,33.0,1,2,1,1
980.0,112.0,2,2,1,3
485.0,48.0,1,1,0,1
780.0,80.0,2,1,0,2
890.0,66.0,2,2,1,2
330.0,56.0,2,2,1,1
0.0,65.0,1,1,0,1
402.0,66.0,3,2,1,1
2000.0,200.0,3,4,3,3
0.0,80.0,3,2,1,1
691.0,80.0,3,2,1,1
772.0,96.0,3,2,1,2
1100.0,130.0,4,5,4,3
500.0,58.0,2,1,0,1
0.0,52.0,2,2,1,1
480.0,55.0,2,1,0,1
455.0,48.0,1,1,0,1
80.0,35.0,2,1,0,1
1600.0,141.0,3,2,1,2
230.0,50.0,2,2,1,1
538.0,69.0,2,2,1,1
545.0,43.0,1,1,0,1
402.0,65.0,2,2,1,1
300.0,32.0,1,2,1,1
2700.0,291.0,4,2,1,2
527.0,50.0,1,1,0,1
1500.0,238.0,4,4,2,3
1800.0,150.0,3,4,2,3
1018.0,56.0,1,1,0,1
473.0,49.0,2,1,0,1
590.0,60.0,1,1,0,1
246.0,56.0,2,2,1,1
830.0,127.0,3,4,3,2
1500.0,148.0,3,4,3,3
240.0,60.0,2,2,1,1
620.0,117.0,3,2,1,2
2820.0,270.0,3,4,3,2
640.0,60.0,2,1,0,1
400.0,70.0,3,2,1,1
3081.0,257.0,4,5,4,4
570.0,70.0,3,2,1,1
763.0,70.0,3,2,0,1
400.0,62.0,2,2,1,1
330.0,55.0,2,2,1,1
880.0,56.0,1,2,1,1
470.0,51.0,2,2,1,1
707.0,80.0,2,1,0,1
545.0,54.0,2,2,1,1
368.0,46.0,2,2,1,1
1900.0,62.0,1,2,1,2
750.0,65.0,2,2,1,1
640.0,75.0,3,1,0,0
300.0,47.0,2,1,0,1
1000.0,100.0,3,2,0,2
2400.0,166.0,3,4,3,4
990.0,79.0,3,2,1,2
382.0,64.0,3,2,1,1
0.0,44.0,2,1,0,1
946.0,62.0,2,1,0,2
491.0,50.0,2,2,1,1
1328.0,154.0,3,5,3,4
450.0,33.0,1,1,0,1
443.0,85.0,2,2,1,1
1000.0,80.0,3,2,1,1
530.0,68.0,2,2,1,1
580.0,60.0,2,1,0,2
714.0,88.0,2,2,1,1
1800.0,170.0,3,4,3,3
400.0,56.0,2,2,1,1
416.0,45.0,2,1,0,1
866.0,136.0,3,2,1,3
720.0,146.0,3,4,3,3
1172.0,120.0,1,1,0,1
572.0,60.0,2,2,1,1
480.0,70.0,2,2,1,1
1800.0,190.0,3,3,2,3
575.0,60.0,2,2,1,1
500.0,51.0,1,1,0,1
440.0,70.0,3,2,1,1
0.0,40.0,2,2,1,1
1200.0,156.0,4,4,2,1
290.0,69.0,3,1,0,1
590.0,52.0,2,2,1,1
150.0,70.0,2,2,1,1
200.0,80.0,2,2,0,1
392.0,50.0,2,2,1,1
550.0,69.0,3,2,1,1
293.0,70.0,2,2,1,1
520.0,58.0,2,1,0,1
466.0,60.0,2,2,1,1
279.0,56.0,2,2,1,1
270.0,50.0,2,2,1,1
748.0,75.0,3,2,1,1
350.0,46.0,2,1,0,1
460.0,50.0,2,2,1,1
988.0,93.0,2,1,0,1
430.0,65.0,3,2,1,1
720.0,78.0,3,1,0,1
452.0,50.0,2,2,1,1
390.0,49.0,2,2,1,1
770.0,72.0,1,2,1,1
7928.0,340.0,3,4,3,5
500.0,50.0,2,2,1,1
0.0,50.0,2,2,1,1
403.0,80.0,2,1,0,0
432.0,43.0,1,1,0,1
950.0,40.0,1,1,0,1
870.0,77.0,3,2,1,2
325.0,56.0,2,2,1,1
922.0,97.0,3,2,1,1
340.0,34.0,1,2,1,1
450.0,47.0,2,1,0,1
550.0,79.0,2,2,1,2
1014.0,70.0,3,2,1,1
2450.0,130.0,3,2,1,2
2000.0,232.0,3,5,3,2
300.0,47.0,2,2,1,1
1000.0,147.0,3,2,1,2
583.0,60.0,3,1,0,1
650.0,77.0,2,2,1,2
275.0,50.0,2,1,0,1
1521.0,113.0,3,2,1,3
2700.0,161.0,3,4,3,3
290.0,56.0,2,2,1,1
0.0,40.0,1,2,1,1
53.0,70.0,2,2,1,1
677.0,73.0,3,1,0,1
200.0,47.0,1,2,1,1
1165.0,111.0,2,4,2,2
800.0,65.0,2,2,1,1
400.0,45.0,3,1,0,1
0.0,38.0,1,2,1,1
640.0,89.0,3,3,1,1
1291.0,70.0,2,2,1,1
0.0,55.0,2,1,0,1
0.0,52.0,2,2,1,1
800.0,87.0,2,2,1,2
1050.0,70.0,3,1,0,2
0.0,70.0,3,2,1,1
1045.0,92.0,3,3,1,2
150.0,58.0,2,2,1,1
690.0,75.0,3,2,1,2
395.0,62.0,2,2,1,1
911.0,88.0,1,2,1,2
370.0,54.0,2,2,1,1
561.0,50.0,2,1,0,1
1383.0,61.0,1,2,1,2
494.0,92.0,3,2,1,1
150.0,49.0,2,2,1,1
990.0,52.0,1,2,1,1
800.0,100.0,3,4,1,2
2159.0,175.0,2,3,2,2
2100.0,180.0,4,2,1,3
670.0,105.0,3,2,1,1
1100.0,90.0,3,2,1,2
840.0,58.0,2,2,1,1
721.0,68.0,3,2,1,2
2990.0,196.0,4,3,1,3
564.0,78.0,3,1,0,1
530.0,52.0,2,2,1,1
1350.0,64.0,1,2,1,1
667.0,50.0,2,1,0,1
810.0,80.0,2,2,1,1
4400.0,315.0,2,3,2,6
480.0,62.0,3,2,1,1
1400.0,127.0,3,1,0,4
690.0,85.0,2,2,1,1
1350.0,55.0,2,1,0,1
300.0,48.0,1,1,0,1
596.0,68.0,2,1,0,1
613.0,63.0,2,1,0,1
585.0,78.0,2,2,1,1
600.0,52.0,2,2,1,1
430.0,50.0,1,2,1,1
550.0,77.0,3,1,0,1
350.0,45.0,2,1,0,1
377.0,53.0,2,1,0,1
2150.0,200.0,4,5,4,4
1200.0,119.0,3,3,1,2
2100.0,92.0,2,3,1,2
2800.0,330.0,4,5,4,4
0.0,40.0,1,1,0,0
1090.0,100.0,2,2,1,2
986.0,91.0,3,3,1,1
350.0,55.0,2,1,0,1
1450.0,125.0,3,4,3,3
657.0,70.0,2,2,1,1
0.0,48.0,2,2,1,1
574.0,79.0,2,2,1,2
837.0,93.0,3,3,1,2
150.0,58.0,2,1,0,1
550.0,79.0,3,2,1,2
732.0,74.0,3,2,1,1
400.0,46.0,1,2,1,1
300.0,62.0,2,1,0,1
2855.0,160.0,3,4,1,2
900.0,98.0,3,3,1,1
290.0,47.0,2,2,1,1
3400.0,219.0,3,4,3,4
1400.0,132.0,3,2,1,1
1030.0,126.0,3,4,3,2
250.0,44.0,1,1,0,1
1100.0,44.0,1,1,0,1
600.0,82.0,3,2,1,2
500.0,60.0,2,1,0,1
950.0,139.0,3,2,1,1
620.0,60.0,2,2,1,1
800.0,64.0,2,2,1,2
306.0,43.0,2,2,1,1
0.0,48.0,1,2,1,1
307.0,32.0,1,2,1,1
386.0,41.0,1,1,0,0
2500.0,163.0,3,4,3,3
986.0,82.0,3,2,1,1
5116.0,296.0,4,5,4,3
2263.0,250.0,4,5,4,4
0.0,62.0,1,2,1,2
857.0,113.0,3,2,1,2
435.0,65.0,2,1,0,1
1.0,55.0,1,2,1,1
480.0,64.0,1,1,0,0
477.0,44.0,1,1,0,1
486.0,81.0,2,2,1,1
388.0,55.0,2,2,1,1
1200.0,130.0,2,3,1,2
450.0,64.0,2,2,1,1
800.0,55.0,1,2,1,1
380.0,48.0,2,2,1,1
2800.0,250.0,3,2,1,2
380.0,54.0,2,1,0,1
0.0,60.0,2,2,1,1
0.0,40.0,1,2,1,1
400.0,65.0,2,2,1,1
0.0,64.0,3,2,1,1
1157.0,119.0,3,3,1,1
0.0,70.0,2,2,1,1
600.0,49.0,2,1,0,2
337.0,34.0,1,2,1,1
392.0,50.0,2,2,1,1
702.0,48.0,1,2,1,1
0.0,163.0,4,5,3,3
1800.0,173.0,3,4,3,3
710.0,64.0,2,1,0,1
139.0,35.0,1,1,0,0
208.0,34.0,1,2,1,0
500.0,80.0,2,2,1,1
436.0,67.0,3,2,1,1
1300.0,80.0,2,2,0,1
1900.0,155.0,4,4,3,3
835.0,132.0,3,2,1,1
400.0,49.0,1,2,1,1
204.0,55.0,3,2,1,1
493.0,90.0,2,2,1,1
384.0,92.0,2,1,0,1
1200.0,150.0,3,4,3,2
500.0,35.0,1,1,0,1
1554.0,153.0,4,2,1,2
500.0,46.0,1,2,1,1
835.0,74.0,2,2,1,2
450.0,68.0,1,2,1,1
0.0,48.0,2,2,1,1
1300.0,120.0,3,2,1,2
950.0,110.0,3,2,1,1
650.0,74.0,3,2,1,2
660.0,85.0,3,2,1,2
2500.0,180.0,3,4,3,4
900.0,130.0,3,2,1,2
707.0,67.0,2,1,0,1
402.0,65.0,2,2,1,1
2735.0,210.0,4,5,3,3
680.0,70.0,1,2,1,2
393.0,44.0,2,2,1,1
0.0,40.0,1,2,1,1
980.0,132.0,3,2,1,2
790.0,54.0,1,2,1,1
3500.0,390.0,4,5,4,1
2700.0,370.0,4,5,4,5
300.0,48.0,2,1,0,1
731.0,75.0,3,1,0,1
250.0,50.0,1,1,0,0
1758.0,142.0,4,2,1,3
608.0,45.0,1,1,0,0
501.0,41.0,1,1,0,1
732.0,76.0,2,2,1,2
1.0,72.0,3,1,0,1
0.0,47.0,2,2,1,1
550.0,70.0,2,2,1,1
450.0,49.0,2,2,1,1
629.0,48.0,1,2,1,1
1000.0,120.0,3,2,1,1
1500.0,32.0,1,2,1,1
590.0,51.0,2,2,1,1
415.0,62.0,2,2,1,1
2128.0,168.0,4,3,2,3
770.0,43.0,1,1,0,1
780.0,42.0,1,2,1,1
0.0,133.0,4,3,2,3
1100.0,136.0,3,2,1,3
600.0,55.0,2,2,1,1
700.0,72.0,3,2,1,2
450.0,47.0,2,2,1,1
365.0,72.0,3,2,1,1
527.0,50.0,1,1,0,1
398.0,50.0,2,1,0,1
2500.0,163.0,3,4,3,3
148.0,45.0,2,2,1,1
420.0,53.0,1,2,1,1
460.0,65.0,2,2,1,1
1076.0,115.0,3,3,1,2
550.0,62.0,2,1,0,0
570.0,73.0,3,2,1,2
870.0,120.0,2,1,0,1
380.0,53.0,2,1,0,1
300.0,52.0,2,2,1,1
360.0,80.0,2,1,0,0
340.0,55.0,2,2,1,1
750.0,36.0,1,2,1,1
645.0,60.0,2,1,0,2
550.0,50.0,1,1,0,1
710.0,95.0,1,2,1,1
550.0,69.0,2,2,1,1
1600.0,176.0,4,5,4,3
900.0,75.0,2,2,1,1
1550.0,178.0,4,2,1,2
2250.0,208.0,4,5,4,4
426.0,46.0,2,1,0,1
400.0,60.0,2,2,1,1
600.0,47.0,1,2,1,1
617.0,78.0,2,2,1,1
500.0,70.0,3,2,1,1
850.0,90.0,2,1,0,1
770.0,82.0,3,2,1,2
588.0,51.0,2,1,0,1
0.0,175.0,3,4,3,3
799.0,94.0,3,2,1,2
697.0,84.0,3,2,1,1
585.0,50.0,3,2,1,1
640.0,74.0,3,1,0,1
352.0,50.0,2,2,1,1
400.0,48.0,2,1,0,1
110.0,37.0,2,1,0,1
2000.0,160.0,4,2,1,3
650.0,50.0,2,2,1,1
250.0,40.0,1,2,1,1
589.0,41.0,1,1,0,1
660.0,75.0,3,2,1,2
400.0,60.0,2,2,1,1
440.0,52.0,1,2,1,1
620.0,49.0,1,2,1,1
420.0,50.0,2,1,0,1
1200.0,110.0,3,2,1,1
980.0,112.0,3,2,1,1
1033.0,120.0,3,4,3,3
692.0,78.0,2,2,1,2
662.0,136.0,2,2,1,3
875.0,137.0,3,2,1,1
600.0,88.0,3,2,1,2
800.0,69.0,2,2,1,1
590.0,52.0,2,1,0,1
485.0,55.0,2,1,0,1
680.0,70.0,2,2,1,1
308.0,51.0,2,1,0,1
677.0,83.0,3,2,1,2
293.0,70.0,2,1,0,0
1300.0,131.0,3,4,1,2
768.0,93.0,3,2,1,2
0.0,44.0,2,2,1,1
670.0,70.0,3,2,1,2
1560.0,186.0,3,4,3,3
200.0,56.0,2,2,1,1
600.0,60.0,2,2,1,1
180.0,35.0,1,2,1,1
986.0,80.0,2,1,0,1
1170.0,158.0,3,4,3,2
408.0,57.0,2,2,1,1
260.0,47.0,2,2,1,1
500.0,56.0,2,1,0,1
900.0,105.0,3,3,2,2
380.0,50.0,2,2,1,1
596.0,76.0,2,2,1,1
400.0,42.0,2,1,0,1
0.0,62.0,2,1,0,1
1000.0,85.0,3,2,1,2
4800.0,425.0,5,6,5,7
868.0,60.0,2,2,1,2
500.0,95.0,3,2,1,1
350.0,40.0,1,1,0,1
2320.0,165.0,3,4,3,3
1200.0,104.0,2,3,1,2
700.0,75.0,3,2,1,2
2569.0,232.0,4,1,2,3
540.0,49.0,1,1,0,1
1080.0,131.0,3,3,1,1
1415.0,120.0,3,3,1,2
1400.0,140.0,3,2,1,2
565.0,96.0,2,2,1,1
2500.0,205.0,4,6,4,4
0.0,440.0,4,3,2,0
500.0,72.0,2,2,1,1
480.0,70.0,2,2,1,1
0.0,117.0,3,2,1,1
1851.0,333.0,3,4,3,2
0.0,48.0,2,2,1,1
1100.0,156.0,3,4,3,2
1040.0,115.0,4,2,1,2
1500.0,175.0,3,4,3,3
290.0,55.0,2,2,1,1
710.0,75.0,2,2,1,1
0.0,65.0,2,2,1,1
140.0,57.0,2,1,0,1
500.0,52.0,2,1,0,1
970.0,86.0,3,2,1,1
1600.0,250.0,4,6,3,3
444.0,37.0,1,2,1,1
550.0,30.0,1,1,0,1
1447.0,113.0,3,4,1,2
0.0,45.0,2,1,0,1
1100.0,143.0,3,5,3,2
400.0,65.0,2,2,1,1
527.0,57.0,2,2,1,1
790.0,89.0,3,3,1,1
670.0,75.0,2,2,1,2
0.0,47.0,2,2,1,1
482.0,65.0,2,1,0,1
656.0,55.0,2,2,1,1
298.0,52.0,2,1,0,1
550.0,36.0,1,2,1,1
690.0,75.0,3,2,1,1
0.0,163.0,4,5,3,3
1700.0,128.0,3,5,3,2
0.0,35.0,1,2,1,1
340.0,35.0,1,2,1,1
598.0,33.0,1,1,0,1
0.0,64.0,2,2,1,2
2500.0,240.0,4,5,4,4
500.0,60.0,2,2,1,1
1658.0,165.0,3,3,2,3
700.0,105.0,3,4,3,2
1830.0,204.0,4,4,3,4
710.0,64.0,3,2,1,1
530.0,60.0,2,1,0,0
1550.0,155.0,2,3,2,2
890.0,64.0,2,2,1,2
560.0,60.0,2,2,1,1
780.0,60.0,2,2,1,1
1000.0,117.0,2,4,2,2
345.0,93.0,3,2,1,2
0.0,48.0,2,2,1,1
798.0,64.0,2,2,1,1
0.0,53.0,2,2,1,1
2900.0,242.0,3,5,3,3
224.0,65.0,2,1,0,1
550.0,50.0,1,2,1,1
1.0,50.0,2,2,1,1
275.0,44.0,1,1,0,0
1250.0,148.0,3,4,3,2
2600.0,198.0,3,2,1,2
0.0,52.0,2,1,0,0
224.0,90.0,3,1,0,0
650.0,77.0,2,2,1,2
450.0,53.0,2,2,1,1
0.0,40.0,1,1,0,1
0.0,76.0,2,2,1,1
600.0,35.0,1,2,1,1
500.0,60.0,2,2,1,2
2337.0,218.0,3,6,3,4
340.0,49.0,2,2,1,1
400.0,51.0,2,2,1,1
768.0,100.0,3,3,1,1
670.0,85.0,3,2,1,2
400.0,50.0,2,1,0,1
804.0,68.0,3,2,1,1
538.0,44.0,1,1,0,1
1250.0,189.0,4,6,3,2
530.0,56.0,1,2,1,1
488.0,43.0,1,2,1,1
750.0,48.0,1,1,0,1
0.0,56.0,1,2,1,1
750.0,104.0,3,2,1,2
450.0,55.0,2,1,0,1
500.0,69.0,2,2,1,1
520.0,50.0,2,2,1,1
350.0,52.0,1,1,0,0
700.0,80.0,3,1,0,2
850.0,63.0,2,1,0,1
475.0,68.0,3,2,1,1
1450.0,145.0,3,2,1,2
900.0,104.0,3,2,1,2
920.0,105.0,3,1,0,1
1520.0,95.0,3,2,1,2
700.0,92.0,3,2,1,1
1325.0,127.0,4,4,3,2
393.0,46.0,1,2,1,1
613.0,89.0,2,2,1,2
700.0,82.0,3,2,1,2
600.0,52.0,2,1,0,1
0.0,58.0,1,2,1,1
750.0,111.0,3,2,1,2
2200.0,168.0,3,4,3,3
667.0,67.0,2,1,0,1
0.0,75.0,3,2,1,2
1460.0,62.0,1,2,1,2
2450.0,193.0,3,4,3,0
750.0,89.0,3,2,1,1
1100.0,35.0,1,2,1,1
400.0,41.0,1,1,0,0
0.0,45.0,2,2,1,1
290.0,32.0,1,1,0,0
653.0,60.0,2,2,1,2
750.0,75.0,3,2,1,2
0.0,30.0,1,2,1,1
0.0,50.0,2,2,1,1
909.0,102.0,2,2,1,2
682.0,54.0,2,1,0,1
0.0,47.0,2,2,1,1
352.0,48.0,2,1,0,1
680.0,30.0,1,2,1,1
700.0,83.0,3,2,1,1
446.0,65.0,3,1,0,1
0.0,99.0,2,2,1,1
780.0,90.0,3,2,1,1
461.0,43.0,1,2,1,1
1100.0,180.0,3,4,3,4
390.0,60.0,2,1,0,1
950.0,134.0,3,3,1,2
500.0,50.0,2,1,0,1
340.0,35.0,1,2,1,1
895.0,68.0,2,2,1,2
388.0,58.0,2,2,1,1
0.0,44.0,2,1,0,1
1400.0,156.0,3,4,3,2
790.0,103.0,4,4,1,2
2300.0,157.0,3,4,3,3
230.0,48.0,1,1,0,0
850.0,95.0,3,2,1,2
1200.0,114.0,3,2,1,2
1293.0,162.0,3,4,3,2
2291.0,170.0,3,3,2,3
0.0,45.0,2,2,1,1
402.0,66.0,3,2,1,1
2500.0,165.0,3,3,1,2
800.0,56.0,2,2,1,1
1650.0,180.0,3,4,3,3
380.0,58.0,2,2,1,1
190.0,45.0,1,2,1,1
540.0,70.0,3,2,1,1
610.0,64.0,2,2,1,1
592.0,73.0,3,1,0,1
409.0,80.0,2,1,0,1
1161.0,130.0,3,2,1,2
182.0,38.0,2,2,1,1
200.0,50.0,2,1,0,1
790.0,71.0,2,1,0,1
500.0,85.0,2,2,1,1
1100.0,82.0,3,2,1,2
1300.0,110.0,3,3,1,2
600.0,35.0,1,2,1,1
700.0,40.0,1,1,0,1
312.0,40.0,1,1,0,0
520.0,38.0,1,1,0,0
580.0,68.0,3,1,0,1
700.0,35.0,1,1,0,1
380.0,75.0,2,2,1,1
450.0,48.0,2,2,1,1
610.0,65.0,2,2,0,1
0.0,250.0,3,2,1,0
0.0,47.0,2,2,1,1
567.0,72.0,3,2,1,1
0.0,70.0,2,2,1,1
380.0,54.0,2,1,0,1
0.0,75.0,3,2,1,2
560.0,60.0,3,2,1,1
960.0,90.0,3,2,1,1
550.0,62.0,2,2,1,1
598.0,95.0,3,2,1,2
900.0,90.0,3,2,1,2
0.0,45.0,2,1,0,1
1200.0,100.0,2,2,1,1
2500.0,191.0,3,4,3,3
593.0,71.0,2,2,1,1
1600.0,170.0,3,2,1,1
580.0,96.0,3,3,1,2
0.0,70.0,2,2,1,2
0.0,49.0,2,1,0,0
850.0,55.0,1,2,1,1
446.0,58.0,2,1,0,1
371.0,51.0,1,1,0,1
800.0,49.0,2,1,0,1
1200.0,143.0,2,3,2,2
652.0,62.0,2,2,1,1
540.0,69.0,3,2,1,1
1300.0,120.0,3,3,1,2
870.0,71.0,3,2,1,1
580.0,44.0,2,1,0,1
350.0,50.0,2,1,0,1
850.0,66.0,2,2,1,1
307.0,83.0,3,2,1,1
1350.0,172.0,3,5,3,3
0.0,40.0,2,2,1,1
1600.0,165.0,4,4,3,2
590.0,52.0,2,1,0,1
688.0,35.0,1,2,1,1
750.0,87.0,3,2,1,2
181.0,186.0,3,2,1,1
662.0,136.0,2,2,1,3
2700.0,242.0,4,5,4,4
300.0,47.0,2,2,1,1
1560.0,109.0,3,2,1,2
0.0,60.0,2,2,1,1
517.0,64.0,2,2,1,1
1300.0,60.0,2,2,1,2
390.0,56.0,2,2,1,1
2600.0,211.0,4,3,1,1
1935.0,140.0,4,2,1,2
1846.0,147.0,3,4,3,3
500.0,67.0,1,2,1,1
780.0,65.0,2,2,1,1
50.0,54.0,2,2,1,1
1700.0,140.0,3,2,1,2
0.0,70.0,1,2,1,1
1542.0,180.0,3,3,2,1
800.0,67.0,2,2,1,1
894.0,95.0,3,2,1,2
875.0,57.0,2,2,0,1
502.0,68.0,3,2,1,1
780.0,83.0,3,2,1,2
700.0,61.0,2,1,0,2
550.0,65.0,2,2,1,1
649.0,48.0,1,2,1,1
532.0,54.0,1,2,1,1
550.0,64.0,2,1,0,1
527.0,60.0,2,1,0,1
0.0,45.0,2,2,1,1
70.0,40.0,2,1,0,1
1100.0,120.0,3,2,1,2
875.0,200.0,3,2,1,1
473.0,52.0,2,2,1,1
495.0,61.0,3,2,1,1
1600.0,130.0,4,3,1,2
550.0,35.0,1,2,1,1
2000.0,266.0,4,5,4,4
1100.0,170.0,3,2,1,1
650.0,78.0,3,2,0,1
500.0,58.0,2,1,0,1
470.0,45.0,1,2,1,1
1450.0,180.0,4,4,2,2
580.0,46.0,2,2,0,1
550.0,90.0,2,2,1,1
750.0,67.0,3,2,0,1
245.0,60.0,1,1,0,1
680.0,65.0,2,2,1,1
201.0,35.0,1,2,1,1
780.0,90.0,2,2,1,1
0.0,52.0,2,2,1,1
280.0,39.0,1,1,0,0
555.0,70.0,3,2,1,1
700.0,85.0,3,2,1,1
0.0,60.0,2,2,1,1
440.0,69.0,2,2,1,2
100.0,74.0,2,2,1,1
1080.0,90.0,2,3,1,2
341.0,46.0,2,2,1,1
0.0,42.0,2,2,1,1
0.0,36.0,2,2,1,1
800.0,80.0,2,1,0,1
506.0,64.0,2,1,0,1
1400.0,104.0,3,2,1,2
670.0,56.0,2,1,0,1
660.0,79.0,3,2,1,1
120.0,50.0,2,1,0,0
460.0,50.0,2,1,0,1
700.0,40.0,1,2,1,1
699.0,45.0,1,1,0,1
700.0,65.0,2,1,0,2
1300.0,127.0,3,4,3,2
0.0,67.0,2,2,1,1
1700.0,110.0,3,2,1,2
610.0,70.0,3,1,0,1
590.0,142.0,2,1,0,1
589.0,65.0,1,2,1,2
3200.0,371.0,4,5,4,5
50.0,83.0,3,2,1,1
403.0,60.0,3,2,1,1
1780.0,161.0,3,3,1,2
700.0,70.0,2,2,1,2
1490.0,70.0,3,1,0,1
0.0,43.0,1,1,0,0
0.0,41.0,1,1,0,1
0.0,140.0,4,3,2,2
2400.0,360.0,4,5,4,3
725.0,74.0,2,2,0,1
500.0,79.0,2,2,1,1
520.0,50.0,2,2,1,1
270.0,44.0,2,1,0,1
789.0,100.0,3,2,1,2
400.0,73.0,2,2,1,1
665.0,66.0,2,2,1,1
793.0,90.0,3,2,1,3
450.0,65.0,2,2,1,1
639.0,72.0,3,2,1,1
1061.0,93.0,2,3,2,2
650.0,60.0,2,2,1,1
420.0,49.0,1,1,0,1
720.0,94.0,3,2,1,2
492.0,56.0,3,2,1,1
100.0,44.0,2,1,0,1
390.0,53.0,2,2,1,1
450.0,63.0,2,2,1,1
1831.0,124.0,1,2,1,2
832.0,69.0,3,1,0,1
2250.0,216.0,4,5,2,3
498.0,60.0,2,2,1,1
0.0,45.0,2,2,1,1
650.0,30.0,1,1,0,1
3000.0,250.0,4,6,4,4
1730.0,96.0,3,2,1,2
742.0,52.0,2,1,0,1
2202.0,190.0,4,3,2,1
859.0,137.0,3,2,1,1
400.0,50.0,2,2,1,1
330.0,60.0,2,1,0,1
0.0,98.0,3,3,2,1
1600.0,139.0,3,5,3,2
564.0,70.0,3,2,1,1
690.0,86.0,3,2,1,2
0.0,56.0,2,1,0,1
1260.0,98.0,2,2,1,1
2415.0,200.0,3,2,1,1
405.0,58.0,2,2,1,1
3200.0,250.0,3,5,3,5
907.0,90.0,2,1,0,1
525.0,60.0,2,3,2,1
493.0,100.0,2,2,1,1
950.0,94.0,3,2,1,2
1100.0,120.0,3,3,1,2
600.0,117.0,3,4,3,2
520.0,58.0,2,2,1,1
380.0,48.0,2,1,0,1
550.0,70.0,3,1,0,0
0.0,95.0,2,2,1,2
492.0,58.0,2,1,0,1
825.0,48.0,1,2,1,2
610.0,65.0,2,2,1,1
680.0,69.0,2,2,1,2
550.0,68.0,3,2,1,1
820.0,83.0,2,2,1,1
655.0,58.0,2,1,0,1
455.0,60.0,3,2,1,1
700.0,58.0,2,2,1,1
1600.0,170.0,3,4,3,3
4000.0,245.0,4,5,4,3
800.0,68.0,2,2,1,1
440.0,50.0,2,1,0,1
915.0,74.0,2,2,1,1
260.0,65.0,2,2,1,1
430.0,72.0,3,1,0,1
972.0,120.0,3,2,1,1
1000.0,60.0,2,2,1,2
1080.0,162.0,4,3,2,2
2500.0,62.0,1,2,1,2
0.0,65.0,2,2,1,1
670.0,90.0,3,2,1,2
1533.0,158.0,2,2,1,2
795.0,68.0,3,2,1,1
0.0,50.0,1,2,1,1
0.0,32.0,1,2,1,1
310.0,57.0,1,1,0,0
270.0,70.0,2,1,0,0
800.0,68.0,3,2,1,2
776.0,84.0,2,1,0,1
250.0,40.0,1,2,1,1
416.0,62.0,3,1,0,1
2300.0,131.0,2,3,2,2
0.0,50.0,2,2,1,1
426.0,45.0,2,2,1,1
537.0,70.0,2,2,1,1
850.0,73.0,2,2,1,1
600.0,144.0,2,1,0,1
780.0,110.0,3,2,1,2
130.0,56.0,2,2,1,1
420.0,60.0,2,1,0,1
1275.0,150.0,3,4,1,2
600.0,70.0,3,2,1,1
1012.0,96.0,3,2,1,2
710.0,45.0,1,2,1,1
53.0,70.0,2,2,1,1
3920.0,210.0,4,4,3,3
720.0,93.0,2,2,1,1
746.0,62.0,2,2,1,2
1150.0,85.0,2,2,1,1
1100.0,142.0,4,3,2,2
390.0,51.0,2,1,0,1
2750.0,100.0,2,2,1,1
1530.0,143.0,3,4,3,3
594.0,69.0,3,2,1,1
590.0,80.0,2,2,1,1
550.0,40.0,1,2,1,1
550.0,68.0,2,2,1,1
0.0,69.0,2,2,1,1
602.0,60.0,2,1,0,1
0.0,65.0,2,1,0,0
2100.0,180.0,2,3,2,3
320.0,50.0,2,2,1,1
420.0,66.0,2,2,1,1
5705.0,469.0,4,5,4,4
2500.0,203.0,3,4,3,3
2940.0,194.0,4,2,1,3
0.0,60.0,1,2,1,1
2102.0,190.0,3,2,1,2
430.0,47.0,2,2,1,1
512.0,60.0,3,2,1,1
562.0,67.0,2,2,1,1
105.0,56.0,2,2,1,1
2626.0,172.0,2,4,2,2
0.0,56.0,2,2,1,1
1079.0,115.0,4,5,2,4
455.0,70.0,2,2,1,1
380.0,42.0,1,1,0,1
250.0,54.0,2,2,1,1
550.0,53.0,2,1,0,1
0.0,48.0,2,2,1,1
942.0,109.0,2,1,0,1
621.0,70.0,3,2,1,1
0.0,270.0,4,6,4,4
521.0,58.0,2,2,1,1
950.0,64.0,2,2,1,1
356.0,38.0,1,1,0,1
1650.0,213.0,3,4,3,3
0.0,60.0,2,2,1,1
650.0,35.0,1,2,1,1
350.0,47.0,2,1,0,1
476.0,68.0,3,2,1,1
700.0,53.0,2,2,1,1
730.0,70.0,3,2,1,1
450.0,54.0,2,2,1,1
480.0,52.0,2,2,1,1
474.0,48.0,2,2,1,1
400.0,52.0,2,2,1,1
1541.0,119.0,3,2,1,3
350.0,32.0,1,1,0,1
365.0,64.0,2,2,1,1
520.0,63.0,3,2,1,2
0.0,50.0,1,2,1,1
1200.0,32.0,1,2,1,1
450.0,90.0,3,2,1,1
1000.0,60.0,2,2,1,3
800.0,80.0,3,2,1,1
646.0,41.0,1,2,1,1
0.0,45.0,2,2,1,1
1624.0,120.0,3,2,1,2
700.0,77.0,3,2,1,1
640.0,80.0,3,2,1,1
395.0,73.0,2,2,1,1
650.0,80.0,3,2,1,2
882.0,104.0,3,2,1,2
200.0,45.0,1,1,0,0
0.0,50.0,1,1,0,1
620.0,53.0,1,2,1,1
930.0,98.0,2,3,2,2
533.0,55.0,2,2,1,1
2500.0,245.0,3,4,3,3
300.0,45.0,2,2,1,1
200.0,48.0,2,1,0,1
843.0,65.0,2,2,1,2
604.0,72.0,3,2,1,1
615.0,57.0,2,2,1,1
1690.0,162.0,3,3,2,2
637.0,37.0,1,1,0,1
380.0,50.0,2,2,1,1
750.0,44.0,1,2,1,1
400.0,65.0,2,2,1,1
1050.0,195.0,4,3,2,3
0.0,58.0,2,2,1,1
970.0,75.0,3,3,1,2
0.0,70.0,2,2,1,1
600.0,70.0,2,2,1,2
4633.0,314.0,4,4,3,5
4742.0,373.0,4,2,1,4
783.0,60.0,2,2,1,1
1400.0,225.0,3,2,3,4
389.0,48.0,2,1,0,1
626.0,60.0,2,1,0,1
342.0,60.0,3,2,1,1
680.0,65.0,2,3,2,1
561.0,80.0,2,1,0,0
299.0,58.0,2,2,1,1
790.0,79.0,2,2,1,1
100.0,30.0,1,1,0,0
415.0,62.0,3,1,0,1
420.0,42.0,1,1,0,1
735.0,77.0,3,2,1,2
0.0,40.0,2,2,1,1
2639.0,162.0,3,6,3,3
602.0,71.0,2,2,1,1
812.0,55.0,2,2,1,1
1250.0,120.0,3,2,1,2
0.0,48.0,1,2,1,1
0.0,47.0,2,1,0,0
510.0,66.0,3,2,1,2
1500.0,136.0,4,2,1,3
1020.0,112.0,2,3,1,2
650.0,75.0,2,2,1,1
445.0,55.0,2,1,0,1
500.0,62.0,2,2,1,1
1950.0,168.0,3,4,3,3
652.0,81.0,2,1,0,1
390.0,54.0,2,2,1,1
400.0,68.0,3,2,1,1
1580.0,145.0,4,3,2,2
563.0,58.0,2,2,1,1
580.0,60.0,3,1,0,1
1000.0,85.0,3,2,1,2
1200.0,114.0,3,3,1,2
330.0,45.0,2,2,1,1
950.0,100.0,2,1,0,1
1130.0,120.0,3,3,1,2
1900.0,62.0,1,2,1,2
691.0,68.0,2,2,1,2
590.0,72.0,3,2,1,1
1250.0,110.0,3,2,1,2
540.0,60.0,3,2,1,1
540.0,69.0,3,2,1,1
1007.0,93.0,3,2,1,2
750.0,67.0,1,2,1,1
0.0,163.0,4,5,3,3
260.0,33.0,1,2,1,1
0.0,148.0,3,5,3,2
400.0,60.0,2,2,1,1
500.0,60.0,2,2,1,1
480.0,64.0,1,1,0,0
800.0,90.0,2,2,1,1
715.0,90.0,3,3,1,2
510.0,61.0,2,2,1,1
1250.0,120.0,2,3,2,2
412.0,65.0,2,2,1,1
900.0,86.0,2,2,1,2
2569.0,240.0,4,3,2,3
900.0,136.0,4,2,1,2
0.0,59.0,2,1,0,1
1400.0,177.0,3,5,3,3
600.0,96.0,3,3,1,2
591.0,70.0,2,2,1,1
370.0,70.0,3,2,1,1
905.0,64.0,2,2,1,1
1007.0,117.0,3,2,1,2
639.0,74.0,3,1,0,1
725.0,55.0,2,1,0,1
1561.0,130.0,4,3,1,2
1842.0,42.0,1,1,0,2
665.0,68.0,3,1,0,1
0.0,48.0,2,2,1,1
1106.0,130.0,3,2,1,1
125.0,80.0,2,1,0,0
400.0,75.0,1,2,1,1
800.0,70.0,2,2,1,1
877.0,59.0,2,2,1,2
429.0,54.0,2,2,1,1
160.0,50.0,2,2,1,1
1000.0,95.0,3,2,1,2
170.0,48.0,2,1,0,1
350.0,50.0,2,2,1,1
1000.0,149.0,3,4,3,2
680.0,64.0,2,1,0,1
1146.0,158.0,3,4,3,2
1100.0,133.0,3,4,3,2
190.0,48.0,2,2,1,1
750.0,70.0,2,1,0,2
270.0,44.0,1,2,1,1
535.0,60.0,2,1,0,1
380.0,49.0,2,2,1,1
630.0,50.0,1,2,1,1
422.0,59.0,2,1,0,1
500.0,65.0,2,2,1,2
650.0,62.0,2,2,1,1
3204.0,370.0,4,6,4,5
402.0,50.0,2,1,0,1
1076.0,180.0,4,1,3,2
0.0,45.0,2,1,0,1
483.0,60.0,2,1,0,1
462.0,60.0,2,1,0,1
415.0,78.0,2,2,1,2
850.0,77.0,2,2,1,1
840.0,92.0,3,2,1,2
780.0,44.0,1,2,1,1
330.0,50.0,2,1,0,1
1007.0,93.0,3,2,1,2
474.0,35.0,1,2,1,1
1071.0,98.0,2,2,1,2
530.0,56.0,2,1,0,1
555.0,70.0,3,2,1,1
785.0,79.0,2,2,1,2
1300.0,120.0,3,2,1,2
1000.0,100.0,4,2,1,2
800.0,76.0,2,1,0,1
720.0,56.0,2,2,1,1
620.0,123.0,3,2,1,1
1800.0,95.0,4,3,2,2
740.0,65.0,3,2,1,1
0.0,168.0,3,3,1,2
646.0,40.0,1,2,1,1
835.0,64.0,2,1,0,1
337.0,45.0,1,1,0,1
523.0,50.0,2,2,1,1
293.0,70.0,2,1,0,1
0.0,50.0,1,2,1,1
493.0,35.0,1,2,1,1
200.0,45.0,2,1,0,0
690.0,65.0,3,2,1,1
680.0,69.0,2,2,1,2
3200.0,180.0,3,2,1,2
1251.0,103.0,2,2,0,1
788.0,76.0,3,2,1,2
610.0,64.0,3,1,0,1
400.0,55.0,2,1,0,1
811.0,107.0,3,2,1,2
3778.0,220.0,3,5,3,3
2019.0,42.0,1,1,0,1
310.0,46.0,2,1,0,1
600.0,35.0,1,1,0,1
507.0,60.0,3,2,1,1
480.0,53.0,2,1,0,1
870.0,75.0,2,2,1,1
1035.0,81.0,2,2,1,1
650.0,62.0,1,2,1,1
600.0,70.0,3,2,1,2
0.0,52.0,2,2,1,1
780.0,130.0,3,2,1,1
120.0,45.0,1,2,1,1
485.0,60.0,2,2,1,1
481.0,53.0,2,1,0,2
560.0,57.0,2,1,0,1
723.0,50.0,2,1,0,0
539.0,51.0,2,1,0,1
750.0,68.0,2,2,1,1
1000.0,90.0,2,3,2,2
500.0,64.0,3,1,0,1
1040.0,105.0,3,3,1,2
460.0,50.0,2,1,0,1
2200.0,192.0,3,4,3,3
375.0,55.0,2,2,1,1
450.0,50.0,2,2,1,1
560.0,40.0,1,1,0,1
2192.0,210.0,4,5,4,4
750.0,56.0,2,2,1,1
1750.0,165.0,4,5,2,4
531.0,40.0,1,2,1,1
1900.0,170.0,4,4,3,3
629.0,75.0,2,1,0,1
350.0,55.0,2,1,0,1
746.0,90.0,2,1,0,1
230.0,55.0,1,2,1,1
0.0,65.0,2,2,1,1
250.0,47.0,2,2,1,1
1100.0,83.0,2,2,1,1
421.0,50.0,2,1,0,1
750.0,72.0,2,2,1,2
385.0,52.0,2,2,1,1
550.0,42.0,1,1,0,2
2100.0,144.0,3,2,1,2
375.0,50.0,1,1,0,0
420.0,47.0,2,2,1,1
2900.0,155.0,3,2,1,3
268.0,37.0,1,1,0,1
726.0,84.0,3,2,1,1
505.0,55.0,2,2,1,1
595.0,73.0,1,2,1,1
510.0,71.0,3,1,0,1
110.0,42.0,1,1,0,1
2000.0,178.0,3,4,3,4
3300.0,188.0,2,4,2,2
540.0,62.0,2,2,1,1
520.0,43.0,1,2,1,1
1500.0,145.0,4,4,2,2
500.0,45.0,2,1,0,1
735.0,65.0,2,2,1,2
400.0,65.0,3,2,1,1
365.0,72.0,3,2,1,1
200.0,50.0,2,2,1,1
800.0,73.0,2,1,0,1
904.0,190.0,3,5,1,1
320.0,43.0,1,2,1,1
50.0,70.0,3,2,1,1
599.0,56.0,2,2,1,1
650.0,60.0,2,2,1,2
630.0,75.0,3,2,1,2
650.0,82.0,3,2,1,2
0.0,40.0,1,2,1,1
0.0,50.0,2,2,1,1
310.0,57.0,1,2,1,1
530.0,58.0,2,1,0,1
246.0,56.0,2,2,1,1
500.0,60.0,2,2,1,1
504.0,61.0,1,1,0,0
50.0,80.0,3,2,1,1
0.0,46.0,1,1,0,1
1200.0,80.0,1,2,1,2
570.0,60.0,2,1,0,1
564.0,55.0,2,2,1,1
0.0,62.0,2,2,1,1
0.0,65.0,3,1,0,1
5000.0,280.0,4,5,4,4
0.0,45.0,2,2,1,1
455.0,66.0,2,2,1,1
0.0,45.0,2,2,1,1
650.0,83.0,2,2,1,2
350.0,50.0,2,1,0,1
710.0,65.0,2,2,1,1
360.0,53.0,2,2,1,1
360.0,42.0,2,2,1,1
465.0,65.0,2,2,1,1
597.0,60.0,2,2,1,1
1100.0,87.0,2,1,0,2
560.0,70.0,2,2,1,1
0.0,50.0,2,2,1,1
1360.0,90.0,3,2,1,2
0.0,90.0,1,2,1,1
340.0,50.0,2,1,0,1
795.0,101.0,3,2,1,2
650.0,68.0,2,1,0,1
538.0,37.0,1,1,0,1
574.0,79.0,2,2,1,2
1377.0,140.0,3,2,1,1
770.0,50.0,2,1,0,1
650.0,75.0,3,2,1,1
1700.0,177.0,3,4,3,4
3613.0,269.0,3,4,3,3
700.0,64.0,2,2,1,1
350.0,49.0,2,2,1,1
456.0,49.0,1,1,0,1
620.0,67.0,3,2,1,2
600.0,54.0,2,2,1,1
550.0,60.0,2,2,1,1
600.0,80.0,3,2,1,2
140.0,48.0,2,1,0,1
273.0,32.0,1,2,1,1
1100.0,103.0,2,3,1,1
484.0,53.0,2,2,1,1
875.0,90.0,3,2,1,2
396.0,55.0,2,2,1,1
646.0,40.0,1,2,1,1
917.0,53.0,2,2,1,1
840.0,84.0,3,2,1,1
640.0,58.0,2,2,1,1
900.0,94.0,2,2,1,2
1345.0,163.0,3,4,3,3
1100.0,100.0,3,2,1,3
411.0,75.0,2,2,1,1
450.0,55.0,2,1,0,1
400.0,47.0,2,2,1,1
650.0,60.0,2,2,1,1
511.0,50.0,2,2,1,1
578.0,66.0,2,2,1,1
4690.0,540.0,4,3,2,4
200.0,54.0,2,2,1,1
2345.0,196.0,4,3,2,3
480.0,76.0,3,2,1,1
700.0,72.0,2,2,1,1
2100.0,47.0,1,2,1,1
1800.0,176.0,3,4,3,3
270.0,44.0,1,1,0,1
1200.0,75.0,2,2,1,2
3000.0,267.0,3,4,3,5
1500.0,160.0,2,3,1,2
400.0,40.0,1,1,0,1
1600.0,140.0,3,4,3,2
373.0,48.0,2,2,1,1
400.0,65.0,3,2,1,1
455.0,41.0,1,1,0,1
580.0,45.0,1,1,0,1
400.0,39.0,2,2,1,1
0.0,45.0,2,2,1,1
395.0,54.0,2,1,0,1
620.0,64.0,3,2,1,1
1500.0,197.0,4,5,4,4
4086.0,305.0,3,3,2,3
966.0,55.0,1,2,1,1
766.0,45.0,1,2,1,1
380.0,68.0,3,2,1,1
1100.0,133.0,3,3,1,2
683.0,80.0,3,2,1,2
615.0,75.0,3,1,0,1
0.0,48.0,2,2,1,1
415.0,63.0,2,1,0,1
400.0,65.0,2,1,0,1
450.0,52.0,2,1,0,1
700.0,85.0,3,2,1,2
3100.0,223.0,3,2,1,2
1600.0,250.0,4,1,3,3
538.0,55.0,1,1,0,1
340.0,45.0,2,1,0,1
742.0,77.0,3,1,0,1
1600.0,140.0,3,4,1,2
317.0,36.0,1,1,0,0
5200.0,420.0,4,5,4,4
500.0,69.0,3,2,1,1
456.0,49.0,1,1,0,1
0.0,92.0,2,2,1,1
350.0,48.0,2,2,1,1
413.0,75.0,2,2,1,1
1076.0,180.0,4,1,3,2
1671.0,100.0,3,2,1,1
1750.0,144.0,3,4,3,2
2035.0,194.0,4,4,3,4
465.0,48.0,2,1,0,1
420.0,51.0,2,2,1,1
320.0,65.0,2,2,1,1
835.0,72.0,2,2,1,2
0.0,40.0,1,1,0,0
830.0,53.0,2,2,1,1
782.0,90.0,3,2,1,1
566.0,92.0,2,1,0,1
854.0,118.0,2,2,1,1
2520.0,180.0,4,4,3,2
1490.0,117.0,3,4,1,2
100.0,48.0,2,2,1,1
610.0,78.0,2,2,1,2
1370.0,162.0,2,1,0,2
867.0,92.0,3,2,1,2
727.0,67.0,2,2,1,1
283.0,56.0,2,2,1,1
1500.0,180.0,4,4,3,3
3200.0,277.0,4,6,4,4
955.0,61.0,2,2,0,1
400.0,65.0,2,2,1,1
1850.0,208.0,3,2,1,2
1400.0,63.0,1,2,1,2
590.0,35.0,1,2,1,1
3099.0,420.0,4,6,4,5
350.0,50.0,2,2,1,1
800.0,55.0,1,2,1,1
600.0,64.0,3,1,0,1
2225.0,157.0,3,4,3,4
1440.0,115.0,3,2,1,2
459.0,65.0,2,1,0,1
430.0,60.0,2,2,1,1
400.0,53.0,3,1,0,1
600.0,63.0,1,2,1,2
360.0,65.0,2,2,1,1
1600.0,154.0,4,3,2,3
1750.0,225.0,3,3,1,2
500.0,44.0,1,1,0,1
592.0,60.0,1,1,0,1
529.0,53.0,2,1,0,1
750.0,55.0,1,2,1,1
430.0,68.0,2,1,0,1
3600.0,300.0,4,5,4,4
700.0,74.0,2,1,0,1
3700.0,270.0,4,5,4,2
420.0,46.0,2,1,0,1
700.0,86.0,3,2,1,2
620.0,85.0,2,1,0,1
416.0,54.0,2,2,1,1
120.0,56.0,2,1,0,1
700.0,96.0,3,2,1,1
850.0,176.0,4,5,2,3
227.0,45.0,2,2,1,1
544.0,65.0,2,2,1,1
585.0,85.0,2,2,1,1
500.0,60.0,2,1,0,1
2800.0,160.0,3,4,3,3
360.0,65.0,2,2,1,1
234.0,53.0,2,1,0,1
275.0,44.0,1,1,0,1
580.0,149.0,2,1,0,0
747.0,63.0,2,3,2,2
438.0,49.0,2,1,0,1
500.0,95.0,3,2,1,1
0.0,30.0,1,1,0,0
400.0,60.0,2,2,1,1
500.0,65.0,2,2,1,2
597.0,78.0,3,2,1,2
558.0,75.0,3,2,1,1
600.0,75.0,2,2,1,1
120.0,70.0,2,2,1,1
1710.0,233.0,4,5,4,3
1000.0,147.0,3,2,1,2
1292.0,127.0,3,2,1,2
400.0,47.0,2,1,0,1
2265.0,290.0,3,5,2,3
650.0,45.0,2,2,1,1
1700.0,105.0,3,3,1,2
2500.0,187.0,3,5,3,3
420.0,45.0,1,2,1,1
360.0,50.0,2,2,1,1
60.0,58.0,2,2,1,1
300.0,70.0,2,2,1,1
1400.0,140.0,3,2,1,2
624.0,74.0,1,2,1,1
420.0,46.0,2,1,0,1
654.0,44.0,1,1,0,1
700.0,87.0,2,2,1,2
1200.0,180.0,3,2,3,2
625.0,68.0,2,2,1,2
0.0,62.0,2,2,1,1
670.0,64.0,2,1,0,1
395.0,86.0,2,2,1,1
0.0,59.0,2,2,1,1
3000.0,130.0,2,2,1,2
1650.0,70.0,2,2,1,2
0.0,130.0,3,4,3,3
490.0,70.0,3,2,1,1
4200.0,257.0,4,2,1,3
680.0,36.0,1,1,0,1
420.0,58.0,2,2,1,1
432.0,47.0,2,1,0,1
1600.0,177.0,4,4,3,3
445.0,55.0,2,2,1,1
430.0,45.0,2,1,0,1
310.0,45.0,1,2,1,1
470.0,77.0,2,2,1,1
400.0,50.0,2,1,0,1
650.0,35.0,1,2,1,1
1625.0,190.0,3,4,3,3
462.0,52.0,2,2,1,1
900.0,90.0,3,2,1,2
3500.0,312.0,4,5,4,4
585.0,57.0,2,1,0,1
550.0,47.0,1,2,1,1
1370.0,87.0,2,2,1,1
1000.0,150.0,2,3,2,2
0.0,48.0,2,2,1,1
600.0,51.0,1,1,0,1
680.0,35.0,1,2,1,1
0.0,64.0,3,2,1,1
246.0,56.0,2,2,1,1
115.0,48.0,2,2,1,1
2300.0,140.0,3,4,3,3
2682.0,220.0,3,5,4,3
500.0,79.0,2,1,0,1
890.0,68.0,3,2,1,2
1460.0,85.0,3,2,1,2
340.0,49.0,2,2,1,1
450.0,110.0,2,2,1,1
470.0,65.0,2,1,0,0
743.0,77.0,3,2,1,1
530.0,50.0,2,2,1,1
0.0,45.0,2,2,1,1
195.0,48.0,2,2,1,1
600.0,90.0,2,2,1,1
350.0,36.0,1,2,1,1
734.0,91.0,3,2,1,2
400.0,52.0,2,2,1,1
510.0,70.0,3,2,1,1
375.0,63.0,3,2,1,1
430.0,62.0,2,2,1,0
608.0,55.0,1,2,1,1
0.0,110.0,2,2,1,1
618.0,40.0,1,1,0,1
650.0,70.0,3,2,1,1
660.0,44.0,1,1,0,1
569.0,49.0,2,1,0,1
593.0,68.0,3,2,1,1
750.0,88.0,3,2,1,2
70.0,60.0,2,2,1,1
1400.0,132.0,3,2,1,1
1300.0,85.0,3,2,1,1
1600.0,122.0,2,3,2,2
1500.0,178.0,3,4,3,3
551.0,35.0,1,2,1,1
420.0,65.0,2,1,0,1
2600.0,393.0,3,2,1,1
3740.0,195.0,3,4,3,3
500.0,50.0,2,2,1,1
3700.0,240.0,3,4,3,3
498.0,58.0,2,2,1,1
585.0,79.0,3,2,1,1
432.0,60.0,2,2,1,1
1400.0,132.0,3,2,1,1
500.0,80.0,3,2,1,2
1100.0,90.0,3,3,1,2
600.0,60.0,2,2,1,1
100.0,49.0,2,1,0,1
837.0,95.0,3,3,1,2
195.0,61.0,2,2,1,1
3000.0,62.0,1,2,1,1
0.0,50.0,2,1,0,0
490.0,64.0,2,2,1,1
0.0,33.0,1,2,1,1
360.0,70.0,3,2,1,1
633.0,63.0,3,2,1,1
750.0,70.0,3,2,1,1
401.0,38.0,1,1,0,0
1090.0,120.0,3,2,1,2
480.0,50.0,2,2,1,1
692.0,54.0,2,1,0,1
1200.0,150.0,3,2,1,2
500.0,46.0,1,1,0,1
0.0,45.0,2,1,0,1
1420.0,150.0,3,3,1,1
670.0,53.0,2,1,0,1
0.0,106.0,3,2,1,1
636.0,74.0,3,2,1,1
1600.0,184.0,3,4,3,3
0.0,80.0,2,2,1,1
380.0,30.0,1,2,1,1
2500.0,220.0,3,4,3,3
572.0,51.0,1,1,0,1
1530.0,127.0,3,5,3,2
1080.0,131.0,3,3,1,1
420.0,63.0,3,2,1,1
1245.0,140.0,3,2,1,3
240.0,53.0,2,1,0,1
350.0,63.0,2,1,0,1
1300.0,110.0,3,4,2,2
729.0,61.0,2,2,1,2
279.0,43.0,1,1,0,1
330.0,64.0,3,2,1,1
800.0,48.0,1,1,0,1
651.0,30.0,1,2,1,1
0.0,264.0,3,4,3,5
500.0,54.0,2,1,0,1
650.0,74.0,3,2,1,2
650.0,85.0,2,2,1,2
520.0,71.0,2,2,1,1
400.0,55.0,2,2,1,1
1580.0,154.0,3,4,1,2
995.0,100.0,3,2,1,1
1001.0,99.0,3,2,1,1
375.0,69.0,3,2,1,1
900.0,80.0,3,1,0,1
484.0,55.0,2,2,1,1
400.0,49.0,1,2,1,1
540.0,50.0,2,2,1,1
530.0,63.0,3,2,1,1
1850.0,161.0,4,4,3,3
1520.0,180.0,3,5,3,2
1740.0,155.0,3,2,1,2
484.0,47.0,2,2,1,1
4700.0,325.0,4,3,1,4
446.0,56.0,2,2,1,1
0.0,273.0,10,4,1,8
641.0,70.0,3,2,1,1
387.0,71.0,1,1,0,1
2000.0,101.0,1,2,1,2
0.0,60.0,1,2,1,2
1332.0,169.0,3,3,1,1
0.0,55.0,2,2,1,1
470.0,48.0,1,1,0,1
800.0,75.0,3,1,0,2
420.0,50.0,2,2,1,1
0.0,54.0,2,2,1,1
360.0,65.0,2,1,0,1
1155.0,172.0,3,4,3,3
600.0,60.0,2,2,1,1
540.0,70.0,3,2,1,1
650.0,35.0,1,2,1,1
670.0,61.0,3,2,1,1
1939.0,150.0,3,4,1,2
750.0,80.0,3,2,1,1
750.0,135.0,3,3,1,2
453.0,51.0,2,2,1,1
690.0,110.0,2,1,0,1
0.0,50.0,2,2,1,1
770.0,47.0,1,1,0,1
533.0,107.0,3,2,1,2
450.0,57.0,2,2,1,1
500.0,61.0,2,2,1,1
1600.0,107.0,2,3,2,2
580.0,46.0,1,2,1,1
340.0,45.0,1,2,1,1
1031.0,92.0,2,3,1,2
2200.0,165.0,3,2,1,2
487.0,50.0,2,2,1,1
670.0,70.0,3,1,0,2
400.0,39.0,1,2,1,1
443.0,85.0,2,2,1,1
1345.0,163.0,3,5,3,3
1880.0,200.0,3,2,1,2
550.0,62.0,2,2,1,1
605.0,62.0,2,2,1,1
900.0,90.0,3,2,1,2
650.0,114.0,3,3,1,2
658.0,53.0,2,1,0,1
935.0,107.0,3,2,1,1
580.0,68.0,2,2,1,1
1200.0,120.0,4,3,2,2
950.0,135.0,3,3,2,2
1100.0,120.0,3,4,1,3
1050.0,84.0,3,2,1,2
1061.0,96.0,2,4,2,2
540.0,43.0,1,1,0,1
0.0,47.0,1,2,1,1
0.0,92.0,1,2,1,1
4995.0,240.0,3,4,3,3
1502.0,111.0,3,2,1,2
0.0,34.0,1,1,0,0
850.0,70.0,1,2,1,1
0.0,67.0,1,2,1,2
250.0,35.0,1,1,0,0
3200.0,150.0,2,3,2,2
550.0,83.0,3,2,1,1
1180.0,126.0,3,2,1,3
1300.0,93.0,3,3,1,2
0.0,40.0,1,1,0,0
550.0,62.0,2,2,1,1
290.0,60.0,2,2,1,1
850.0,80.0,2,1,0,1
550.0,79.0,3,2,1,2
1700.0,130.0,3,4,3,3
1379.0,150.0,3,2,1,1
551.0,57.0,2,2,1,1
1150.0,162.0,3,4,3,2
1450.0,150.0,3,3,1,1
180.0,100.0,2,2,1,1
408.0,50.0,2,1,0,1
470.0,37.0,1,1,0,1
550.0,74.0,3,2,1,1
509.0,40.0,1,1,0,1
2700.0,215.0,3,3,0,1
550.0,75.0,2,1,0,0
400.0,40.0,1,1,0,0
600.0,70.0,2,1,0,1
0.0,69.0,3,2,1,1
900.0,78.0,3,2,1,2
520.0,70.0,2,2,1,1
574.0,65.0,3,2,1,1
2450.0,174.0,4,2,1,2
1395.0,103.0,2,2,1,1
478.0,53.0,2,2,1,1
0.0,40.0,1,2,1,1
660.0,60.0,3,2,1,1
2000.0,185.0,4,3,2,3
200.0,60.0,2,2,1,1
853.0,72.0,3,2,1,2
500.0,63.0,3,2,1,1
1250.0,148.0,3,4,3,2
1050.0,86.0,2,2,1,1
877.0,66.0,2,1,0,1
400.0,55.0,2,1,0,1
578.0,50.0,2,1,0,1
580.0,44.0,2,1,0,1
0.0,40.0,1,2,1,1
480.0,70.0,3,2,1,1
4500.0,325.0,4,4,3,4
0.0,80.0,1,2,1,1
1600.0,210.0,3,4,3,3
520.0,43.0,1,2,1,1
547.0,64.0,2,1,0,0
605.0,72.0,3,2,1,1
430.0,66.0,3,2,1,1
270.0,44.0,1,1,0,1
0.0,120.0,3,2,1,1
750.0,63.0,2,2,1,1
1000.0,132.0,3,2,1,3
4000.0,420.0,4,5,4,4
0.0,74.0,2,2,1,2
800.0,79.0,2,2,1,2
0.0,65.0,2,2,1,1
210.0,70.0,2,1,0,0
610.0,59.0,3,2,1,1
350.0,50.0,3,1,0,1
1850.0,158.0,3,4,3,3
500.0,74.0,2,2,1,1
106.0,48.0,2,2,1,1
750.0,77.0,3,2,1,2
504.0,80.0,3,2,1,2
515.0,60.0,2,2,1,1
816.0,75.0,3,1,0,1
700.0,43.0,1,2,1,1
2833.0,184.0,3,4,3,4
473.0,66.0,2,1,0,2
805.0,63.0,1,2,1,1
350.0,36.0,1,2,1,1
2500.0,178.0,4,4,3,4
800.0,89.0,2,2,1,1
330.0,56.0,2,2,1,1
780.0,80.0,2,2,1,1
300.0,37.0,1,2,1,1
597.0,75.0,3,2,1,1
160.0,50.0,2,2,1,1
609.0,55.0,2,2,1,1
1.0,73.0,3,2,1,2
280.0,56.0,2,1,0,1
350.0,48.0,2,1,0,1
476.0,65.0,3,1,0,1
70.0,30.0,1,2,1,1
706.0,67.0,2,2,1,1
505.0,50.0,2,2,1,1
500.0,63.0,3,2,1,1
663.0,59.0,3,1,0,1
450.0,47.0,2,1,0,1
550.0,65.0,2,2,1,1
480.0,50.0,1,2,1,1
2600.0,330.0,5,4,3,2
1615.0,140.0,4,2,1,2
700.0,84.0,3,2,1,2
2000.0,210.0,4,3,2,3
0.0,40.0,1,1,0,0
400.0,55.0,2,2,1,1
500.0,45.0,1,2,1,1
1320.0,180.0,3,2,1,2
0.0,50.0,2,1,0,1
570.0,60.0,3,1,0,1
909.0,90.0,3,2,1,1
430.0,45.0,1,1,0,1
783.0,78.0,3,1,0,1
1800.0,267.0,4,3,2,4
560.0,60.0,2,1,0,1
0.0,35.0,1,1,0,0
2850.0,211.0,3,4,3,3
550.0,65.0,3,2,1,1
446.0,59.0,2,1,0,1
250.0,60.0,2,2,1,1
790.0,75.0,3,2,1,2
555.0,70.0,3,2,1,1
700.0,72.0,3,2,1,1
940.0,88.0,3,2,1,2
0.0,93.0,3,2,1,2
1000.0,135.0,3,4,3,2
697.0,86.0,3,2,1,2
679.0,69.0,3,2,1,1
368.0,69.0,2,2,1,1
0.0,59.0,2,2,1,1
330.0,56.0,2,2,1,1
800.0,126.0,3,2,1,1
388.0,50.0,2,2,1,1
550.0,60.0,2,2,1,1
396.0,66.0,2,2,1,1
1449.0,156.0,3,4,3,3
4100.0,280.0,4,5,4,4
570.0,50.0,1,1,0,1
743.0,50.0,2,2,1,1
0.0,44.0,2,2,1,1
2256.0,42.0,1,2,1,1
835.0,74.0,2,2,1,2
470.0,54.0,2,2,1,1
980.0,70.0,2,3,2,1
2835.0,190.0,3,3,1,2
200.0,46.0,2,2,1,1
1100.0,84.0,3,2,1,2
1000.0,101.0,2,3,2,2
1960.0,186.0,3,4,3,3
2600.0,259.0,3,4,1,1
685.0,95.0,3,2,1,2
547.0,56.0,2,1,0,1
890.0,85.0,3,3,1,2
0.0,50.0,2,2,1,1
2000.0,255.0,4,5,4,4
620.0,67.0,3,2,1,2
500.0,58.0,2,2,1,1
1024.0,79.0,3,2,0,1
450.0,48.0,1,1,0,0
680.0,73.0,3,2,1,1
500.0,45.0,1,2,1,1
1250.0,164.0,4,2,1,2
1900.0,150.0,3,4,3,3
639.0,72.0,3,2,1,1
605.0,60.0,3,2,1,1
300.0,60.0,2,2,1,1
1250.0,117.0,3,2,1,2
980.0,138.0,3,2,1,1
2343.0,195.0,3,4,3,3
1550.0,168.0,3,2,1,2
425.0,40.0,1,2,1,1
640.0,74.0,3,1,0,1
3500.0,280.0,3,4,3,3
3600.0,230.0,4,4,3,3
500.0,60.0,2,1,0,1
4901.0,336.0,4,5,4,5
770.0,56.0,2,2,1,1
415.0,48.0,2,1,0,1
575.0,56.0,2,1,0,1
1300.0,85.0,3,2,1,1
1701.0,155.0,3,3,2,3
425.0,56.0,2,2,1,1
350.0,48.0,2,2,1,1
500.0,48.0,2,1,0,1
0.0,181.0,4,4,3,2
522.0,50.0,2,2,1,1
0.0,133.0,3,3,2,3
398.0,53.0,2,2,1,1
407.0,54.0,2,2,1,1
441.0,50.0,1,1,0,0
848.0,79.0,2,1,0,1
477.0,58.0,2,1,0,1
600.0,79.0,3,1,2,2
395.0,55.0,2,2,1,1
812.0,70.0,3,1,0,1
395.0,73.0,2,2,1,1
1320.0,70.0,2,2,1,2
1400.0,45.0,1,2,1,1
3200.0,230.0,4,3,2,3
0.0,74.0,2,2,1,1
900.0,113.0,3,2,1,1
400.0,55.0,2,2,1,1
0.0,70.0,2,2,1,1
280.0,45.0,2,2,1,1
1100.0,43.0,1,2,1,1
277.0,50.0,2,2,1,1
1850.0,192.0,4,4,3,2
1450.0,155.0,3,4,3,3
0.0,117.0,4,2,1,3
1280.0,81.0,2,2,1,2
768.0,51.0,2,2,1,2
441.0,50.0,1,2,1,1
1200.0,180.0,4,6,3,2
1325.0,157.0,3,2,1,1
620.0,70.0,2,2,1,1
520.0,42.0,1,2,1,1
1250.0,65.0,2,2,1,2
320.0,60.0,2,2,1,1
520.0,55.0,2,2,1,1
450.0,50.0,2,2,1,1
2278.0,183.0,4,3,2,3
36.0,45.0,1,2,1,0
0.0,75.0,2,2,1,1
1078.0,104.0,3,2,1,2
215.0,48.0,1,2,1,1
380.0,66.0,2,1,0,1
915.0,100.0,3,2,1,1
340.0,48.0,2,2,1,1
512.0,47.0,2,2,1,1
1000.0,90.0,2,2,1,1
0.0,82.0,3,2,1,1
900.0,90.0,3,2,1,2
260.0,50.0,2,2,1,1
2833.0,184.0,3,4,3,4
400.0,45.0,3,2,1,1
299.0,58.0,2,1,0,1
440.0,62.0,2,2,1,1
4509.0,400.0,4,5,4,3
663.0,70.0,3,2,1,1
500.0,62.0,2,2,1,1
546.0,61.0,2,2,1,1
790.0,45.0,1,2,1,1
1490.0,140.0,3,3,1,3
611.0,70.0,2,1,0,1
2700.0,210.0,3,5,3,3
416.0,45.0,2,1,0,1
850.0,80.0,2,1,0,1
950.0,70.0,2,2,1,1
1.0,40.0,1,2,1,1
500.0,64.0,3,2,1,1
700.0,60.0,2,2,1,1
1200.0,134.0,3,5,3,2
880.0,105.0,3,2,1,2
650.0,40.0,2,1,0,1
631.0,66.0,2,1,0,1
450.0,65.0,2,2,1,1
515.0,58.0,2,1,0,1
680.0,110.0,3,2,1,2
680.0,65.0,2,1,0,1
1100.0,105.0,3,4,1,2
1400.0,140.0,3,3,1,2
220.0,54.0,1,2,1,1
420.0,71.0,3,2,1,1
380.0,36.0,1,1,0,1
0.0,60.0,3,2,1,1
700.0,90.0,3,3,2,2
410.0,56.0,3,2,1,1
202.0,50.0,1,1,0,1
2775.0,246.0,4,5,4,4
250.0,53.0,2,2,1,1
250.0,43.0,2,2,1,1
553.0,65.0,2,1,0,1
420.0,35.0,1,1,0,1
0.0,56.0,2,2,1,1
796.0,110.0,3,2,1,1
110.0,48.0,2,2,1,1
1364.0,131.0,3,3,1,2
240.0,30.0,1,2,1,1
80.0,75.0,2,1,0,0
1400.0,160.0,4,1,0,3
1380.0,186.0,3,4,3,3
340.0,33.0,1,1,0,1
380.0,62.0,3,2,1,1
884.0,150.0,3,4,3,2
1228.0,147.0,3,4,3,3
760.0,60.0,3,2,1,1
2000.0,131.0,3,2,1,2
450.0,35.0,1,2,1,1
1784.0,147.0,3,3,1,2
1123.0,160.0,3,4,3,3
400.0,35.0,1,2,1,1
863.0,61.0,2,2,1,2
365.0,65.0,2,1,0,1
830.0,122.0,2,4,2,2
340.0,35.0,1,2,1,1
737.0,56.0,2,2,1,1
1300.0,106.0,2,1,0,1
675.0,88.0,3,2,1,1
550.0,70.0,2,2,1,1
765.0,75.0,3,2,1,2
350.0,50.0,2,1,0,1
600.0,67.0,2,2,1,1
1100.0,84.0,3,2,1,2
658.0,76.0,3,1,0,1
650.0,94.0,3,2,1,1
200.0,48.0,2,2,1,1
370.0,65.0,2,1,0,1
450.0,50.0,2,2,1,1
440.0,55.0,1,2,1,1
1809.0,168.0,4,4,3,4
500.0,36.0,1,1,0,1
0.0,213.0,4,3,2,3
480.0,68.0,1,1,0,0
428.0,46.0,2,2,1,1
1364.0,131.0,3,2,1,2
1020.0,105.0,3,2,1,1
800.0,96.0,3,2,1,1
688.0,83.0,2,1,0,1
470.0,51.0,2,1,0,1
410.0,50.0,2,2,1,1
400.0,45.0,1,1,0,1
443.0,85.0,2,2,1,1
346.0,53.0,2,1,0,1
0.0,50.0,2,2,1,1
575.0,70.0,3,2,1,1
3700.0,250.0,4,2,4,4
538.0,52.0,1,2,1,0
1867.0,180.0,4,2,1,3
341.0,45.0,2,2,1,1
1080.0,70.0,2,3,2,2
0.0,56.0,2,1,0,1
1550.0,135.0,4,2,1,2
955.0,100.0,3,2,1,3
306.0,70.0,3,2,1,1
360.0,47.0,2,1,0,1
1800.0,120.0,3,2,1,2
550.0,72.0,3,2,1,1
1250.0,109.0,2,2,1,2
600.0,67.0,3,2,1,1
760.0,86.0,3,2,1,2
1246.0,105.0,3,3,1,1
920.0,90.0,3,2,1,1
946.0,85.0,3,2,1,1
0.0,50.0,1,1,0,1
425.0,45.0,2,1,0,1
750.0,60.0,2,2,1,1
0.0,57.0,2,1,0,1
2100.0,239.0,3,6,3,4
0.0,42.0,2,2,1,1
1100.0,100.0,3,2,1,3
240.0,43.0,1,1,0,0
0.0,43.0,2,2,1,1
473.0,35.0,1,1,0,1
850.0,82.0,3,2,1,2
293.0,40.0,1,1,0,0
3300.0,250.0,4,7,4,4
3000.0,278.0,4,3,2,3
1750.0,176.0,3,4,3,3
1400.0,122.0,4,2,1,1
360.0,58.0,2,2,1,1
680.0,75.0,3,2,1,1
470.0,63.0,3,2,1,1
1825.0,170.0,3,1,0,1
530.0,68.0,2,2,1,1
1700.0,35.0,1,2,1,1
486.0,81.0,2,2,1,1
650.0,66.0,2,2,1,2
0.0,44.0,1,2,1,1
400.0,50.0,2,2,1,1
1180.0,126.0,3,2,1,3
1000.0,80.0,3,2,1,1
0.0,54.0,2,2,1,1
560.0,70.0,1,1,0,2
0.0,50.0,2,1,0,1
1600.0,160.0,3,4,3,3
437.0,50.0,2,1,0,1
480.0,40.0,2,1,0,1
500.0,70.0,2,2,1,1
320.0,56.0,2,2,1,1
280.0,100.0,2,1,0,1
275.0,83.0,3,2,1,1
918.0,100.0,3,2,1,1
1160.0,60.0,2,2,1,2
700.0,203.0,3,2,1,2
1135.0,142.0,3,4,3,2
994.0,60.0,2,1,0,1
533.0,75.0,2,3,1,1
305.0,47.0,2,2,1,1
200.0,50.0,2,1,0,1
1100.0,91.0,3,1,0,2
0.0,72.0,2,2,1,1
170.0,57.0,2,1,0,1
1594.0,196.0,2,2,0,1
410.0,55.0,2,2,1,2
3000.0,136.0,2,4,2,1
714.0,50.0,2,1,0,0
720.0,68.0,3,2,1,1
500.0,65.0,2,2,1,1
1675.0,124.0,3,2,1,2
560.0,47.0,1,1,0,1
621.0,56.0,2,1,0,1
475.0,53.0,2,1,0,2
284.0,51.0,2,2,1,1
420.0,46.0,2,1,0,1
607.0,68.0,3,2,1,2
708.0,70.0,2,2,1,1
600.0,80.0,2,3,2,2
898.0,70.0,2,2,1,1
692.0,57.0,2,2,1,1
0.0,48.0,2,2,1,1
1000.0,90.0,3,3,2,2
394.0,47.0,2,1,0,1
800.0,65.0,2,1,0,1
597.0,78.0,3,2,1,2
270.0,70.0,2,1,0,1
0.0,60.0,3,2,1,1
857.0,113.0,3,2,1,2
488.0,60.0,2,2,1,1
130.0,48.0,2,2,1,2
0.0,128.0,3,4,1,3
0.0,50.0,2,2,1,1
2100.0,200.0,3,4,3,2
800.0,67.0,3,2,1,1
520.0,63.0,2,1,0,0
700.0,42.0,1,1,0,0
4000.0,360.0,3,4,3,2
1800.0,169.0,3,5,3,3
590.0,54.0,2,1,0,1
550.0,87.0,3,2,1,2
200.0,55.0,2,2,1,1
700.0,69.0,2,2,1,2
2115.0,205.0,4,4,3,4
510.0,64.0,2,2,1,1
500.0,65.0,2,2,1,1
1846.0,148.0,3,4,3,3
466.0,45.0,1,2,1,1
980.0,32.0,1,1,0,1
1500.0,99.0,1,2,1,3
1100.0,162.0,3,2,1,2
230.0,46.0,2,2,1,1
880.0,101.0,3,2,1,2
510.0,56.0,2,1,0,2
667.0,68.0,2,1,0,2
532.0,68.0,3,2,1,1
1100.0,84.0,3,2,1,2
489.0,39.0,1,2,1,1
0.0,100.0,2,2,1,1
0.0,34.0,1,1,0,0
2892.0,220.0,4,4,3,3
730.0,100.0,3,3,1,1
300.0,47.0,2,1,0,1
1600.0,165.0,3,4,3,2
912.0,106.0,2,2,1,2
650.0,35.0,1,2,1,1
600.0,49.0,2,1,0,2
850.0,105.0,3,4,3,2
480.0,70.0,2,2,1,1
515.0,30.0,1,2,1,1
1960.0,187.0,3,4,3,3
886.0,119.0,3,2,1,2
700.0,60.0,2,2,1,2
400.0,50.0,1,1,0,0
915.0,86.0,3,2,1,1
482.0,82.0,3,2,1,1
1450.0,200.0,3,2,1,1
730.0,35.0,1,1,0,1
2400.0,207.0,3,2,1,2
844.0,66.0,1,2,1,1
550.0,65.0,2,1,0,1
0.0,66.0,2,1,0,0
580.0,72.0,3,2,1,1
325.0,50.0,2,2,1,1
571.0,35.0,1,1,0,1
620.0,75.0,3,2,1,1
930.0,96.0,3,2,1,2
50.0,50.0,2,2,1,1
1100.0,80.0,2,2,1,2
561.0,105.0,3,2,1,0
0.0,192.0,4,3,2,3
465.0,56.0,2,2,1,1
689.0,48.0,1,2,1,1
418.0,40.0,2,2,1,1
1220.0,110.0,3,2,1,2
476.0,34.0,1,1,0,1
2129.0,132.0,3,3,1,3
780.0,71.0,3,2,1,1
877.0,54.0,2,2,1,2
1200.0,134.0,3,5,3,2
430.0,120.0,2,3,1,1
714.0,78.0,3,2,1,2
730.0,83.0,2,3,2,1
708.0,102.0,3,4,2,2
326.0,53.0,2,2,1,1
430.0,47.0,2,1,0,1
320.0,52.0,2,1,0,1
1106.0,158.0,3,4,3,2
1750.0,184.0,4,4,3,4
1450.0,132.0,3,4,3,2
435.0,52.0,2,2,1,1
962.0,90.0,2,1,0,1
875.0,201.0,3,2,1,1
600.0,65.0,2,1,0,1
460.0,60.0,2,2,1,1
250.0,63.0,2,1,0,1
620.0,58.0,2,1,0,1
0.0,50.0,2,1,0,1
665.0,67.0,3,2,1,2
0.0,110.0,2,1,0,0
600.0,35.0,1,2,1,1
0.0,35.0,1,2,1,1
767.0,73.0,2,1,0,1
2000.0,92.0,4,2,1,2
1150.0,85.0,2,2,1,1
0.0,38.0,2,2,1,1
0.0,84.0,3,2,1,1
3300.0,248.0,3,4,3,4
524.0,89.0,3,2,1,2
480.0,41.0,1,1,0,1
500.0,57.0,2,2,1,2
490.0,60.0,2,1,0,1
2200.0,125.0,3,3,1,3
837.0,114.0,3,3,1,2
1770.0,167.0,3,4,3,2
1119.0,51.0,1,2,1,2
669.0,56.0,2,1,0,1
1.0,67.0,2,2,1,1
580.0,32.0,1,2,1,1
3800.0,314.0,4,5,4,4
680.0,84.0,3,2,1,2
540.0,50.0,1,2,1,1
420.0,71.0,3,2,1,1
658.0,53.0,2,2,1,2
885.0,128.0,4,3,2,2
510.0,71.0,3,1,0,1
360.0,66.0,3,2,1,1
2073.0,130.0,3,2,1,2
0.0,79.0,1,2,1,1
0.0,271.0,4,4,3,5
750.0,70.0,3,2,1,2
0.0,35.0,1,2,1,1
1200.0,140.0,4,4,2,2
1556.0,110.0,3,2,1,1
0.0,52.0,2,2,1,1
350.0,50.0,2,1,0,1
1100.0,97.0,3,2,1,2
388.0,50.0,2,2,1,1
170.0,52.0,2,1,0,1
380.0,45.0,2,1,0,0
1320.0,110.0,3,2,1,2
720.0,75.0,3,2,0,1
1200.0,87.0,2,2,1,2
400.0,48.0,2,1,0,1
190.0,56.0,2,2,1,1
500.0,90.0,2,2,1,1
730.0,60.0,2,2,1,2
250.0,46.0,2,2,1,1
1835.0,120.0,3,5,3,3
1700.0,151.0,3,4,3,3
600.0,62.0,2,2,1,1
1000.0,149.0,3,4,3,2
770.0,75.0,2,1,0,1
466.0,80.0,2,2,1,1
420.0,49.0,1,1,0,1
330.0,80.0,1,1,0,0
2100.0,144.0,3,4,1,2
1000.0,90.0,1,2,1,2
2000.0,210.0,4,5,4,3
0.0,45.0,2,2,1,1
520.0,64.0,2,2,1,1
500.0,64.0,3,2,1,1
1260.0,100.0,3,2,1,3
717.0,51.0,1,2,1,1
330.0,41.0,2,2,1,1
750.0,76.0,3,2,1,2
0.0,64.0,3,2,1,1
812.0,70.0,3,2,1,1
95.0,50.0,1,2,1,1
490.0,50.0,3,2,1,1
600.0,90.0,3,2,1,2
1.0,40.0,1,1,0,0
395.0,73.0,2,1,0,1
380.0,80.0,2,1,0,0
0.0,81.0,2,3,2,2
500.0,63.0,2,2,1,1
0.0,53.0,2,2,1,1
0.0,41.0,1,2,1,1
1800.0,135.0,3,2,1,3
436.0,55.0,2,1,0,1
1030.0,126.0,3,4,3,2
600.0,58.0,2,2,1,1
1478.0,115.0,2,2,1,2
600.0,45.0,1,2,1,1
1250.0,120.0,3,2,1,2
658.0,44.0,1,1,0,1
436.0,60.0,2,1,0,1
0.0,64.0,2,2,1,2
2250.0,187.0,3,4,3,4
732.0,60.0,2,2,0,1
1795.0,175.0,3,4,3,4
980.0,52.0,2,1,0,1
600.0,75.0,3,2,1,1
500.0,65.0,2,2,1,1
0.0,72.0,2,2,1,1
450.0,63.0,3,2,1,1
400.0,50.0,2,1,0,1
550.0,69.0,3,2,1,1
0.0,79.0,3,2,1,2
520.0,56.0,2,2,1,1
4710.0,364.0,4,6,4,5
747.0,72.0,2,2,1,1
1500.0,130.0,3,4,3,2
0.0,62.0,2,2,1,1
360.0,60.0,3,1,0,1
750.0,48.0,1,1,0,1
1100.0,100.0,3,2,1,1
2893.0,230.0,3,2,1,2
0.0,82.0,3,2,1,1
360.0,44.0,2,2,1,1
502.0,50.0,1,1,0,0
390.0,84.0,2,1,0,1
160.0,50.0,2,2,1,1
1355.0,123.0,3,2,1,3
364.0,50.0,2,2,1,1
430.0,49.0,1,1,0,1
0.0,63.0,3,2,1,1
515.0,30.0,1,2,1,1
130.0,48.0,2,1,0,1
3500.0,280.0,2,3,2,3
450.0,65.0,3,2,1,1
420.0,33.0,1,2,1,1
292.0,62.0,2,2,1,1
320.0,50.0,1,2,1,1
0.0,50.0,1,2,1,1
670.0,80.0,3,2,1,1
520.0,42.0,1,1,0,1
900.0,70.0,2,2,1,1
0.0,70.0,2,2,1,1
519.0,68.0,1,1,0,1
1240.0,120.0,3,3,1,2
2100.0,190.0,4,3,2,3
456.0,49.0,1,1,0,1
340.0,52.0,2,1,0,1
1106.0,158.0,3,4,3,2
1300.0,160.0,2,3,2,1
442.0,67.0,2,2,1,2
1165.0,149.0,3,4,3,2
697.0,58.0,2,1,0,1
980.0,96.0,2,3,2,2
890.0,40.0,1,2,1,1
0.0,77.0,3,2,1,1
0.0,65.0,3,2,1,1
0.0,309.0,4,6,4,4
1350.0,127.0,3,4,3,2
0.0,65.0,1,1,0,1
450.0,48.0,2,1,0,1
860.0,55.0,2,2,1,1
1180.0,107.0,3,2,1,1
762.0,100.0,3,1,0,1
2300.0,145.0,2,4,2,2
400.0,63.0,2,2,1,1
1590.0,188.0,4,3,2,2
1364.0,131.0,3,2,1,2
395.0,70.0,2,2,1,1
700.0,80.0,3,2,1,2
450.0,61.0,3,2,1,1
554.0,62.0,2,2,1,1
2005.0,172.0,3,5,3,3
890.0,95.0,3,2,1,0
853.0,70.0,3,1,0,1
1000.0,101.0,3,2,1,2
1060.0,90.0,3,2,1,2
520.0,35.0,1,1,0,0
400.0,63.0,3,2,1,1
490.0,52.0,2,1,0,1
97.0,41.0,2,2,1,1
395.0,55.0,2,2,1,1
0.0,60.0,2,2,1,1
873.0,82.0,3,2,1,2
1470.0,109.0,3,2,1,2
355.0,48.0,2,1,0,1
1100.0,100.0,3,2,1,3
650.0,95.0,2,2,1,1
150.0,50.0,1,1,0,1
150.0,48.0,2,2,1,1
0.0,48.0,2,2,1,1
516.0,64.0,3,1,0,1
350.0,57.0,2,1,0,1
5500.0,300.0,3,4,3,4
1200.0,55.0,2,2,1,1
1165.0,60.0,1,2,1,1
2252.0,199.0,4,3,2,4
15.0,40.0,2,1,0,0
480.0,50.0,2,2,1,1
760.0,75.0,3,1,0,2
942.0,78.0,3,2,1,2
0.0,32.0,1,2,1,0
600.0,65.0,2,2,1,2
550.0,76.0,2,2,1,2
1138.0,100.0,2,2,1,1
300.0,31.0,1,2,1,1
473.0,65.0,3,2,1,1
889.0,75.0,3,2,1,1
380.0,30.0,1,2,1,1
1100.0,120.0,3,2,1,2
2000.0,280.0,4,5,4,4
808.0,65.0,2,1,0,1
500.0,42.0,1,2,1,1
834.0,70.0,3,2,1,1
650.0,150.0,4,4,3,4
1585.0,100.0,3,4,1,1
598.0,65.0,2,2,1,1
480.0,52.0,2,2,1,1
1150.0,85.0,2,2,1,1
1500.0,177.0,3,5,3,3
100.0,30.0,1,1,0,0
480.0,52.0,2,2,1,1
900.0,115.0,3,3,2,2
1450.0,140.0,3,4,3,2
650.0,61.0,3,2,1,1
850.0,73.0,2,2,1,1
800.0,65.0,1,2,1,2
1150.0,90.0,2,1,0,2
0.0,43.0,2,2,1,1
652.0,70.0,2,2,1,1
340.0,47.0,2,2,1,1
0.0,62.0,2,2,1,1
400.0,50.0,2,2,1,1
540.0,70.0,3,2,1,1
850.0,72.0,2,1,0,1
586.0,65.0,3,2,1,2
640.0,80.0,3,1,0,1
692.0,78.0,2,2,1,1
550.0,70.0,3,2,1,1
2250.0,243.0,4,3,2,2
950.0,125.0,4,4,3,3
1050.0,95.0,2,2,1,2
615.0,63.0,2,2,1,1
539.0,77.0,2,2,1,2
1440.0,141.0,3,4,3,2
0.0,65.0,2,2,1,1
873.0,82.0,3,1,0,2
875.0,200.0,3,2,1,1
1923.0,190.0,3,4,3,2
400.0,65.0,3,2,1,1
2590.0,188.0,3,2,1,2
1500.0,63.0,2,2,1,1
700.0,62.0,1,1,0,1
400.0,60.0,2,2,1,1
1100.0,127.0,2,3,2,2
200.0,35.0,1,2,1,1
550.0,79.0,3,2,1,2
1800.0,117.0,3,2,1,3
385.0,45.0,1,1,0,0
2075.0,196.0,3,5,3,3
550.0,55.0,2,1,0,1
700.0,92.0,3,1,0,1
0.0,240.0,3,5,3,3
0.0,65.0,3,2,1,1
700.0,56.0,2,1,0,1
367.0,51.0,2,1,0,2
825.0,90.0,1,2,1,1
1300.0,78.0,1,2,1,2
395.0,73.0,2,1,0,1
545.0,67.0,3,2,1,1
531.0,39.0,1,2,1,1
349.0,80.0,2,1,0,0
200.0,47.0,2,2,1,1
500.0,69.0,3,2,1,1
970.0,42.0,1,2,1,0
500.0,64.0,2,2,1,1
340.0,35.0,1,2,1,1
600.0,45.0,1,1,0,0
0.0,81.0,3,2,1,2
1450.0,103.0,2,2,0,1
490.0,71.0,3,2,1,1
185.0,35.0,1,1,0,0
1000.0,112.0,3,3,1,3
937.0,84.0,3,1,0,1
520.0,63.0,3,2,1,2
150.0,56.0,2,1,0,1
500.0,68.0,3,2,1,2
290.0,62.0,3,2,1,1
450.0,55.0,2,1,0,1
550.0,65.0,3,2,1,0
372.0,47.0,2,2,1,1
423.0,55.0,2,2,1,1
0.0,117.0,2,1,0,1
1100.0,135.0,3,4,3,2
50.0,46.0,2,2,1,1
454.0,98.0,3,2,1,1
1858.0,133.0,3,3,2,3
1200.0,185.0,4,5,3,2
2100.0,138.0,3,4,3,3
580.0,68.0,2,2,1,1
1162.0,140.0,4,2,1,1
580.0,54.0,2,1,0,1
100.0,35.0,2,2,1,1
680.0,84.0,3,2,1,2
588.0,80.0,2,3,2,2
1824.0,47.0,1,2,1,2
2200.0,250.0,4,6,4,5
0.0,45.0,1,2,1,1
1837.0,200.0,3,2,1,1
830.0,49.0,1,2,1,1
628.0,55.0,2,2,1,1
550.0,65.0,3,2,1,1
740.0,60.0,2,2,1,1
670.0,55.0,2,1,0,1
650.0,95.0,3,2,1,2
600.0,35.0,1,2,1,1
0.0,30.0,1,1,0,0
280.0,51.0,2,2,1,1
1155.0,87.0,3,2,1,1
350.0,70.0,2,2,1,1
1800.0,170.0,4,5,3,3
330.0,32.0,1,1,0,1
515.0,65.0,2,1,0,1
850.0,54.0,2,1,0,1
700.0,60.0,2,1,0,1
580.0,57.0,2,2,1,1
620.0,81.0,3,2,1,2
850.0,77.0,2,2,1,1
650.0,146.0,3,4,1,2
0.0,152.0,2,2,1,1
3700.0,180.0,3,2,1,2
500.0,56.0,2,2,1,1
298.0,54.0,1,1,0,0
600.0,70.0,2,2,1,2
420.0,40.0,1,2,1,1
1043.0,134.0,3,2,1,2
450.0,70.0,2,2,1,1
250.0,50.0,2,2,1,1
333.0,34.0,1,1,0,1
850.0,70.0,2,2,1,1
1511.0,118.0,3,2,1,3
700.0,60.0,2,2,1,1
550.0,45.0,1,2,1,1
0.0,40.0,1,1,0,0
1072.0,103.0,3,3,2,2
950.0,66.0,2,2,1,1
507.0,56.0,2,1,0,1
430.0,50.0,2,1,0,1
456.0,49.0,1,1,0,1
790.0,55.0,1,2,1,1
880.0,78.0,3,2,1,1
827.0,87.0,3,2,1,2
660.0,97.0,3,2,1,1
544.0,74.0,2,2,1,1
910.0,80.0,2,1,0,1
180.0,65.0,2,1,0,0
900.0,112.0,3,3,1,2
485.0,52.0,2,2,1,1
530.0,52.0,2,2,1,1
635.0,60.0,2,2,1,1
1800.0,33.0,1,2,1,1
2700.0,185.0,3,4,3,3
606.0,62.0,2,1,0,1
150.0,70.0,2,2,1,1
730.0,120.0,3,2,0,2
900.0,94.0,2,2,1,2
690.0,69.0,3,2,1,2
310.0,83.0,3,2,1,1
200.0,48.0,2,1,0,1
751.0,110.0,3,2,1,2
945.0,88.0,3,2,1,1
557.0,52.0,2,2,1,1
380.0,65.0,2,1,0,1
788.0,75.0,3,1,0,1
306.0,70.0,3,2,1,1
248.0,48.0,2,2,1,1
2000.0,251.0,4,6,4,4
1750.0,231.0,3,4,3,2
625.0,64.0,3,2,1,2
559.0,36.0,1,1,0,1
200.0,62.0,2,2,1,1
675.0,42.0,1,2,1,1
408.0,70.0,2,2,1,1
1600.0,96.0,2,3,2,2
750.0,74.0,3,2,1,1
660.0,53.0,2,2,1,2
730.0,86.0,3,2,1,1
330.0,65.0,2,2,1,1
530.0,50.0,2,1,0,1
1500.0,60.0,1,2,1,1
4800.0,470.0,4,5,4,4
250.0,140.0,3,2,1,3
390.0,50.0,2,1,0,1
700.0,63.0,2,2,1,1
600.0,63.0,3,2,1,1
450.0,66.0,3,2,1,1
280.0,65.0,2,2,1,1
783.0,80.0,2,2,1,1
240.0,47.0,2,2,1,1
2000.0,210.0,3,4,3,4
300.0,52.0,2,2,1,1
650.0,76.0,2,2,1,2
388.0,67.0,1,2,1,1
2950.0,263.0,4,1,0,4
374.0,55.0,2,2,1,1
1300.0,110.0,2,2,1,2
360.0,56.0,2,2,1,1
3500.0,206.0,4,2,1,3
2284.0,162.0,3,5,3,3
560.0,65.0,2,2,1,1
1800.0,209.0,4,5,3,3
0.0,50.0,2,2,1,1
420.0,75.0,3,2,1,1
300.0,35.0,1,2,1,1
300.0,57.0,2,1,0,1
220.0,41.0,2,2,1,1
350.0,52.0,2,2,1,1
4323.0,317.0,4,2,4,5
805.0,90.0,2,2,1,1
1042.0,70.0,3,2,1,1
270.0,44.0,1,1,0,1
497.0,60.0,2,1,0,1
1505.0,206.0,4,3,2,3
750.0,113.0,4,2,1,2
150.0,57.0,3,2,1,2
730.0,86.0,3,2,3,2
6059.0,66.0,2,2,1,1
0.0,70.0,2,2,1,1
1300.0,185.0,3,4,3,2
1167.0,75.0,3,2,1,1
1960.0,186.0,3,4,3,3
493.0,68.0,1,1,0,1
450.0,60.0,2,1,0,1
750.0,120.0,3,3,1,1
1400.0,140.0,3,4,3,2
1200.0,100.0,2,4,2,1
700.0,64.0,2,2,1,2
0.0,53.0,3,2,1,1
650.0,58.0,2,2,1,1
500.0,50.0,2,1,0,1
580.0,54.0,2,1,0,1
3721.0,228.0,3,4,3,4
600.0,67.0,3,1,0,1
2000.0,170.0,3,4,3,3
1250.0,136.0,3,2,1,3
1450.0,130.0,3,4,1,2
570.0,56.0,2,1,0,2
1475.0,102.0,3,2,1,2
1100.0,117.0,3,3,1,2
2434.0,255.0,3,2,1,2
400.0,50.0,2,2,1,1
821.0,89.0,3,3,1,1
5500.0,340.0,4,4,3,4
233.0,32.0,1,2,1,1
2450.0,210.0,2,3,2,4
1300.0,130.0,3,2,1,2
0.0,46.0,2,2,1,1
530.0,74.0,2,2,1,2
1100.0,110.0,3,2,1,2
752.0,56.0,2,2,1,1
673.0,75.0,3,2,1,2
490.0,40.0,1,1,0,1
550.0,64.0,3,2,1,2
682.0,54.0,2,2,1,1
350.0,84.0,3,2,1,2
1350.0,102.0,3,2,1,2
650.0,74.0,1,2,1,1
1000.0,80.0,3,2,1,1
900.0,140.0,3,3,2,2
400.0,56.0,2,2,1,1
0.0,44.0,2,1,0,1
1980.0,194.0,3,4,3,4
500.0,64.0,3,1,0,1
1100.0,100.0,3,4,1,3
0.0,45.0,2,2,1,1
650.0,62.0,3,1,0,1
402.0,49.0,2,1,0,1
1250.0,40.0,1,2,1,1
1550.0,122.0,3,2,1,2
600.0,60.0,2,1,0,1
551.0,35.0,1,2,1,1
550.0,71.0,2,2,1,2
750.0,73.0,3,2,1,2
150.0,47.0,1,1,0,0
402.0,65.0,2,2,1,1
900.0,103.0,3,2,1,1
2860.0,268.0,4,5,4,5
500.0,49.0,1,1,0,1
270.0,72.0,1,2,1,1
780.0,80.0,3,3,1,2
390.0,50.0,2,1,0,1
820.0,55.0,2,2,1,1
573.0,56.0,2,2,1,1
480.0,65.0,3,2,1,1
3500.0,205.0,3,4,3,4
550.0,55.0,2,1,0,1
811.0,42.0,1,2,1,1
730.0,75.0,3,1,0,2
1060.0,158.0,4,3,2,2
645.0,100.0,2,1,0,1
350.0,52.0,2,2,1,1
525.0,70.0,2,2,1,1
1199.0,170.0,2,2,1,1
1400.0,208.0,3,4,3,3
100.0,33.0,1,1,0,1
950.0,102.0,2,1,0,1
1831.0,198.0,4,3,2,4
600.0,104.0,2,1,0,1
180.0,35.0,1,2,1,1
700.0,49.0,1,2,1,1
565.0,60.0,2,1,0,1
700.0,48.0,1,1,0,1
1030.0,126.0,3,4,3,2
820.0,130.0,3,2,1,1
0.0,100.0,3,2,1,2
0.0,90.0,2,3,2,2
450.0,54.0,2,2,1,1
850.0,64.0,2,2,1,2
4000.0,262.0,4,5,4,4
80.0,70.0,2,1,0,1
1900.0,220.0,3,2,1,1
1700.0,183.0,4,5,3,2
200.0,45.0,2,1,0,1
900.0,90.0,2,2,1,2
100.0,50.0,2,2,1,1
615.0,75.0,3,2,1,1
600.0,50.0,2,2,1,1
560.0,60.0,2,2,1,1
1116.0,93.0,3,2,1,3
150.0,48.0,2,1,0,1
480.0,50.0,1,2,1,1
528.0,60.0,2,1,0,1
453.0,46.0,1,1,0,1
1900.0,215.0,4,5,4,2
1200.0,115.0,3,3,1,2
574.0,45.0,1,1,0,1
251.0,45.0,2,1,0,1
500.0,36.0,1,1,0,1
0.0,40.0,1,1,0,1
560.0,82.0,3,2,1,2
420.0,49.0,1,1,0,1
620.0,64.0,3,2,1,1
400.0,70.0,2,2,1,1
283.0,57.0,2,2,1,1
800.0,75.0,2,2,1,1
1600.0,122.0,3,3,1,2
500.0,50.0,2,2,1,2
650.0,53.0,2,2,1,1
881.0,50.0,2,2,1,1
1105.0,95.0,3,2,1,3
870.0,77.0,3,2,0,2
625.0,80.0,2,2,1,1
565.0,60.0,2,2,1,1
456.0,49.0,1,1,0,1
550.0,55.0,2,1,0,1
507.0,61.0,2,2,1,1
300.0,58.0,2,1,0,1
570.0,55.0,2,2,1,1
680.0,57.0,2,2,1,2
1750.0,155.0,3,2,1,2
1100.0,115.0,3,2,1,2
639.0,75.0,3,2,1,1
710.0,55.0,1,1,0,1
550.0,60.0,2,2,1,2
611.0,70.0,2,2,1,1
1500.0,150.0,3,2,1,0
849.0,70.0,2,2,1,1
1625.0,145.0,1,3,1,2
611.0,60.0,2,1,0,1
985.0,105.0,2,3,2,2
700.0,64.0,3,2,1,1
0.0,40.0,1,2,1,1
649.0,130.0,3,1,0,0
1525.0,234.0,4,5,4,3
1300.0,105.0,3,2,1,2
608.0,77.0,2,2,1,1
870.0,78.0,3,2,1,2
290.0,49.0,3,2,1,1
2300.0,162.0,3,4,3,3
320.0,54.0,2,1,0,1
550.0,55.0,2,1,0,1
340.0,52.0,2,1,0,1
541.0,68.0,3,2,1,1
320.0,48.0,2,2,1,1
400.0,50.0,2,1,0,1
830.0,40.0,1,1,0,1
1750.0,184.0,4,4,3,4
0.0,40.0,1,2,1,1
200.0,52.0,2,2,1,1
0.0,79.0,2,2,1,1
841.0,70.0,2,1,0,1
400.0,65.0,2,2,1,1
2500.0,200.0,3,4,3,3
600.0,60.0,1,1,0,1
420.0,49.0,2,1,0,1
650.0,60.0,2,2,1,1
600.0,72.0,3,1,0,1
350.0,44.0,2,2,1,1
0.0,67.0,2,2,1,2
340.0,35.0,1,2,1,1
1100.0,85.0,2,2,1,1
1100.0,40.0,1,2,1,1
607.0,68.0,3,2,1,2
2150.0,200.0,4,1,4,4
600.0,62.0,2,2,1,1
0.0,50.0,2,2,1,1
540.0,52.0,2,1,0,1
1950.0,240.0,4,4,3,4
520.0,58.0,2,1,0,1
877.0,84.0,3,2,1,3
600.0,92.0,2,1,0,1
639.0,72.0,3,2,1,1
480.0,52.0,2,2,1,1
1007.0,93.0,3,2,1,2
750.0,133.0,3,4,3,2
1780.0,99.0,3,3,1,2
500.0,110.0,3,2,1,1
550.0,44.0,1,1,0,1
500.0,43.0,1,2,1,1
485.0,55.0,2,2,1,1
500.0,67.0,2,1,0,1
650.0,41.0,1,2,1,1
6800.0,456.0,4,5,4,5
1300.0,168.0,2,3,2,2
470.0,51.0,2,2,1,1
1380.0,107.0,3,2,1,2
3396.0,314.0,3,4,3,4
840.0,88.0,2,3,1,2
0.0,56.0,2,1,0,1
334.0,54.0,2,1,0,1
590.0,48.0,2,1,0,0
3204.0,370.0,4,6,4,5
1100.0,73.0,3,1,0,2
350.0,49.0,2,2,1,1
750.0,67.0,2,2,1,1
478.0,58.0,2,2,1,1
600.0,72.0,3,2,1,2
450.0,60.0,2,2,1,1
2250.0,153.0,3,3,1,3
1550.0,75.0,2,2,1,1
510.0,57.0,2,2,1,1
830.0,84.0,3,2,1,1
660.0,74.0,2,1,0,2
420.0,70.0,2,1,0,1
1600.0,162.0,3,3,2,2
0.0,168.0,4,3,2,2
1500.0,183.0,3,2,1,2
442.0,68.0,3,1,0,1
780.0,65.0,2,2,1,2
550.0,58.0,2,2,1,2
564.0,69.0,2,2,1,2
580.0,60.0,2,1,0,1
0.0,117.0,2,2,1,1
250.0,43.0,2,2,1,1
0.0,65.0,3,2,1,1
1880.0,235.0,4,5,4,3
0.0,123.0,3,2,1,2
1100.0,138.0,3,3,2,1
130.0,56.0,2,2,1,1
456.0,49.0,1,1,0,1
2415.0,230.0,4,2,1,2
380.0,55.0,2,2,1,1
368.0,49.0,1,1,0,1
3200.0,280.0,4,4,3,3
50.0,45.0,2,1,0,1
130.0,40.0,1,2,1,1
2350.0,220.0,3,4,3,3
400.0,52.0,2,2,1,1
912.0,106.0,3,2,1,2
1400.0,132.0,3,2,1,1
820.0,83.0,3,1,0,1
395.0,73.0,2,2,1,1
1554.0,153.0,4,2,1,2
990.0,112.0,2,3,1,2
600.0,75.0,3,1,0,1
2500.0,300.0,4,5,4,4
300.0,44.0,2,1,0,1
600.0,88.0,3,2,1,2
220.0,90.0,2,1,0,0
500.0,57.0,2,2,1,1
370.0,63.0,2,2,1,1
785.0,64.0,3,1,0,1
450.0,73.0,2,2,1,1
1000.0,115.0,3,2,1,2
0.0,56.0,2,1,0,1
1350.0,125.0,3,3,2,3
150.0,100.0,2,1,0,1
700.0,70.0,2,1,0,1
400.0,45.0,2,1,0,1
580.0,53.0,2,1,0,1
1310.0,157.0,3,2,1,2
984.0,100.0,2,1,0,1
1169.0,110.0,2,2,1,1
452.0,44.0,1,1,0,1
1450.0,155.0,4,4,1,3
0.0,75.0,3,1,0,0
1600.0,91.0,2,2,1,1
1400.0,117.0,3,3,1,2
815.0,67.0,2,2,1,1
0.0,58.0,2,2,1,1
794.0,80.0,3,2,1,1
400.0,80.0,2,1,0,0
1450.0,115.0,2,3,1,1
340.0,35.0,1,2,1,1
150.0,80.0,2,2,1,1
0.0,40.0,1,1,0,0
0.0,64.0,3,2,1,1
550.0,60.0,3,2,1,1
750.0,92.0,3,2,1,1
270.0,70.0,2,1,0,1
320.0,55.0,2,2,1,1
1000.0,130.0,3,2,1,3
1430.0,167.0,3,2,1,1
700.0,145.0,4,4,2,3
567.0,45.0,1,2,1,1
570.0,58.0,2,2,1,1
340.0,56.0,2,2,1,1
600.0,77.0,2,2,1,1
1627.0,158.0,3,2,1,2
1400.0,224.0,4,4,3,4
2200.0,293.0,4,5,4,3
577.0,63.0,2,2,1,1
610.0,64.0,2,1,0,1
680.0,55.0,2,2,1,2
753.0,127.0,4,2,1,2
495.0,56.0,2,1,0,1
668.0,80.0,3,2,1,1
2000.0,267.0,4,3,2,3
555.0,70.0,3,2,1,1
461.0,60.0,1,1,0,0
970.0,82.0,2,2,1,1
0.0,60.0,2,2,1,1
787.0,36.0,1,2,1,1
3350.0,371.0,4,5,4,5
1800.0,150.0,3,3,2,3
970.0,42.0,1,2,1,1
280.0,60.0,3,2,1,1
950.0,73.0,3,2,1,2
580.0,149.0,2,2,1,1
712.0,68.0,2,2,1,1
850.0,50.0,1,1,0,1
0.0,50.0,2,2,1,1
580.0,69.0,2,2,1,2
0.0,60.0,2,2,1,1
300.0,90.0,1,1,0,0
445.0,64.0,2,1,0,1
497.0,64.0,2,2,1,1
1100.0,142.0,3,5,3,3
168.0,38.0,2,1,0,1
0.0,110.0,2,2,1,1
512.0,55.0,2,1,0,1
306.0,43.0,2,1,0,1
289.0,44.0,2,2,1,1
1500.0,138.0,1,2,1,2
540.0,60.0,2,2,1,2
565.0,59.0,2,1,0,1
0.0,53.0,2,1,0,1
2100.0,106.0,1,2,1,2
470.0,48.0,1,2,1,1
706.0,55.0,2,1,0,1
369.0,55.0,2,2,1,1
0.0,35.0,1,2,1,1
384.0,50.0,2,2,1,1
330.0,60.0,2,1,0,1
300.0,44.0,2,2,1,1
546.0,60.0,3,2,1,1
500.0,70.0,2,2,1,2
2016.0,228.0,4,3,2,4
440.0,49.0,2,2,1,1
1250.0,189.0,4,5,2,2
320.0,50.0,2,2,1,1
688.0,35.0,1,1,0,1
0.0,50.0,2,2,1,1
200.0,35.0,2,2,1,1
600.0,70.0,3,2,1,1
1890.0,104.0,1,2,1,1
310.0,47.0,2,1,0,1
0.0,65.0,2,2,1,1
1400.0,110.0,3,2,1,2
105.0,65.0,2,1,0,0
597.0,66.0,3,1,0,1
4300.0,300.0,4,5,4,4
250.0,63.0,2,2,1,3
550.0,55.0,2,1,0,1
340.0,70.0,3,2,0,2
520.0,70.0,3,2,1,0
450.0,47.0,2,2,1,1
540.0,50.0,2,1,0,1
350.0,50.0,2,2,1,1
500.0,70.0,2,2,1,1
1300.0,98.0,3,2,1,2
620.0,60.0,2,2,1,1
1200.0,143.0,3,4,3,2
490.0,53.0,2,2,1,1
390.0,66.0,2,2,1,1
720.0,70.0,3,2,1,2
150.0,79.0,2,2,1,1
650.0,145.0,4,3,2,3
850.0,93.0,2,3,1,2
882.0,110.0,3,3,1,1
550.0,70.0,2,2,1,2
3450.0,318.0,4,5,4,4
400.0,41.0,1,2,1,1
142.0,60.0,1,1,0,0
454.0,45.0,1,1,0,0
686.0,70.0,3,2,1,2
100.0,49.0,2,2,1,1
550.0,68.0,3,2,1,1
750.0,48.0,2,2,1,1
966.0,85.0,2,2,1,1
780.0,56.0,2,2,1,1
174.0,130.0,2,2,1,1
950.0,96.0,3,3,1,2
940.0,100.0,2,2,1,3
350.0,44.0,2,2,1,1
1900.0,240.0,3,4,3,3
0.0,76.0,2,2,1,1
400.0,60.0,2,2,1,1
450.0,48.0,2,2,1,1
570.0,34.0,1,1,0,1
976.0,95.0,2,2,1,1
550.0,74.0,3,3,1,2
180.0,48.0,2,2,1,1
