customerID,Gender,Elderly,Married,Dependents,Time_as_a_customer,PhoneService,Internet_Service,Security_Service,Technical_Support,StreamingTV,Contract_type,Payment_Method,Monthly_Payment,Total_Paid,Churn
7590-VHVEG,f,0,1,0,1,0.0,dsl,0,0,0,month-to-month,electronic check,29.85,29.85,0.0
5575-GNVDE,m,0,0,0,34,1.0,dsl,1,0,0,one year,mailed check,56.95,1889.5,0.0
3668-QPYBK,m,0,0,0,2,1.0,dsl,1,0,0,month-to-month,mailed check,53.85,108.15,1.0
7795-CFOCW,m,0,0,0,45,0.0,dsl,1,1,0,one year,bank transfer (automatic),65.60756321839081,1840.75,0.0
8191-XWSZG,f,0,0,0,52,1.0,no,0,0,0,one year,mailed check,65.60756321839081,1022.95,0.0
9959-WOFKT,m,0,0,1,71,1.0,fiber optic,1,0,1,two year,bank transfer (automatic),65.60756321839081,7382.25,0.0
4190-MFLUW,f,0,1,1,10,1.0,dsl,0,1,0,month-to-month,credit card (automatic),65.60756321839081,528.35,1.0
4183-MYFRB,f,0,0,0,21,1.0,fiber optic,0,0,0,month-to-month,electronic check,65.60756321839081,1862.9,0.0
8779-QRDMV,m,1,0,0,1,0.0,dsl,0,0,0,month-to-month,electronic check,65.60756321839081,39.65,1.0
1680-VDCWW,m,0,1,0,12,1.0,no,0,0,0,one year,bank transfer (automatic),65.60756321839081,202.25,0.0
1066-JKSGK,m,0,0,0,1,1.0,no,0,0,0,month-to-month,mailed check,65.60756321839081,20.15,1.0
3638-WEABW,f,0,1,0,58,1.0,dsl,0,1,0,two year,credit card (automatic),65.60756321839081,3505.1,0.0
6322-HRPFA,m,0,1,1,49,1.0,dsl,1,1,0,month-to-month,credit card (automatic),65.60756321839081,2970.3,0.0
6865-JZNKO,f,0,0,0,30,1.0,dsl,1,0,0,month-to-month,bank transfer (automatic),65.60756321839081,1530.6,0.0
6467-CHFZW,m,0,1,1,47,1.0,fiber optic,0,0,1,month-to-month,electronic check,65.60756321839081,4749.15,1.0
8665-UTDHZ,m,0,1,1,1,0.0,dsl,0,0,0,month-to-month,electronic check,65.60756321839081,30.2,1.0
5248-YGIJN,m,0,1,0,72,1.0,dsl,1,1,1,two year,credit card (automatic),65.60756321839081,6369.45,0.0
8773-HHUOZ,f,0,0,1,17,1.0,dsl,0,0,1,month-to-month,mailed check,65.60756321839081,1093.1,1.0
3841-NFECX,f,1,1,0,71,1.0,fiber optic,1,1,0,two year,credit card (automatic),65.60756321839081,6766.95,0.0
4929-XIHVW,m,1,1,0,2,1.0,fiber optic,0,0,1,month-to-month,credit card (automatic),65.60756321839081,181.65,0.0
6827-IEAUQ,f,0,1,1,27,1.0,dsl,1,1,0,one year,mailed check,65.60756321839081,1874.45,0.0
7310-EGVHZ,m,0,0,0,1,1.0,no,0,0,0,month-to-month,bank transfer (automatic),65.60756321839081,20.2,0.0
3413-BMNZE,m,1,0,0,1,1.0,dsl,0,0,0,month-to-month,bank transfer (automatic),65.60756321839081,45.25,0.0
6234-RAAPL,f,0,1,1,72,1.0,fiber optic,1,1,1,two year,bank transfer (automatic),65.60756321839081,7251.7,0.0
6047-YHPVI,m,0,0,0,5,1.0,fiber optic,0,0,0,month-to-month,electronic check,65.60756321839081,316.9,1.0
6572-ADKRS,f,0,0,0,46,1.0,fiber optic,0,0,0,month-to-month,credit card (automatic),65.60756321839081,3548.3,0.0
5380-WJKOV,m,0,0,0,34,1.0,fiber optic,0,0,1,month-to-month,electronic check,65.60756321839081,3549.25,1.0
8168-UQWWF,f,0,0,0,11,1.0,fiber optic,0,0,1,month-to-month,bank transfer (automatic),65.60756321839081,1105.4,1.0
8865-TNMNX,m,0,1,1,10,1.0,dsl,0,0,0,one year,mailed check,65.60756321839081,475.7,0.0
9489-DEDVP,f,0,1,1,70,1.0,dsl,1,0,1,two year,credit card (automatic),65.60756321839081,4872.35,0.0
9867-JCZSP,f,0,1,1,17,1.0,no,0,0,0,one year,mailed check,65.60756321839081,418.25,0.0
4671-VJLCL,f,0,0,0,63,1.0,dsl,1,1,1,two year,credit card (automatic),65.60756321839081,4861.45,0.0
4080-IIARD,f,0,1,0,13,1.0,dsl,1,1,1,month-to-month,electronic check,65.60756321839081,981.45,0.0
3714-NTNFO,f,0,0,0,49,1.0,fiber optic,0,0,0,month-to-month,electronic check,65.60756321839081,3906.7,0.0
5948-UJZLF,m,0,0,0,2,1.0,dsl,0,0,0,month-to-month,mailed check,65.60756321839081,97.0,0.0
7760-OYPDY,f,0,0,0,2,1.0,fiber optic,0,0,1,month-to-month,electronic check,65.60756321839081,144.15,1.0
7639-LIAYI,m,0,0,0,52,1.0,dsl,1,1,1,two year,credit card (automatic),65.60756321839081,4217.8,0.0
2954-PIBKO,f,0,1,1,69,1.0,dsl,1,1,0,two year,credit card (automatic),65.60756321839081,4254.1,0.0
8012-SOUDQ,f,1,0,0,43,1.0,fiber optic,0,0,1,month-to-month,electronic check,65.60756321839081,3838.75,0.0
9420-LOJKX,f,0,0,0,15,1.0,fiber optic,1,0,1,month-to-month,credit card (automatic),65.60756321839081,1426.4,1.0
6575-SUVOI,f,1,1,0,25,1.0,dsl,1,1,1,month-to-month,credit card (automatic),65.60756321839081,1752.65,0.0
7495-OOKFY,f,1,1,0,8,1.0,fiber optic,0,0,0,month-to-month,credit card (automatic),65.60756321839081,633.3,1.0
4667-QONEA,f,1,1,1,60,1.0,dsl,1,1,0,one year,credit card (automatic),65.60756321839081,4456.35,0.0
1658-BYGOY,m,1,0,0,18,1.0,fiber optic,0,0,1,month-to-month,electronic check,65.60756321839081,1752.55,1.0
8769-KKTPH,f,0,1,1,63,1.0,fiber optic,1,0,1,one year,credit card (automatic),65.60756321839081,6311.2,0.0
5067-XJQFU,m,1,1,1,66,1.0,fiber optic,0,1,1,one year,electronic check,65.60756321839081,7076.35,0.0
3957-SQXML,f,0,1,1,34,1.0,no,0,0,0,two year,credit card (automatic),65.60756321839081,894.3,0.0
5954-BDFSG,f,0,0,0,72,1.0,fiber optic,0,1,1,two year,credit card (automatic),65.60756321839081,7853.7,0.0
0434-CSFON,f,0,1,0,47,1.0,fiber optic,0,0,1,month-to-month,electronic check,65.60756321839081,4707.1,0.0
1215-FIGMP,m,0,0,0,60,1.0,fiber optic,0,0,1,month-to-month,bank transfer (automatic),65.60756321839081,5450.7,0.0
0526-SXDJP,m,0,1,0,72,0.0,dsl,1,0,0,two year,bank transfer (automatic),65.60756321839081,2962.0,0.0
0557-ASKVU,f,0,1,1,18,1.0,dsl,0,1,0,one year,credit card (automatic),65.60756321839081,957.1,0.0
5698-BQJOH,f,0,0,0,9,1.0,fiber optic,0,0,1,month-to-month,electronic check,65.60756321839081,857.25,1.0
5122-CYFXA,f,0,0,0,3,1.0,dsl,0,1,1,month-to-month,electronic check,65.60756321839081,244.1,0.0
8627-ZYGSZ,m,0,1,0,47,1.0,fiber optic,0,0,0,one year,electronic check,65.60756321839081,3650.35,0.0
3410-YOQBQ,f,0,0,0,31,1.0,dsl,0,1,1,two year,mailed check,65.60756321839081,2497.2,0.0
3170-NMYVV,f,0,1,1,50,1.0,no,0,0,0,two year,bank transfer (automatic),65.60756321839081,930.9,0.0
7410-OIEDU,m,0,0,0,10,1.0,fiber optic,1,0,0,month-to-month,mailed check,65.60756321839081,887.35,0.0
2273-QCKXA,m,0,0,0,1,1.0,dsl,0,1,0,month-to-month,mailed check,65.60756321839081,49.05,0.0
0731-EBJQB,f,0,1,1,52,1.0,no,0,0,0,one year,electronic check,65.60756321839081,1090.65,0.0
1891-QRQSA,m,1,1,1,64,1.0,fiber optic,1,1,1,two year,bank transfer (automatic),65.60756321839081,7099.0,0.0
8028-PNXHQ,m,0,1,1,62,1.0,no,0,0,0,two year,bank transfer (automatic),65.60756321839081,1424.6,0.0
5630-AHZIL,f,0,0,1,3,1.0,dsl,1,1,0,month-to-month,bank transfer (automatic),65.60756321839081,177.4,0.0
2673-CXQEU,f,1,0,0,56,1.0,fiber optic,1,0,1,one year,electronic check,65.60756321839081,6139.5,0.0
6416-JNVRK,f,0,0,0,46,1.0,dsl,0,0,0,one year,credit card (automatic),65.60756321839081,2688.85,0.0
5590-ZSKRV,f,0,1,1,8,1.0,dsl,1,0,0,month-to-month,mailed check,65.60756321839081,482.25,0.0
0191-ZHSKZ,m,1,0,0,30,1.0,dsl,1,0,1,month-to-month,electronic check,65.60756321839081,2111.3,0.0
3887-PBQAO,f,0,1,1,45,1.0,no,0,0,0,one year,credit card (automatic),65.60756321839081,1216.6,0.0
5919-TMRGD,f,0,0,1,1,1.0,fiber optic,0,0,1,month-to-month,electronic check,65.60756321839081,79.35,1.0
8108-UXRQN,f,0,1,1,11,0.0,dsl,1,0,1,month-to-month,electronic check,65.60756321839081,565.35,0.0
9191-MYQKX,f,0,1,0,7,1.0,fiber optic,0,0,0,month-to-month,bank transfer (automatic),65.60756321839081,496.9,1.0
9919-YLNNG,f,0,0,0,42,1.0,fiber optic,0,1,1,month-to-month,bank transfer (automatic),65.60756321839081,4327.5,0.0
0318-ZOPWS,f,0,1,0,49,1.0,no,0,0,0,two year,bank transfer (automatic),65.60756321839081,973.35,0.0
4445-ZJNMU,m,0,0,0,9,1.0,fiber optic,0,0,1,month-to-month,credit card (automatic),65.60756321839081,918.75,0.0
4808-YNLEU,f,0,1,0,35,1.0,dsl,1,0,1,one year,bank transfer (automatic),65.60756321839081,2215.45,0.0
1862-QRWPE,f,0,1,1,48,1.0,no,0,0,0,two year,bank transfer (automatic),65.60756321839081,1057.0,0.0
2796-NNUFI,f,0,1,1,46,1.0,no,0,0,0,two year,mailed check,65.60756321839081,927.1,0.0
3016-KSVCP,m,0,1,0,29,0.0,dsl,0,0,1,month-to-month,mailed check,65.60756321839081,1009.25,0.0
4767-HZZHQ,m,0,1,1,30,1.0,fiber optic,0,0,0,month-to-month,bank transfer (automatic),65.60756321839081,2570.2,0.0
2424-WVHPL,m,1,0,0,1,1.0,fiber optic,0,1,0,month-to-month,electronic check,65.60756321839081,74.7,0.0
7233-PAHHL,m,0,1,1,66,1.0,dsl,1,1,1,two year,mailed check,65.60756321839081,5714.25,0.0
6067-NGCEU,f,0,0,0,65,1.0,fiber optic,1,0,1,month-to-month,credit card (automatic),65.60756321839081,7107.0,0.0
9848-JQJTX,m,0,0,0,72,1.0,fiber optic,0,0,1,two year,bank transfer (automatic),65.60756321839081,7459.05,0.0
8637-XJIVR,f,0,0,0,12,1.0,fiber optic,1,0,0,month-to-month,electronic check,65.60756321839081,927.35,1.0
9803-FTJCG,m,0,1,1,71,1.0,dsl,1,1,0,one year,credit card (automatic),65.60756321839081,4748.7,0.0
0278-YXOOG,m,0,0,0,5,1.0,no,0,0,0,month-to-month,mailed check,65.60756321839081,113.85,1.0
3212-KXOCR,m,0,0,0,52,1.0,no,0,0,0,two year,bank transfer (automatic),65.60756321839081,1107.2,0.0
4598-XLKNJ,f,1,1,0,25,1.0,fiber optic,0,0,1,month-to-month,electronic check,65.60756321839081,2514.5,1.0
6380-ARCEH,m,0,0,0,1,1.0,no,0,0,0,month-to-month,mailed check,65.60756321839081,20.2,0.0
3679-XASPY,f,0,1,1,1,1.0,no,0,0,0,month-to-month,electronic check,65.60756321839081,19.45,0.0
7123-WQUHX,m,0,0,0,38,1.0,fiber optic,0,1,1,one year,bank transfer (automatic),65.60756321839081,3605.6,0.0
5386-THSLQ,f,1,1,0,66,0.0,dsl,0,0,1,one year,bank transfer (automatic),65.60756321839081,3027.25,0.0
3192-NQECA,m,0,1,0,68,1.0,fiber optic,0,1,1,two year,bank transfer (automatic),65.60756321839081,7611.85,1.0
6180-YBIQI,m,0,0,0,5,0.0,dsl,0,0,0,month-to-month,mailed check,65.60756321839081,100.2,0.0
6728-DKUCO,f,0,1,1,72,1.0,fiber optic,1,0,1,one year,electronic check,65.60756321839081,7303.05,0.0
9750-BOOHV,f,0,0,0,32,0.0,dsl,1,0,0,one year,mailed check,65.60756321839081,927.65,0.0
8597-CWYHH,m,0,0,0,43,1.0,fiber optic,0,0,1,one year,mailed check,65.60756321839081,3921.3,0.0
2848-YXSMW,m,0,1,1,72,1.0,no,0,0,0,two year,credit card (automatic),65.60756321839081,1363.25,0.0
0486-HECZI,m,0,1,0,55,1.0,fiber optic,1,0,1,month-to-month,electronic check,65.60756321839081,5238.9,1.0
4549-ZDQYY,f,0,0,0,52,1.0,dsl,1,1,0,one year,credit card (automatic),65.60756321839081,3042.25,0.0
5712-AHQNN,f,0,0,0,43,1.0,fiber optic,0,0,1,month-to-month,electronic check,65.60756321839081,3954.1,0.0
4846-WHAFZ,f,1,1,0,37,1.0,fiber optic,0,0,0,month-to-month,electronic check,65.60756321839081,2868.15,1.0
5256-SKJGO,f,0,1,1,64,0.0,dsl,0,1,1,two year,electronic check,65.60756321839081,3423.5,0.0
3071-VBYPO,m,0,1,1,3,1.0,fiber optic,1,0,1,month-to-month,electronic check,65.60756321839081,248.4,0.0
9560-BBZXK,f,0,0,0,36,0.0,dsl,1,0,0,two year,bank transfer (automatic),65.60756321839081,1126.35,0.0
5299-RULOA,f,0,1,1,10,1.0,fiber optic,1,0,1,month-to-month,electronic check,65.60756321839081,1064.65,1.0
8402-OOOHJ,f,0,0,0,41,1.0,no,0,0,0,two year,mailed check,65.60756321839081,835.15,0.0
9445-ZUEQE,m,0,1,1,27,1.0,fiber optic,0,1,0,month-to-month,credit card (automatic),65.60756321839081,2151.6,0.0
1091-SOZGA,f,0,1,1,56,1.0,fiber optic,0,0,1,one year,credit card (automatic),65.60756321839081,5515.45,0.0
2928-HLDBA,f,0,0,0,6,1.0,no,0,0,0,month-to-month,mailed check,65.60756321839081,112.75,0.0
0404-SWRVG,m,0,0,0,3,1.0,fiber optic,0,0,0,month-to-month,electronic check,65.60756321839081,229.55,1.0
6497-TILVL,f,0,1,1,7,1.0,dsl,1,0,0,month-to-month,mailed check,65.60756321839081,350.35,0.0
7219-TLZHO,f,0,1,1,4,1.0,no,0,0,0,month-to-month,mailed check,65.60756321839081,62.9,0.0
4622-YNKIJ,m,0,0,0,33,1.0,fiber optic,1,1,1,two year,electronic check,65.60756321839081,3027.65,0.0
4412-YLTKF,f,1,0,0,27,1.0,fiber optic,0,0,0,month-to-month,electronic check,65.60756321839081,2135.5,1.0
6734-PSBAW,m,0,1,0,72,1.0,no,0,0,0,two year,bank transfer (automatic),65.60756321839081,1723.95,0.0
3930-ZGWVE,m,0,0,0,1,1.0,no,0,0,0,month-to-month,mailed check,65.60756321839081,19.75,0.0
2639-UGMAZ,m,1,0,0,71,0.0,dsl,1,0,1,one year,electronic check,65.60756321839081,3985.35,0.0
2876-GZYZC,f,0,0,0,13,1.0,fiber optic,0,0,0,month-to-month,electronic check,65.60756321839081,1215.65,0.0
6207-WIOLX,f,0,1,1,25,0.0,dsl,1,0,1,month-to-month,credit card (automatic),65.60756321839081,1502.65,1.0
8587-XYZSF,m,0,0,0,67,1.0,dsl,0,1,0,two year,bank transfer (automatic),65.60756321839081,3260.1,0.0
3091-FYHKI,m,0,0,0,1,0.0,dsl,0,0,0,month-to-month,electronic check,65.60756321839081,35.45,1.0
2372-HWUHI,m,0,0,0,2,1.0,dsl,0,0,0,month-to-month,electronic check,65.60756321839081,81.25,1.0
7799-LGRDP,f,0,0,0,43,1.0,no,0,0,0,two year,credit card (automatic),65.60756321839081,1188.2,0.0
7850-VWJUU,f,0,0,0,23,1.0,fiber optic,1,0,0,month-to-month,bank transfer (automatic),65.60756321839081,1778.5,0.0
3774-VBNXY,f,0,1,1,64,1.0,no,0,0,0,two year,mailed check,65.60756321839081,1277.75,0.0
6217-KDYWC,m,0,0,1,57,1.0,no,0,0,0,two year,mailed check,65.60756321839081,1170.55,0.0
0390-DCFDQ,f,1,1,0,1,1.0,fiber optic,0,0,0,month-to-month,mailed check,65.60756321839081,70.45,1.0
3146-MSEGF,f,1,1,1,72,1.0,dsl,1,1,1,two year,credit card (automatic),65.60756321839081,6425.65,0.0
4080-OGPJL,f,0,0,0,8,1.0,dsl,1,1,0,month-to-month,electronic check,65.60756321839081,563.65,1.0
1095-WGNGG,f,0,1,0,61,1.0,fiber optic,0,0,1,two year,bank transfer (automatic),65.60756321839081,5971.25,0.0
2636-SJDOU,m,0,0,0,64,1.0,fiber optic,1,0,0,one year,credit card (automatic),65.60756321839081,5289.05,0.0
1131-QQZEB,m,1,1,0,71,1.0,no,0,0,0,two year,bank transfer (automatic),65.60756321839081,1756.2,0.0
5716-EZXZN,f,0,1,1,65,1.0,fiber optic,1,1,1,two year,credit card (automatic),65.60756321839081,6416.7,0.0
6837-BJYDQ,m,0,0,0,3,1.0,no,0,0,0,one year,mailed check,65.60756321839081,61.35,0.0
2135-RXIHG,m,0,0,0,1,1.0,dsl,0,0,0,month-to-month,electronic check,65.60756321839081,45.65,1.0
6440-DKQGE,m,0,0,1,30,1.0,dsl,0,0,1,one year,credit card (automatic),65.60756321839081,1929.95,0.0
3466-BYAVD,m,0,1,1,15,1.0,dsl,0,1,0,month-to-month,mailed check,65.60756321839081,1071.4,0.0
3780-YVMFA,f,0,1,1,8,1.0,dsl,0,1,1,month-to-month,electronic check,65.60756321839081,564.35,0.0
3874-EQOEP,m,0,0,0,7,1.0,fiber optic,0,0,1,month-to-month,mailed check,65.60756321839081,655.5,1.0
1679-JRFBR,f,0,1,1,70,1.0,fiber optic,1,0,1,one year,credit card (automatic),65.60756321839081,7930.55,0.0
9073-ZZIAY,m,0,1,1,62,1.0,dsl,1,1,1,two year,electronic check,65.60756321839081,5215.25,0.0
3077-RSNTJ,f,0,1,1,6,1.0,no,0,0,0,month-to-month,mailed check,65.60756321839081,113.5,0.0
6551-GNYDG,f,0,1,1,14,1.0,fiber optic,0,0,0,month-to-month,bank transfer (automatic),65.60756321839081,1152.8,0.0
9167-APMXZ,f,0,0,0,22,1.0,fiber optic,0,0,1,month-to-month,bank transfer (automatic),65.60756321839081,1821.95,0.0
2749-CTKAJ,m,0,1,1,22,1.0,no,0,0,0,one year,mailed check,65.60756321839081,419.9,0.0
6371-NZYEG,m,0,1,1,16,1.0,dsl,1,0,1,two year,mailed check,65.60756321839081,1024.0,0.0
7554-NEWDD,m,0,0,0,10,1.0,no,0,0,0,two year,bank transfer (automatic),65.60756321839081,251.6,0.0
8992-VONJD,f,0,0,1,13,1.0,dsl,1,0,0,month-to-month,electronic check,65.60756321839081,764.55,0.0
0867-MKZVY,f,0,1,0,20,1.0,fiber optic,1,0,0,month-to-month,electronic check,65.60756321839081,1592.35,1.0
4482-EWFMI,f,0,0,0,2,1.0,fiber optic,0,0,0,month-to-month,electronic check,65.60756321839081,135.2,0.0
4648-YPBTM,m,0,0,0,53,1.0,dsl,0,1,0,two year,bank transfer (automatic),65.60756321839081,3958.25,0.0
2907-ILJBN,f,0,1,1,11,1.0,no,0,0,0,one year,mailed check,65.60756321839081,233.9,0.0
6345-FZOQH,m,0,1,0,69,1.0,no,0,0,0,two year,mailed check,65.60756321839081,1363.45,0.0
3376-BMGFE,f,0,0,0,4,1.0,fiber optic,0,0,0,month-to-month,bank transfer (automatic),65.60756321839081,273.0,1.0
5997-OPVFA,m,0,1,0,72,1.0,dsl,1,1,1,two year,bank transfer (automatic),65.60756321839081,6254.45,0.0
3445-HXXGF,m,1,1,0,58,1.0,dsl,0,0,0,month-to-month,electronic check,65.60756321839081,2651.2,1.0
1159-WFSGR,f,0,1,1,16,1.0,no,0,0,0,month-to-month,electronic check,65.60756321839081,321.4,0.0
7654-YWJUF,m,0,1,0,43,1.0,fiber optic,1,1,0,one year,bank transfer (automatic),65.60756321839081,3539.25,0.0
1875-QIVME,f,0,1,0,2,1.0,fiber optic,0,1,1,month-to-month,electronic check,65.60756321839081,242.8,1.0
6727-IOTLZ,m,0,1,0,14,1.0,dsl,0,1,1,two year,mailed check,65.60756321839081,1181.75,0.0
0691-JVSYA,f,0,1,0,53,1.0,fiber optic,0,0,1,one year,bank transfer (automatic),65.60756321839081,5000.2,1.0
5918-VUKWP,f,0,0,0,32,1.0,no,0,0,0,one year,bank transfer (automatic),65.60756321839081,654.55,0.0
1744-JHKYS,f,0,1,0,34,1.0,no,0,0,0,month-to-month,electronic check,65.60756321839081,780.2,0.0
2656-FMOKZ,f,1,0,0,15,1.0,fiber optic,0,0,0,month-to-month,mailed check,65.60756321839081,1145.7,1.0
2070-FNEXE,f,1,0,0,7,1.0,fiber optic,1,0,0,month-to-month,bank transfer (automatic),65.60756321839081,503.6,1.0
5947-SGKCL,f,0,1,1,15,1.0,fiber optic,0,0,1,month-to-month,bank transfer (automatic),65.60756321839081,1559.25,0.0
3712-PKXZA,m,0,1,0,61,1.0,no,0,0,0,one year,credit card (automatic),65.60756321839081,1252.0,0.0
6317-YPKDH,f,0,0,0,1,1.0,dsl,0,0,0,month-to-month,bank transfer (automatic),65.60756321839081,29.95,1.0
6582-OIVSP,f,0,0,0,1,1.0,dsl,0,0,0,month-to-month,mailed check,65.60756321839081,45.3,0.0
9367-WXLCH,m,0,0,0,8,1.0,fiber optic,0,0,0,month-to-month,bank transfer (automatic),65.60756321839081,662.65,1.0
5524-KHNJP,m,0,1,1,33,1.0,dsl,1,0,1,one year,credit card (automatic),65.60756321839081,2453.3,0.0
1918-ZBFQJ,f,0,0,0,13,1.0,fiber optic,0,0,0,month-to-month,electronic check,65.60756321839081,1111.65,1.0
1024-GUALD,f,0,1,0,1,1.0,dsl,0,0,0,month-to-month,electronic check,65.60756321839081,24.8,1.0
4827-USJHP,m,0,0,0,20,1.0,dsl,0,0,0,month-to-month,mailed check,65.60756321839081,1023.85,0.0
8167-GJLRN,m,0,0,0,3,1.0,dsl,0,1,0,month-to-month,electronic check,65.60756321839081,82.15,0.0
0956-SYCWG,f,0,0,0,13,1.0,no,0,0,0,one year,electronic check,65.60756321839081,244.8,0.0
8017-UVSZU,f,0,1,0,40,1.0,dsl,0,0,0,month-to-month,credit card (automatic),65.60756321839081,2379.1,0.0
7100-FQPRV,m,0,1,1,43,1.0,dsl,1,1,0,one year,credit card (automatic),65.60756321839081,3173.35,0.0
2472-OVKUP,m,0,1,0,6,1.0,fiber optic,0,0,0,month-to-month,electronic check,65.60756321839081,531.0,1.0
2984-RGEYA,f,0,1,1,69,1.0,no,0,0,0,two year,bank transfer (automatic),65.60756321839081,1375.4,0.0
9680-NIAUV,f,0,1,1,72,1.0,fiber optic,1,0,1,two year,credit card (automatic),65.60756321839081,8129.3,0.0
2146-EGVDT,m,0,1,1,59,1.0,no,0,0,0,two year,credit card (automatic),65.60756321839081,1192.7,0.0
2604-IJPDU,f,0,1,0,20,1.0,fiber optic,1,1,1,month-to-month,electronic check,65.60756321839081,1901.65,0.0
9178-JHUVJ,m,0,1,1,24,1.0,no,0,0,0,two year,bank transfer (automatic),65.60756321839081,587.4,0.0
6168-YBYNP,m,0,0,0,59,1.0,fiber optic,0,1,1,month-to-month,electronic check,65.60756321839081,6519.75,0.0
7255-SSFBC,m,0,1,1,72,1.0,fiber optic,0,1,1,two year,bank transfer (automatic),65.60756321839081,8041.65,0.0
3645-DEYGF,m,0,0,1,1,1.0,no,0,0,0,month-to-month,mailed check,65.60756321839081,20.75,0.0
9323-HGFWY,f,0,1,0,27,1.0,fiber optic,1,1,1,one year,credit card (automatic),65.60756321839081,2681.15,0.0
8544-GOQSH,f,0,0,0,14,1.0,fiber optic,0,1,0,month-to-month,credit card (automatic),65.60756321839081,1112.3,0.0
3363-DTIVD,m,0,1,1,71,1.0,fiber optic,1,0,1,two year,electronic check,65.60756321839081,7405.5,0.0
7018-WBJNK,m,0,0,1,13,1.0,fiber optic,0,0,1,month-to-month,credit card (automatic),65.60756321839081,1033.95,0.0
9142-KZXOP,m,0,0,0,44,1.0,fiber optic,0,0,0,month-to-month,credit card (automatic),65.60756321839081,2958.95,0.0
7674-YTAFD,f,0,0,0,33,1.0,fiber optic,0,1,0,one year,bank transfer (automatic),65.60756321839081,2684.85,0.0
6348-SNFUS,m,0,1,1,72,1.0,dsl,1,1,0,two year,credit card (automatic),65.60756321839081,4179.2,0.0
1285-OKIPP,m,0,0,0,1,1.0,fiber optic,0,0,0,month-to-month,electronic check,65.60756321839081,79.9,1.0
7825-ECJRF,f,0,0,0,19,1.0,fiber optic,1,1,1,month-to-month,electronic check,65.60756321839081,1934.45,1.0
1347-KTTTA,m,0,1,0,64,1.0,fiber optic,0,1,1,one year,credit card (automatic),65.60756321839081,6654.1,0.0
7841-TZDMQ,m,0,0,0,2,1.0,dsl,0,0,0,month-to-month,credit card (automatic),65.60756321839081,84.5,1.0
4195-NZGTA,f,0,0,0,1,1.0,dsl,0,0,0,month-to-month,electronic check,65.60756321839081,25.25,0.0
7157-SMCFK,m,0,0,1,61,1.0,no,0,0,0,two year,mailed check,65.60756321839081,1124.2,0.0
4709-LKHYG,f,0,1,1,29,1.0,no,0,0,0,one year,electronic check,65.60756321839081,540.05,0.0
2504-DSHIH,m,1,1,0,23,1.0,fiber optic,0,0,0,month-to-month,electronic check,65.60756321839081,1975.85,0.0
0699-NDKJM,f,0,1,0,57,1.0,dsl,1,0,1,month-to-month,bank transfer (automatic),65.60756321839081,3437.45,0.0
9286-BHDQG,m,0,1,1,72,1.0,dsl,1,1,0,two year,credit card (automatic),65.60756321839081,3139.8,0.0
0230-WEQUW,m,0,1,0,66,1.0,dsl,1,1,1,two year,bank transfer (automatic),65.60756321839081,3789.2,0.0
2040-LDIWQ,m,0,1,1,65,1.0,dsl,0,1,1,two year,bank transfer (automatic),65.60756321839081,5324.5,0.0
6496-JDSSB,f,0,0,0,8,1.0,fiber optic,0,0,1,month-to-month,bank transfer (automatic),65.60756321839081,624.6,0.0
9408-SSNVZ,f,0,0,0,4,1.0,fiber optic,0,0,0,month-to-month,electronic check,65.60756321839081,268.35,1.0
4443-EMBNA,f,0,1,0,71,1.0,no,0,0,0,two year,bank transfer (automatic),65.60756321839081,1836.9,0.0
6469-MRVET,m,0,1,1,1,1.0,no,0,0,0,one year,electronic check,65.60756321839081,20.2,0.0
0742-MOABM,m,0,1,0,4,1.0,dsl,0,1,0,month-to-month,mailed check,65.60756321839081,179.35,1.0
5961-VUSRV,f,0,0,0,12,1.0,no,0,0,0,one year,bank transfer (automatic),65.60756321839081,219.35,0.0
6778-JFCMK,m,0,0,0,24,1.0,dsl,1,0,1,one year,mailed check,65.60756321839081,1288.75,0.0
6341-JVQGF,f,0,1,1,31,1.0,dsl,1,1,1,one year,mailed check,65.60756321839081,2545.75,0.0
2232-DMLXU,f,0,1,0,1,1.0,dsl,0,0,1,month-to-month,mailed check,65.60756321839081,55.2,1.0
4811-JBUVU,m,0,0,0,30,1.0,fiber optic,0,1,0,month-to-month,credit card (automatic),65.60756321839081,2723.15,0.0
0945-TSONX,f,0,1,1,47,1.0,dsl,1,1,1,two year,credit card (automatic),65.60756321839081,4107.25,0.0
2651-ZCBXV,m,0,0,0,54,1.0,fiber optic,1,1,1,two year,credit card (automatic),65.60756321839081,5760.65,0.0
3316-UWXUY,m,0,0,0,50,1.0,fiber optic,1,1,0,month-to-month,credit card (automatic),65.60756321839081,4747.5,0.0
8937-RDTHP,m,0,0,0,1,1.0,fiber optic,1,0,0,month-to-month,mailed check,65.60756321839081,84.6,1.0
7083-MIOPC,f,0,0,0,72,1.0,no,0,0,0,two year,credit card (automatic),65.60756321839081,1566.9,0.0
1984-GPTEH,f,0,0,0,29,1.0,no,0,0,0,month-to-month,electronic check,65.60756321839081,702.0,0.0
1251-KRREG,m,0,0,0,2,1.0,dsl,0,0,0,month-to-month,mailed check,65.60756321839081,114.1,1.0
0621-JFHOL,f,0,0,0,10,1.0,dsl,0,1,0,two year,mailed check,65.60756321839081,299.05,0.0
9903-LYSAB,m,0,1,0,18,1.0,fiber optic,0,0,0,month-to-month,electronic check,65.60756321839081,1305.95,0.0
0094-OIFMO,f,1,0,0,11,1.0,fiber optic,0,0,1,month-to-month,electronic check,65.60756321839081,1120.3,1.0
9227-UAQFT,m,0,0,0,16,1.0,no,0,0,0,two year,mailed check,65.60756321839081,284.35,0.0
7301-ABVAD,f,0,0,0,72,1.0,dsl,0,1,1,two year,bank transfer (automatic),65.60756321839081,6350.5,0.0
6614-FHDBO,m,0,0,0,72,1.0,fiber optic,0,1,1,two year,bank transfer (automatic),65.60756321839081,7878.3,0.0
7576-ASEJU,f,0,1,1,41,1.0,dsl,1,1,1,one year,credit card (automatic),65.60756321839081,3187.65,0.0
9058-HRZSV,f,1,1,0,65,1.0,fiber optic,1,0,0,month-to-month,electronic check,65.60756321839081,6126.15,0.0
4522-AKYLR,f,1,0,0,13,1.0,dsl,0,0,0,month-to-month,electronic check,65.60756321839081,731.3,0.0
0221-WMXNQ,m,1,0,0,4,1.0,fiber optic,1,0,0,month-to-month,electronic check,65.60756321839081,273.4,0.0
0303-UNCIP,m,0,0,0,41,1.0,dsl,0,0,0,one year,mailed check,65.60756321839081,2531.8,0.0
9947-OTFQU,m,1,0,0,15,1.0,fiber optic,0,0,0,month-to-month,electronic check,65.60756321839081,1074.3,1.0
0322-YINQP,m,0,0,0,1,1.0,dsl,1,0,0,month-to-month,mailed check,65.60756321839081,48.55,1.0
0959-WHOKV,m,0,0,0,42,1.0,fiber optic,1,0,0,one year,electronic check,65.60756321839081,4298.45,0.0
4075-JFPGR,f,0,1,0,51,1.0,fiber optic,1,0,1,one year,electronic check,65.60756321839081,4619.55,0.0
4629-NRXKX,f,0,1,1,2,1.0,fiber optic,0,0,0,month-to-month,electronic check,65.60756321839081,147.15,1.0
9514-JDSKI,m,1,1,0,1,1.0,dsl,0,0,1,month-to-month,electronic check,65.60756321839081,40.2,1.0
3282-ZISZV,m,0,0,1,32,1.0,dsl,0,1,1,one year,credit card (automatic),65.60756321839081,2633.3,0.0
3675-YDUPJ,m,0,0,0,10,1.0,no,0,0,0,month-to-month,mailed check,65.60756321839081,193.05,0.0
4111-BNXIF,f,0,1,1,67,1.0,dsl,0,1,1,two year,electronic check,65.60756321839081,4103.9,0.0
7017-VFHAY,f,0,1,1,61,1.0,fiber optic,1,1,1,two year,credit card (automatic),65.60756321839081,7008.15,0.0
6655-LHBYW,m,0,0,0,50,1.0,fiber optic,1,1,1,one year,credit card (automatic),65.60756321839081,5791.1,0.0
4959-JOSRX,f,0,1,0,2,1.0,dsl,0,0,0,month-to-month,credit card (automatic),65.60756321839081,80.55,1.0
5046-NUHWD,f,1,1,0,29,1.0,dsl,1,0,0,month-to-month,electronic check,65.60756321839081,1228.65,0.0
7273-TEFQD,m,1,0,0,3,1.0,dsl,0,0,0,month-to-month,electronic check,65.60756321839081,132.2,1.0
3606-TWKGI,m,1,0,0,13,1.0,fiber optic,0,0,1,month-to-month,electronic check,65.60756321839081,1364.3,1.0
7529-ZDFXI,m,1,1,0,57,1.0,fiber optic,0,0,0,month-to-month,electronic check,65.60756321839081,4925.35,0.0
7605-BDWDC,f,0,0,0,31,1.0,dsl,1,1,0,two year,bank transfer (automatic),65.60756321839081,1520.1,0.0
1950-KSVVJ,f,0,1,0,45,1.0,fiber optic,1,1,1,one year,mailed check,65.60756321839081,5032.25,0.0
0123-CRBRT,f,0,1,1,61,1.0,dsl,1,1,1,two year,mailed check,65.60756321839081,5526.75,0.0
6292-TOSSS,m,0,0,0,50,1.0,no,0,0,0,two year,bank transfer (automatic),65.60756321839081,1195.25,0.0
3197-ARFOY,f,1,0,0,19,1.0,fiber optic,1,1,1,month-to-month,mailed check,65.60756321839081,2007.25,0.0
6323-AYBRX,m,0,0,0,59,1.0,no,0,0,0,two year,mailed check,65.60756321839081,1099.6,1.0
7014-ZZXAW,f,0,1,0,71,1.0,no,0,0,0,two year,credit card (automatic),65.60756321839081,1732.95,0.0
4385-GZQXV,f,1,0,0,16,1.0,fiber optic,0,1,1,month-to-month,electronic check,65.60756321839081,1511.2,1.0
7633-MVPUY,m,0,1,0,57,1.0,dsl,1,1,0,two year,electronic check,65.60756321839081,3450.15,0.0
6366-ZGQGL,m,0,0,0,1,1.0,dsl,0,0,0,month-to-month,bank transfer (automatic),65.60756321839081,24.8,1.0
4716-HHKQH,m,1,1,0,20,1.0,fiber optic,0,1,1,month-to-month,electronic check,65.60756321839081,2172.05,0.0
5940-AHUHD,m,0,0,0,1,1.0,fiber optic,0,0,0,month-to-month,mailed check,65.60756321839081,70.6,1.0
6432-TWQLB,m,0,1,0,5,1.0,fiber optic,0,1,0,month-to-month,electronic check,65.60756321839081,401.1,1.0
4484-GLZOU,f,0,1,0,52,1.0,fiber optic,0,0,1,month-to-month,electronic check,65.60756321839081,5624.85,1.0
3179-GBRWV,m,1,1,0,21,1.0,dsl,1,0,0,month-to-month,bank transfer (automatic),65.60756321839081,1339.8,0.0
8645-KWHJO,m,0,0,0,14,1.0,dsl,0,1,1,month-to-month,electronic check,65.60756321839081,771.95,0.0
4130-MZLCC,f,0,0,0,5,1.0,dsl,0,0,0,month-to-month,bank transfer (automatic),65.60756321839081,244.75,0.0
0314-TKOSI,f,0,0,0,6,1.0,dsl,1,0,0,month-to-month,mailed check,65.60756321839081,322.9,0.0
8229-MYEJZ,f,0,0,0,10,1.0,dsl,0,0,0,month-to-month,electronic check,65.60756321839081,498.25,0.0
2080-SRCDE,f,0,0,1,1,1.0,no,0,0,0,month-to-month,mailed check,65.60756321839081,25.4,0.0
9577-WJVCQ,f,0,0,0,68,1.0,dsl,1,0,0,month-to-month,mailed check,65.60756321839081,3687.75,0.0
9512-UIBFX,m,0,1,1,18,1.0,fiber optic,0,0,1,month-to-month,mailed check,65.60756321839081,1779.95,1.0
6202-DYYFX,f,0,0,0,22,1.0,fiber optic,0,0,0,one year,credit card (automatic),65.60756321839081,1783.6,0.0
3808-HFKDE,f,0,0,0,20,1.0,dsl,0,0,0,month-to-month,electronic check,65.60756321839081,927.15,0.0
5583-SXDAG,m,0,1,0,1,1.0,fiber optic,0,0,0,month-to-month,electronic check,65.60756321839081,70.0,1.0
3488-PGMQJ,m,1,0,0,8,1.0,fiber optic,0,0,0,month-to-month,electronic check,65.60756321839081,606.55,1.0
3580-REOAC,m,0,0,0,10,1.0,dsl,0,0,0,month-to-month,credit card (automatic),65.60756321839081,435.4,1.0
7534-BFESC,m,1,0,0,24,1.0,fiber optic,0,0,0,month-to-month,electronic check,65.60756321839081,1712.7,1.0
3727-OWVYD,m,0,0,0,35,1.0,dsl,1,0,0,one year,mailed check,65.60756321839081,2021.2,0.0
2294-SALNE,m,0,1,1,23,1.0,fiber optic,0,1,0,one year,mailed check,65.60756321839081,1940.8,0.0
4847-TAJYI,f,1,0,0,6,1.0,fiber optic,0,0,1,month-to-month,electronic check,65.60756321839081,567.8,0.0
1563-IWQEX,f,0,0,0,12,1.0,no,0,0,0,month-to-month,mailed check,65.60756321839081,220.35,0.0
8203-XJZRC,m,0,0,0,1,1.0,no,0,0,0,month-to-month,mailed check,65.60756321839081,20.25,0.0
6556-DBKZF,f,0,1,1,71,1.0,fiber optic,0,0,0,two year,electronic check,65.60756321839081,5436.45,0.0
6851-WEFYX,m,1,1,0,35,1.0,fiber optic,0,0,1,month-to-month,electronic check,65.60756321839081,3437.5,0.0
2985-JUUBZ,m,0,1,1,40,1.0,dsl,0,0,1,month-to-month,electronic check,65.60756321839081,3015.75,0.0
6390-DSAZX,f,0,0,1,1,1.0,fiber optic,1,0,0,month-to-month,mailed check,65.60756321839081,73.6,1.0
0895-LMRSF,m,0,0,0,23,1.0,dsl,0,0,1,one year,bank transfer (automatic),64.9,1509.8,0.0
8098-LLAZX,f,1,0,0,4,1.0,fiber optic,0,0,1,month-to-month,electronic check,95.45,396.1,1.0
8266-VBFQL,m,0,0,0,4,1.0,fiber optic,0,1,0,month-to-month,electronic check,90.4,356.65,0.0
8181-YHCMF,f,0,1,1,68,1.0,dsl,0,1,1,two year,credit card (automatic),60.3,4109.0,0.0
2240-HSJQD,m,0,0,1,38,1.0,fiber optic,0,0,0,month-to-month,mailed check,81.85,3141.7,0.0
1248-DYXUB,m,0,1,1,52,1.0,no,0,0,0,two year,mailed check,24.8,1229.1,0.0
0265-EDXBD,m,1,1,0,32,1.0,fiber optic,0,0,0,month-to-month,electronic check,74.9,2303.35,1.0
4115-BNPJY,m,0,1,1,29,1.0,dsl,0,1,1,two year,mailed check,75.55,2054.4,0.0
3167-SNQPL,m,1,1,1,38,1.0,fiber optic,0,0,1,month-to-month,electronic check,101.15,3741.85,0.0
4091-TVOCN,m,0,0,1,48,1.0,dsl,1,0,1,one year,credit card (automatic),78.75,3682.45,0.0
1098-TDVUQ,f,0,0,0,1,1.0,no,0,0,0,month-to-month,bank transfer (automatic),19.25,19.25,0.0
7277-OZCGZ,f,0,0,0,22,1.0,fiber optic,1,1,0,month-to-month,electronic check,89.05,1886.25,0.0
1557-EMYVT,f,0,0,0,43,1.0,fiber optic,1,1,1,two year,credit card (automatic),115.05,4895.1,0.0
2799-ARNLO,f,1,1,0,5,1.0,fiber optic,0,0,0,month-to-month,electronic check,69.35,341.6,0.0
7563-BIUPC,m,0,0,0,5,1.0,fiber optic,0,0,1,month-to-month,electronic check,80.6,415.55,1.0
5027-YOCXN,m,0,1,1,51,1.0,fiber optic,1,1,1,one year,credit card (automatic),110.05,5686.4,0.0
3973-SKMLN,m,0,0,0,71,1.0,no,0,0,0,two year,credit card (automatic),19.9,1355.1,0.0
2321-OMBXY,f,0,1,1,38,1.0,dsl,1,1,1,one year,credit card (automatic),80.3,3058.65,1.0
2840-XANRC,m,1,1,0,24,1.0,fiber optic,0,0,1,month-to-month,electronic check,93.15,2231.05,1.0
6745-JEFZB,m,0,1,0,35,1.0,fiber optic,0,1,1,month-to-month,credit card (automatic),91.5,3236.35,0.0
5020-ZSTTY,f,1,0,0,54,1.0,dsl,1,1,1,one year,bank transfer (automatic),82.45,4350.1,1.0
9880-TDQAC,f,0,1,1,72,1.0,dsl,0,1,1,two year,electronic check,60.0,4264.0,0.0
8705-WZCYL,m,0,0,0,1,1.0,dsl,0,0,0,month-to-month,electronic check,44.8,44.8,0.0
7102-JJVTX,f,0,1,1,9,1.0,dsl,1,0,0,one year,mailed check,48.6,422.3,0.0
8626-PTQGE,m,0,0,0,69,1.0,dsl,1,1,1,two year,bank transfer (automatic),60.05,4176.7,0.0
4983-CLMLV,f,0,1,0,52,1.0,fiber optic,0,1,1,month-to-month,credit card (automatic),102.7,5138.1,0.0
5701-YVSVF,f,1,1,0,11,1.0,fiber optic,0,1,1,month-to-month,electronic check,82.9,880.05,0.0
5804-LEPIM,f,1,0,0,2,1.0,fiber optic,0,0,0,month-to-month,electronic check,70.35,139.05,1.0
5697-GOMBF,f,1,1,1,28,1.0,dsl,0,0,1,month-to-month,electronic check,35.9,973.65,0.0
2739-CACDQ,f,1,0,0,17,1.0,fiber optic,0,0,0,month-to-month,credit card (automatic),82.65,1470.05,0.0
9385-EHGDO,f,0,1,1,35,1.0,no,0,0,0,two year,mailed check,19.85,739.35,0.0
9498-FIMXL,f,0,0,0,8,1.0,no,0,0,0,one year,mailed check,19.2,161.95,0.0
2379-GYFLQ,m,0,0,0,46,1.0,fiber optic,0,0,1,one year,credit card (automatic),94.9,4422.95,0.0
0122-OAHPZ,f,0,0,0,7,1.0,fiber optic,0,0,0,month-to-month,electronic check,73.85,511.25,1.0
2868-SNELZ,f,0,0,0,2,1.0,fiber optic,0,0,0,month-to-month,mailed check,80.6,155.8,1.0
4322-RCYMT,m,0,1,1,68,1.0,dsl,0,1,0,one year,bank transfer (automatic),75.8,5293.95,1.0
6680-NENYN,f,0,0,0,43,1.0,fiber optic,0,0,1,two year,electronic check,104.6,4759.85,1.0
2088-IEBAU,f,0,0,0,68,1.0,dsl,1,1,1,two year,electronic check,88.15,6148.45,0.0
7982-VCELR,f,0,0,0,36,1.0,fiber optic,0,0,1,month-to-month,credit card (automatic),94.8,3565.65,0.0
1343-EHPYB,m,0,1,0,63,1.0,fiber optic,0,0,1,month-to-month,electronic check,103.4,6603.0,1.0
6035-BXTTY,f,1,0,0,32,1.0,dsl,0,1,0,month-to-month,bank transfer (automatic),54.65,1830.1,0.0
6885-PKOAM,f,0,1,0,71,1.0,dsl,1,1,1,two year,credit card (automatic),85.75,6223.8,0.0
7520-HQWJU,f,0,1,1,66,1.0,dsl,1,0,0,month-to-month,bank transfer (automatic),67.45,4508.65,0.0
9639-BUJXT,m,0,0,0,63,1.0,no,0,0,0,one year,mailed check,20.5,1328.15,0.0
5924-SNGKP,f,0,0,1,41,1.0,no,0,0,0,one year,credit card (automatic),20.25,865.0,0.0
0021-IKXGC,f,1,0,0,1,1.0,fiber optic,0,0,0,month-to-month,electronic check,72.1,72.1,0.0
2034-GDRCN,f,0,0,0,2,1.0,fiber optic,0,0,1,month-to-month,electronic check,90.4,168.2,1.0
8966-SNIZF,f,0,1,0,70,1.0,no,0,0,0,two year,bank transfer (automatic),19.45,1303.5,0.0
6243-OZGFH,f,0,0,0,23,1.0,dsl,0,0,1,month-to-month,electronic check,44.95,996.85,0.0
4654-DLAMQ,f,1,1,0,64,1.0,fiber optic,1,0,0,one year,bank transfer (automatic),97.0,6430.9,0.0
0513-RBGPE,m,0,1,1,37,1.0,dsl,1,1,0,two year,credit card (automatic),62.8,2278.75,0.0
5160-UXJED,m,0,0,1,17,1.0,dsl,0,0,0,one year,mailed check,44.6,681.4,0.0
4115-NZRKS,f,1,0,0,7,1.0,fiber optic,0,0,1,month-to-month,electronic check,89.15,574.35,0.0
0219-YTZUE,m,0,1,1,4,1.0,fiber optic,0,0,0,month-to-month,bank transfer (automatic),84.8,371.9,1.0
0623-IIHUG,f,1,0,0,21,1.0,dsl,1,0,1,month-to-month,electronic check,41.9,840.1,1.0
4572-DVCGN,f,0,0,0,10,1.0,fiber optic,0,0,0,month-to-month,bank transfer (automatic),80.25,846.0,1.0
3351-NGXYI,f,1,0,0,16,1.0,dsl,1,0,0,month-to-month,electronic check,54.1,889.0,0.0
8984-EYLLL,m,0,1,0,64,1.0,fiber optic,0,1,1,two year,electronic check,105.25,6823.4,0.0
9057-MSWCO,m,1,1,0,27,1.0,dsl,1,0,0,month-to-month,credit card (automatic),30.75,805.1,1.0
9833-TGFHX,m,0,1,1,42,1.0,fiber optic,1,0,1,one year,electronic check,97.1,4016.75,0.0
9294-TDIPC,m,0,0,1,5,1.0,no,0,0,0,month-to-month,mailed check,20.2,83.75,0.0
5229-DTFYB,f,0,0,0,41,1.0,fiber optic,0,1,1,two year,bank transfer (automatic),98.8,3959.15,0.0
0104-PPXDV,m,0,1,0,58,1.0,dsl,0,0,0,one year,credit card (automatic),50.3,2878.55,0.0
5176-LMJXE,f,0,0,0,47,1.0,no,0,0,0,two year,mailed check,20.55,945.7,0.0
3583-KRKMD,m,0,0,0,18,1.0,fiber optic,0,1,0,month-to-month,bank transfer (automatic),75.9,1373.05,0.0
1010-DIAUQ,m,0,0,0,5,1.0,fiber optic,0,0,1,month-to-month,bank transfer (automatic),96.5,492.55,1.0
9069-LGEUL,m,0,1,0,23,1.0,dsl,1,0,0,month-to-month,bank transfer (automatic),59.95,1406.0,0.0
7302-ZHMHP,f,0,0,0,1,1.0,no,0,0,0,month-to-month,mailed check,19.15,19.15,0.0
9571-EDEBV,m,0,1,0,71,1.0,fiber optic,0,0,1,one year,credit card (automatic),98.65,6962.85,0.0
3520-FJGCV,m,0,1,1,72,1.0,fiber optic,1,1,1,two year,credit card (automatic),112.6,8126.65,0.0
6563-VRERX,m,0,1,1,33,1.0,no,0,0,0,one year,mailed check,20.6,690.25,0.0
0259-GBZSH,m,0,0,0,2,1.0,fiber optic,0,0,1,month-to-month,electronic check,85.65,181.5,1.0
6122-EFVKN,m,0,0,1,24,1.0,dsl,1,1,0,two year,mailed check,35.75,830.8,0.0
2805-EDJPQ,f,0,1,1,56,1.0,fiber optic,0,1,0,one year,credit card (automatic),99.75,5608.4,0.0
6862-CQUMB,m,0,0,0,37,1.0,fiber optic,0,0,1,month-to-month,credit card (automatic),96.1,3646.8,0.0
7156-MXBJE,f,0,0,0,43,1.0,dsl,0,1,1,one year,credit card (automatic),85.1,3662.25,0.0
6158-HDPXZ,m,0,0,0,1,1.0,dsl,0,0,0,month-to-month,mailed check,25.35,25.35,0.0
9601-BRXPO,f,0,1,0,25,1.0,fiber optic,0,1,1,month-to-month,bank transfer (automatic),104.95,2566.5,1.0
2863-IMQDR,f,0,0,0,61,1.0,dsl,1,1,1,two year,electronic check,89.65,5308.7,0.0
5686-CMAWK,m,0,0,0,17,1.0,fiber optic,0,1,0,one year,electronic check,86.75,1410.25,0.0
5651-CRHKQ,f,0,1,0,41,1.0,fiber optic,0,1,0,one year,bank transfer (automatic),86.2,3339.05,0.0
6905-NIQIN,m,0,0,0,1,1.0,dsl,0,0,0,month-to-month,mailed check,50.65,50.65,1.0
8204-YJCLA,m,1,1,1,72,1.0,dsl,1,1,1,two year,bank transfer (automatic),64.8,4732.35,0.0
5167-ZFFMM,m,0,0,0,1,1.0,fiber optic,0,0,0,month-to-month,credit card (automatic),90.85,90.85,1.0
6583-SZVGP,m,0,0,0,48,1.0,fiber optic,0,0,1,two year,bank transfer (automatic),108.1,5067.45,0.0
4895-TMWIR,m,1,1,0,11,1.0,no,0,0,0,month-to-month,mailed check,19.95,214.75,1.0
0533-BNWKF,f,1,1,0,55,1.0,fiber optic,0,0,0,month-to-month,electronic check,85.45,4874.7,1.0
1708-PBBOA,f,0,0,0,42,1.0,dsl,1,1,0,one year,electronic check,54.75,2348.45,0.0
8782-LKFPK,m,0,0,0,44,1.0,fiber optic,0,0,0,month-to-month,mailed check,90.4,4063.0,0.0
5522-JBWMO,m,0,0,1,1,1.0,dsl,0,0,0,month-to-month,electronic check,44.0,44.0,0.0
3597-MVHJT,f,0,0,0,27,1.0,fiber optic,0,0,1,month-to-month,bank transfer (automatic),95.6,2595.25,0.0
9774-NRNAU,m,1,1,0,27,1.0,dsl,0,1,1,month-to-month,bank transfer (automatic),84.8,2309.55,0.0
0224-RLWWD,f,1,0,0,2,1.0,dsl,0,0,0,month-to-month,electronic check,44.3,89.3,0.0
9967-ATRFS,f,0,0,0,19,1.0,no,0,0,0,month-to-month,mailed check,19.9,367.55,0.0
3951-NJCVI,f,1,1,0,42,1.0,fiber optic,0,0,1,month-to-month,electronic check,95.05,3944.5,0.0
2977-CEBSX,f,0,0,0,66,1.0,dsl,1,1,1,two year,credit card (automatic),90.05,5965.95,0.0
0177-PXBAT,m,1,1,0,33,1.0,fiber optic,1,1,1,month-to-month,bank transfer (automatic),109.9,3694.7,0.0
6599-CEBNN,f,0,0,0,34,1.0,fiber optic,0,0,0,month-to-month,credit card (automatic),73.95,2524.45,1.0
2519-ERQOJ,m,1,0,0,33,1.0,dsl,0,1,1,month-to-month,electronic check,54.6,1803.7,0.0
5876-QMYLD,f,0,1,1,23,1.0,no,0,0,0,one year,mailed check,20.05,415.1,0.0
2277-AXSDC,f,0,0,0,32,1.0,no,0,0,0,one year,bank transfer (automatic),19.75,624.15,0.0
9442-JTWDL,f,0,0,0,11,1.0,no,0,0,0,one year,credit card (automatic),20.05,237.7,0.0
0979-PHULV,m,0,1,1,69,1.0,fiber optic,0,0,1,month-to-month,credit card (automatic),99.45,7007.6,1.0
3067-SVMTC,f,0,1,0,68,1.0,dsl,1,1,0,one year,bank transfer (automatic),55.9,3848.8,0.0
5495-GPSRW,m,0,0,0,20,1.0,no,0,0,0,two year,mailed check,19.7,419.4,0.0
7606-BPHHN,m,0,0,0,72,1.0,no,0,0,0,two year,credit card (automatic),19.8,1468.75,0.0
4742-DRORA,m,0,1,1,60,1.0,fiber optic,1,0,1,one year,bank transfer (automatic),95.4,5812.0,0.0
0111-KLBQG,m,1,1,1,32,1.0,fiber optic,0,0,1,month-to-month,mailed check,93.95,2861.45,0.0
4800-VHZKI,f,0,0,0,1,1.0,no,0,0,0,month-to-month,mailed check,19.9,19.9,1.0
7989-CHGTL,m,0,0,0,1,1.0,no,0,0,0,month-to-month,mailed check,19.6,19.6,1.0
0334-GDDSO,m,1,0,0,3,1.0,fiber optic,0,0,0,month-to-month,electronic check,81.35,233.7,1.0
4163-NCJAK,f,0,1,0,46,1.0,no,0,0,0,one year,bank transfer (automatic),24.45,1066.15,0.0
5233-AOZUF,f,0,1,0,29,1.0,fiber optic,0,0,0,month-to-month,electronic check,74.95,2149.05,0.0
5973-EJGDP,m,0,0,0,51,1.0,fiber optic,0,1,0,month-to-month,electronic check,87.35,4473.0,0.0
1996-DBMUS,f,1,1,0,48,1.0,fiber optic,0,0,0,month-to-month,bank transfer (automatic),70.65,3545.05,0.0
7916-VCCPB,f,0,1,1,16,1.0,fiber optic,0,0,0,month-to-month,bank transfer (automatic),73.25,1195.75,0.0
4686-GEFRM,m,0,1,0,70,1.0,fiber optic,0,1,0,two year,bank transfer (automatic),98.7,6858.9,0.0
5249-QYHEX,f,0,1,1,40,1.0,no,0,0,0,two year,mailed check,24.8,1024.7,0.0
0578-SKVMF,f,0,1,1,22,1.0,fiber optic,0,0,0,month-to-month,electronic check,83.3,1845.9,1.0
5564-NEMQO,f,1,0,0,1,1.0,fiber optic,0,0,0,month-to-month,bank transfer (automatic),75.3,75.3,1.0
2233-FAGXV,f,0,1,1,5,1.0,no,0,0,0,month-to-month,mailed check,24.3,132.25,0.0
5605-IYGFG,f,0,0,0,7,1.0,fiber optic,0,0,0,month-to-month,bank transfer (automatic),69.85,515.45,0.0
7663-ZTEGJ,m,0,0,1,29,1.0,fiber optic,0,1,0,one year,credit card (automatic),100.55,2830.45,0.0
3935-TBRZZ,m,0,1,1,44,1.0,no,0,0,0,one year,mailed check,25.7,1110.5,0.0
8111-BKVDS,f,0,0,0,10,1.0,dsl,1,0,0,month-to-month,bank transfer (automatic),40.7,449.3,0.0
2055-SIFSS,f,1,1,0,55,1.0,dsl,0,0,0,month-to-month,bank transfer (automatic),51.65,2838.55,0.0
2806-MLNTI,m,1,1,0,52,1.0,fiber optic,0,0,1,one year,bank transfer (automatic),105.1,5376.4,0.0
8734-DKSTZ,f,0,1,1,10,1.0,fiber optic,0,0,0,month-to-month,electronic check,85.95,858.6,0.0
4360-PNRQB,m,0,0,0,18,1.0,fiber optic,0,0,0,month-to-month,bank transfer (automatic),75.6,1395.05,0.0
6152-ONASV,f,0,1,0,68,1.0,dsl,1,1,0,one year,bank transfer (automatic),58.25,3975.7,0.0
9063-ZGTUY,f,0,1,1,61,1.0,no,0,0,0,month-to-month,mailed check,19.4,1182.55,1.0
7781-HVGMK,f,0,1,1,72,1.0,dsl,1,1,1,two year,credit card (automatic),65.2,4784.45,0.0
2181-UAESM,m,0,0,0,2,1.0,dsl,1,0,0,month-to-month,electronic check,53.45,119.5,0.0
2957-LOLHO,m,0,0,0,12,1.0,dsl,0,0,0,month-to-month,bank transfer (automatic),45.4,518.9,1.0
6048-NJXHX,m,0,1,0,41,1.0,no,0,0,0,two year,electronic check,19.75,899.45,0.0
2320-SLKMB,f,0,0,0,26,1.0,dsl,0,1,1,month-to-month,credit card (automatic),44.45,1183.8,0.0
4980-URKXC,m,0,1,0,36,1.0,no,0,0,0,one year,bank transfer (automatic),20.85,720.05,0.0
4376-KFVRS,m,0,1,1,72,1.0,fiber optic,1,1,1,two year,credit card (automatic),114.05,8468.2,0.0
5886-VLQVU,m,0,1,0,35,1.0,fiber optic,0,1,0,month-to-month,bank transfer (automatic),89.85,3161.2,0.0
3577-AMVUX,m,0,0,0,1,1.0,dsl,0,1,0,month-to-month,mailed check,55.05,55.05,0.0
0771-WLCLA,f,0,1,1,16,1.0,fiber optic,1,1,1,month-to-month,electronic check,112.95,1882.55,0.0
5628-RKIFK,f,1,0,0,49,1.0,fiber optic,1,0,1,month-to-month,credit card (automatic),101.55,5070.4,0.0
0206-TBWLC,f,0,1,0,54,1.0,fiber optic,1,1,1,one year,mailed check,114.65,6049.5,0.0
2937-FTHUR,f,0,0,1,18,1.0,dsl,1,0,0,month-to-month,electronic check,64.8,1166.7,0.0
1910-FMXJM,f,0,1,0,36,1.0,fiber optic,0,0,0,month-to-month,electronic check,80.4,2937.65,0.0
7752-XUSCI,f,0,0,0,60,1.0,fiber optic,0,0,1,month-to-month,electronic check,105.9,6396.45,1.0
4110-PFEUZ,f,0,0,0,1,1.0,fiber optic,0,0,0,month-to-month,mailed check,69.55,69.55,1.0
0732-OCQOC,f,0,1,1,52,1.0,no,0,0,0,two year,bank transfer (automatic),25.05,1270.25,0.0
5168-MSWXT,m,0,1,1,8,1.0,fiber optic,0,0,1,month-to-month,electronic check,94.75,759.55,0.0
1090-ESELR,m,0,1,1,72,1.0,fiber optic,1,1,1,two year,bank transfer (automatic),105.5,7611.55,0.0
8592-PLTMQ,f,0,0,0,64,1.0,no,0,0,0,one year,mailed check,24.7,1642.75,0.0
5760-WRAHC,f,1,0,0,22,1.0,dsl,1,1,0,month-to-month,mailed check,69.75,1545.4,0.0
8847-GEOOQ,m,0,1,0,60,1.0,dsl,0,1,1,month-to-month,bank transfer (automatic),60.2,3582.4,0.0
0256-LTHVJ,f,0,1,1,28,1.0,fiber optic,0,0,0,month-to-month,electronic check,81.05,2227.1,1.0
4785-FCIFB,f,0,1,0,61,1.0,no,0,0,0,two year,mailed check,24.4,1417.9,0.0
8313-NDOIA,f,0,0,0,24,1.0,fiber optic,0,0,1,month-to-month,electronic check,104.15,2494.65,0.0
5149-CUZUJ,m,0,1,1,28,1.0,fiber optic,0,1,1,one year,bank transfer (automatic),92.9,2768.35,0.0
0942-KOWSM,f,0,1,1,30,1.0,dsl,0,1,1,two year,bank transfer (automatic),80.8,2369.3,0.0
4237-CLSMM,m,0,1,0,2,1.0,no,0,0,0,month-to-month,mailed check,20.0,38.0,0.0
1452-VOQCH,m,0,0,0,1,1.0,fiber optic,0,0,0,month-to-month,electronic check,75.1,75.1,0.0
4719-UMSIY,m,0,0,1,6,1.0,no,0,0,0,month-to-month,mailed check,19.65,100.9,0.0
6614-VBEGU,f,0,1,0,24,1.0,dsl,0,0,1,month-to-month,bank transfer (automatic),69.45,1614.05,0.0
0880-TKATG,m,0,1,1,4,1.0,fiber optic,0,0,1,month-to-month,electronic check,101.15,385.9,1.0
3811-VBYBZ,m,0,0,0,7,1.0,fiber optic,0,0,1,month-to-month,electronic check,99.8,673.25,1.0
1480-BKXGA,m,1,1,0,72,1.0,fiber optic,1,1,1,two year,bank transfer (automatic),116.05,8404.9,0.0
2996-XAUVF,m,0,0,0,70,1.0,dsl,0,1,0,two year,mailed check,40.05,2799.75,0.0
9076-AXYIK,m,1,1,0,64,1.0,fiber optic,0,1,1,two year,electronic check,102.1,6538.45,0.0
5968-XQIVE,m,0,1,1,72,1.0,fiber optic,0,0,1,one year,electronic check,89.7,6588.95,0.0
8896-RAZCR,f,0,0,1,44,1.0,no,0,0,0,two year,mailed check,19.9,868.1,0.0
4640-UHDOS,f,0,1,1,13,1.0,dsl,0,0,0,month-to-month,electronic check,55.95,734.35,1.0
4933-IKULF,f,1,0,0,17,1.0,no,0,0,0,one year,mailed check,20.65,330.6,0.0
3583-EKAPL,m,0,0,0,1,1.0,dsl,0,0,0,month-to-month,electronic check,55.0,55.0,1.0
1304-BCCFO,m,0,1,0,9,1.0,dsl,0,0,1,month-to-month,mailed check,70.05,564.4,0.0
4104-PVRPS,m,0,1,0,24,1.0,dsl,1,1,0,month-to-month,mailed check,53.6,1315.35,0.0
9399-APLBT,f,0,1,1,1,1.0,fiber optic,0,0,0,month-to-month,electronic check,74.7,74.7,1.0
2359-KMGLI,m,0,0,0,24,1.0,fiber optic,0,0,0,month-to-month,electronic check,80.25,1861.5,1.0
3780-DDGSE,m,1,1,1,35,1.0,dsl,0,1,1,month-to-month,electronic check,76.05,2747.2,0.0
4431-EDMIQ,f,0,1,1,7,1.0,dsl,1,1,1,month-to-month,electronic check,75.7,554.05,0.0
0306-JAELE,m,0,0,0,5,1.0,fiber optic,0,1,1,month-to-month,electronic check,96.1,453.4,1.0
6227-HWPWX,f,0,0,1,15,1.0,fiber optic,0,0,0,month-to-month,bank transfer (automatic),69.0,994.8,1.0
0486-LGCCH,m,0,1,1,11,1.0,no,0,0,0,two year,mailed check,19.65,225.75,0.0
0447-BEMNG,f,0,1,0,48,1.0,dsl,1,0,0,month-to-month,bank transfer (automatic),45.3,2145.0,1.0
4612-SSVHJ,f,1,0,0,20,1.0,fiber optic,0,0,0,month-to-month,electronic check,81.45,1671.6,0.0
5168-MQQCA,f,0,1,0,72,1.0,fiber optic,0,1,1,one year,bank transfer (automatic),108.5,8003.8,0.0
5949-XIKAE,f,0,1,1,8,1.0,fiber optic,0,0,1,month-to-month,electronic check,83.55,680.05,1.0
7971-HLVXI,m,0,1,1,72,1.0,fiber optic,0,0,0,two year,credit card (automatic),84.5,6130.85,0.0
9094-AZPHK,f,0,0,0,15,1.0,fiber optic,0,0,1,month-to-month,electronic check,100.15,1415.0,0.0
3649-JPUGY,m,0,0,0,72,1.0,dsl,0,1,1,two year,bank transfer (automatic),88.6,6201.95,0.0
4472-LVYGI,f,0,1,1,0,1.0,dsl,1,1,1,two year,bank transfer (automatic),52.55,52.55,0.0
8372-JUXUI,m,0,0,1,1,1.0,fiber optic,0,0,0,month-to-month,electronic check,74.35,20.25,1.0
3552-CTCYF,m,0,1,1,63,1.0,fiber optic,0,0,1,two year,bank transfer (automatic),104.8,80.85,0.0
6778-YSNIH,f,0,0,0,2,1.0,dsl,0,0,1,month-to-month,electronic check,59.0,25.75,0.0
0388-EOPEX,f,0,1,0,2,1.0,fiber optic,1,0,0,month-to-month,electronic check,74.4,56.05,1.0
5756-OZRIO,m,1,1,0,61,1.0,dsl,0,0,0,one year,bank transfer (automatic),64.05,3902.6,0.0
6579-JPICP,m,0,0,0,1,1.0,no,0,0,0,month-to-month,mailed check,20.4,20.4,0.0
8205-OTCHB,m,0,0,0,22,1.0,dsl,0,0,0,one year,bank transfer (automatic),43.75,903.6,1.0
4134-BSXLX,m,0,1,0,28,1.0,dsl,1,1,0,month-to-month,mailed check,60.9,1785.65,0.0
0505-SPOOW,f,0,1,0,70,1.0,no,0,0,0,two year,bank transfer (automatic),19.8,1397.65,0.0
6235-VDHOM,f,1,0,0,5,1.0,dsl,0,0,0,month-to-month,electronic check,28.45,131.05,1.0
7783-YKGDV,f,0,0,0,12,1.0,fiber optic,1,0,0,month-to-month,bank transfer (automatic),99.7,1238.45,1.0
4374-YMUSQ,m,0,0,0,34,1.0,fiber optic,1,1,1,one year,credit card (automatic),116.25,3899.05,0.0
4513-CXYIX,f,1,1,0,71,1.0,fiber optic,1,0,0,two year,credit card (automatic),80.7,5676.0,0.0
3957-HHLMR,f,0,1,1,70,1.0,dsl,1,0,0,one year,bank transfer (automatic),65.2,4543.15,0.0
7803-XOCCZ,f,0,1,1,52,1.0,fiber optic,1,1,0,month-to-month,bank transfer (automatic),84.05,4326.8,0.0
5736-YEJAX,m,0,0,1,69,1.0,dsl,1,1,1,two year,credit card (automatic),79.45,5502.55,0.0
5609-CEBID,f,1,0,0,20,1.0,fiber optic,0,0,0,month-to-month,electronic check,94.1,1782.4,1.0
8981-FJGLA,m,0,0,1,11,1.0,fiber optic,0,0,0,month-to-month,mailed check,78.0,851.8,0.0
7218-HKQFK,m,0,1,0,2,1.0,fiber optic,0,1,1,month-to-month,electronic check,94.2,167.5,1.0
4636-QRJKY,f,0,1,1,6,1.0,fiber optic,0,1,0,month-to-month,electronic check,80.5,502.85,1.0
1135-LMECX,f,0,0,0,1,1.0,no,0,0,0,month-to-month,mailed check,19.85,19.85,0.0
4332-MUOEZ,m,1,1,1,20,1.0,fiber optic,1,1,0,one year,credit card (automatic),94.3,1818.3,0.0
8535-SFUTN,m,0,0,0,61,1.0,fiber optic,1,0,1,month-to-month,electronic check,106.45,6300.15,0.0
5956-VKDTT,f,1,1,0,5,1.0,fiber optic,0,0,0,month-to-month,electronic check,74.35,334.8,1.0
8677-HDZEE,f,0,0,0,56,1.0,fiber optic,0,1,1,month-to-month,bank transfer (automatic),105.45,5916.95,0.0
2475-MROZF,m,0,0,0,30,1.0,fiber optic,1,1,0,month-to-month,credit card (automatic),95.0,2852.4,0.0
9412-GHEEC,m,0,0,0,40,1.0,fiber optic,0,1,1,month-to-month,bank transfer (automatic),104.8,4131.95,1.0
3482-ABPKK,f,0,0,0,28,1.0,dsl,1,1,0,one year,mailed check,54.3,1546.3,0.0
6705-LXORM,f,1,1,0,5,1.0,fiber optic,0,0,0,month-to-month,electronic check,70.05,302.6,0.0
0257-ZESQC,f,1,1,0,27,1.0,fiber optic,1,0,0,month-to-month,bank transfer (automatic),75.2,1929.35,1.0
7531-GQHME,m,0,0,0,12,1.0,no,0,0,0,month-to-month,credit card (automatic),20.05,265.45,0.0
5174-ITUMV,m,0,1,1,67,1.0,fiber optic,0,0,1,one year,electronic check,105.4,6989.45,0.0
4109-CYRBD,m,1,1,0,29,1.0,dsl,0,0,0,month-to-month,electronic check,51.6,1442.0,0.0
0913-XWSCN,m,0,1,1,55,1.0,fiber optic,0,0,0,month-to-month,bank transfer (automatic),85.5,4713.4,0.0
6825-UYPFK,f,0,0,0,23,1.0,fiber optic,0,0,0,month-to-month,bank transfer (automatic),75.6,1758.6,1.0
8397-MVTAZ,m,0,1,0,34,1.0,fiber optic,0,0,1,month-to-month,electronic check,100.05,3480.0,1.0
0750-EBAIU,m,0,0,0,52,1.0,fiber optic,1,0,1,one year,electronic check,91.25,4738.3,0.0
8606-CIQUL,m,1,1,1,72,1.0,fiber optic,1,1,1,two year,credit card (automatic),115.75,8399.15,0.0
3571-DPYUH,m,0,1,1,58,1.0,fiber optic,0,1,1,one year,credit card (automatic),94.7,5430.35,0.0
7601-GNDYK,m,0,1,1,35,1.0,no,0,0,0,two year,mailed check,19.6,686.95,0.0
0356-OBMAC,f,1,0,0,56,1.0,fiber optic,0,1,1,two year,bank transfer (automatic),99.9,5706.3,0.0
8067-NIOYM,f,0,1,1,24,1.0,no,0,0,0,two year,credit card (automatic),21.1,490.65,0.0
1403-GYAFU,m,0,1,1,70,1.0,no,0,0,0,two year,credit card (automatic),20.05,1360.25,0.0
4234-XTNEA,m,0,0,0,2,1.0,fiber optic,0,0,1,month-to-month,electronic check,79.95,174.45,0.0
1297-VQDRP,m,1,1,1,68,1.0,fiber optic,0,1,1,one year,credit card (automatic),107.15,7379.8,0.0
9282-IZGQK,f,0,0,0,1,1.0,fiber optic,0,0,0,month-to-month,electronic check,85.0,85.0,1.0
5348-CAGXB,m,0,0,0,12,1.0,fiber optic,0,0,1,month-to-month,electronic check,89.55,1021.75,0.0
0621-HJWXJ,f,0,1,0,63,1.0,fiber optic,0,0,0,month-to-month,bank transfer (automatic),81.55,5029.05,0.0
5844-QVTAT,f,0,1,1,33,1.0,dsl,1,0,0,one year,mailed check,58.45,1955.4,0.0
8905-IAZPF,f,0,1,0,69,1.0,fiber optic,0,0,1,one year,credit card (automatic),95.65,6744.2,0.0
5394-MEITZ,f,0,1,1,60,1.0,dsl,0,1,1,two year,bank transfer (automatic),80.6,4946.7,0.0
6859-QNXIQ,f,0,1,1,72,1.0,fiber optic,1,1,1,two year,bank transfer (automatic),113.1,8248.5,0.0
2782-LFZVW,f,0,0,0,11,1.0,dsl,0,0,0,month-to-month,mailed check,58.95,601.6,0.0
2866-IKBTM,f,0,0,0,1,1.0,no,0,0,0,month-to-month,mailed check,19.55,19.55,0.0
1342-JPNKI,m,0,0,0,10,1.0,fiber optic,0,0,1,month-to-month,bank transfer (automatic),86.05,834.1,1.0
2817-NTQDO,m,0,0,0,13,1.0,dsl,1,1,1,month-to-month,credit card (automatic),45.55,597.0,1.0
7129-AZJDE,m,0,1,1,34,1.0,fiber optic,0,0,0,one year,bank transfer (automatic),78.95,2647.2,0.0
6986-IJDHX,m,0,1,1,39,1.0,fiber optic,0,0,1,month-to-month,mailed check,86.3,3266.0,1.0
2560-PPCHE,f,0,0,0,65,1.0,fiber optic,0,1,1,one year,bank transfer (automatic),105.05,6744.25,0.0
4676-MQUEA,m,1,1,0,50,1.0,fiber optic,1,0,1,one year,bank transfer (automatic),101.9,5265.5,0.0
8138-EALND,m,0,0,0,15,1.0,no,0,0,0,month-to-month,mailed check,19.75,311.6,0.0
3580-HYCSP,m,0,1,1,72,1.0,fiber optic,1,0,1,two year,bank transfer (automatic),110.3,7966.9,0.0
1352-HNSAW,f,0,1,1,72,1.0,fiber optic,1,1,1,two year,bank transfer (automatic),115.6,8220.4,0.0
2075-PUEPR,m,0,1,1,55,1.0,no,0,0,0,two year,bank transfer (automatic),19.35,1153.25,0.0
1982-FEBTD,f,0,1,1,23,1.0,no,0,0,0,two year,credit card (automatic),25.6,514.75,0.0
5301-GAUUY,m,0,0,0,32,1.0,fiber optic,0,0,0,month-to-month,bank transfer (automatic),80.35,2596.15,1.0
5791-KAJFD,f,0,1,1,56,1.0,dsl,1,0,0,one year,bank transfer (automatic),68.75,3808.0,0.0
2654-VBVPB,f,0,0,0,1,1.0,no,0,0,0,month-to-month,bank transfer (automatic),19.9,19.9,0.0
1154-HYWWO,m,0,0,0,38,1.0,dsl,1,1,1,one year,mailed check,70.6,2708.2,0.0
2501-XWWTZ,m,0,0,0,11,1.0,fiber optic,0,0,0,month-to-month,electronic check,70.2,760.05,0.0
3716-UVSPD,m,0,0,0,1,1.0,dsl,0,1,0,month-to-month,electronic check,49.3,49.3,0.0
6815-ABQFQ,m,0,1,0,56,1.0,fiber optic,0,1,1,one year,electronic check,107.25,6033.3,0.0
7343-EOBEU,m,0,1,0,3,1.0,no,0,0,0,month-to-month,mailed check,23.6,89.05,0.0
3701-SFMUH,m,0,1,1,7,1.0,dsl,1,0,1,month-to-month,credit card (automatic),69.7,516.15,0.0
6103-LIANB,m,0,1,1,59,1.0,fiber optic,0,0,1,two year,credit card (automatic),99.5,5861.75,0.0
7319-VENRZ,m,0,0,0,7,1.0,dsl,0,1,1,month-to-month,bank transfer (automatic),64.3,445.95,0.0
5846-NEQVZ,m,0,1,1,71,1.0,dsl,1,1,0,two year,credit card (automatic),70.85,4973.4,0.0
6967-QIQRV,m,0,1,1,15,1.0,fiber optic,1,1,1,one year,electronic check,101.9,1667.25,0.0
5781-RFZRP,m,0,1,0,71,1.0,dsl,1,1,1,two year,credit card (automatic),73.5,5357.75,0.0
0939-YAPAF,f,0,0,0,35,1.0,fiber optic,0,0,1,month-to-month,electronic check,100.25,3527.6,1.0
0308-IVGOK,f,0,0,0,11,1.0,dsl,0,1,0,one year,credit card (automatic),40.4,422.6,0.0
7293-LSCDV,f,0,1,1,60,1.0,no,0,0,0,two year,credit card (automatic),19.25,1103.25,0.0
7025-WCBNE,m,1,0,0,47,1.0,dsl,0,1,0,two year,bank transfer (automatic),59.6,2754.0,0.0
5756-JYOJT,f,0,0,0,11,1.0,dsl,0,1,0,one year,credit card (automatic),64.9,697.25,0.0
4710-FDUIZ,m,0,1,0,56,1.0,fiber optic,0,0,1,one year,credit card (automatic),100.3,5614.45,1.0
6030-REHUX,f,1,1,0,28,1.0,fiber optic,0,1,1,month-to-month,electronic check,110.85,3204.4,0.0
9548-LIGTA,m,0,1,0,61,1.0,dsl,1,1,1,two year,mailed check,81.05,4747.65,0.0
5150-LJNSR,m,0,1,1,31,1.0,fiber optic,1,0,1,one year,bank transfer (automatic),98.05,3082.1,0.0
8270-RKSAP,m,0,0,0,9,1.0,fiber optic,0,0,0,month-to-month,electronic check,70.5,597.9,0.0
6522-YRBXD,m,1,1,0,35,1.0,fiber optic,1,0,0,month-to-month,electronic check,94.55,3365.4,0.0
2640-LYMOV,m,0,0,0,2,1.0,no,0,0,0,month-to-month,mailed check,19.65,38.8,0.0
1218-VKFPE,f,0,1,1,12,1.0,no,0,0,0,month-to-month,mailed check,19.0,233.55,1.0
3627-FHKBK,f,0,0,0,1,1.0,fiber optic,1,0,0,month-to-month,mailed check,75.3,75.3,1.0
2865-TCHJW,f,1,0,0,4,1.0,fiber optic,0,0,1,month-to-month,electronic check,89.2,346.2,1.0
1423-BMPBQ,f,0,1,1,1,1.0,no,0,0,0,month-to-month,mailed check,19.0,19.0,0.0
2393-DIVAI,f,0,0,0,3,1.0,no,0,0,0,month-to-month,mailed check,20.0,61.7,0.0
5192-EBGOV,f,1,0,0,1,1.0,fiber optic,0,0,1,month-to-month,electronic check,85.7,85.7,1.0
4568-KNYWR,m,0,0,0,52,1.0,dsl,1,0,1,two year,credit card (automatic),63.25,3342.45,0.0
8752-IMQOS,m,0,1,1,5,1.0,no,0,0,0,one year,mailed check,20.1,85.1,0.0
0742-LAFQK,m,0,1,0,72,1.0,fiber optic,1,0,0,two year,electronic check,99.15,7422.1,0.0
0795-LAFGP,m,0,1,1,71,1.0,dsl,1,1,1,two year,electronic check,90.4,6668.05,0.0
0619-OLYUR,m,0,1,0,72,1.0,fiber optic,1,1,1,two year,credit card (automatic),111.9,8071.05,0.0
5512-IDZEI,m,0,1,1,46,1.0,no,0,0,0,one year,electronic check,24.9,1174.8,0.0
0459-SPZHJ,m,0,1,1,63,1.0,dsl,1,0,1,two year,credit card (automatic),83.5,5435.0,0.0
0215-BQKGS,m,0,0,0,30,1.0,fiber optic,1,0,0,month-to-month,credit card (automatic),84.3,2438.6,0.0
9244-ZVAPM,m,0,0,0,1,1.0,dsl,0,0,0,month-to-month,mailed check,45.6,45.6,0.0
0719-SYFRB,f,0,0,0,12,1.0,dsl,1,1,0,month-to-month,mailed check,61.65,713.75,1.0
8208-EUMTE,m,0,0,0,16,1.0,dsl,1,1,1,two year,mailed check,54.85,916.15,0.0
5172-MIGPM,m,0,0,0,4,1.0,dsl,0,1,0,month-to-month,mailed check,65.55,237.2,0.0
1710-RCXUS,m,0,1,0,51,1.0,fiber optic,0,0,0,one year,credit card (automatic),90.35,4614.55,0.0
0374-FIUCA,m,0,1,0,65,1.0,no,0,0,0,two year,credit card (automatic),20.4,1414.45,0.0
5839-SUYVZ,m,0,0,0,16,1.0,fiber optic,0,1,0,month-to-month,credit card (automatic),74.55,1170.5,0.0
5173-ZXXXL,m,0,0,0,2,1.0,no,0,0,0,one year,mailed check,19.95,47.7,0.0
1096-ADRUX,f,0,1,1,66,1.0,fiber optic,0,0,0,one year,bank transfer (automatic),74.25,4859.25,0.0
2001-MCUUW,m,0,0,0,46,1.0,fiber optic,0,1,1,two year,electronic check,108.65,4903.2,0.0
2731-GJRDG,f,0,0,0,32,1.0,fiber optic,1,1,1,one year,bank transfer (automatic),109.55,3608.0,0.0
4723-BEGSG,m,0,1,0,72,1.0,dsl,1,1,1,two year,credit card (automatic),86.65,6094.25,0.0
6516-NKQBO,m,0,1,1,38,1.0,dsl,1,1,1,two year,credit card (automatic),81.0,3084.9,0.0
8672-OAUPW,m,0,0,1,51,1.0,dsl,0,1,0,one year,credit card (automatic),47.85,2356.75,0.0
8207-DMRVL,m,0,1,1,72,1.0,fiber optic,1,1,1,two year,bank transfer (automatic),114.55,8306.05,0.0
3419-SNJJD,f,1,1,0,65,1.0,fiber optic,1,0,1,month-to-month,bank transfer (automatic),105.25,6786.4,1.0
6543-CPZMK,m,0,1,1,9,1.0,dsl,0,0,0,month-to-month,electronic check,29.95,248.95,1.0
4765-OXPPD,f,0,1,1,9,1.0,dsl,1,1,0,month-to-month,mailed check,65.0,663.05,1.0
2804-ETQDK,m,0,0,1,66,1.0,no,0,0,0,two year,mailed check,20.55,1357.1,0.0
6689-VRRTK,f,1,0,0,44,1.0,fiber optic,1,0,1,one year,credit card (automatic),109.8,4860.35,0.0
7138-GIRSH,m,0,0,0,50,1.0,dsl,0,1,0,two year,bank transfer (automatic),69.5,3418.2,0.0
9396-ZSFLL,f,0,0,0,15,1.0,dsl,0,0,0,month-to-month,mailed check,48.85,631.4,0.0
6464-KEXXH,m,0,0,0,8,1.0,dsl,0,0,0,month-to-month,credit card (automatic),65.60756321839081,186.3,0.0
7134-MJPDY,f,1,0,0,66,1.0,fiber optic,0,1,1,one year,credit card (automatic),65.60756321839081,6976.75,0.0
5240-CAOYT,f,0,0,0,57,1.0,fiber optic,1,1,0,month-to-month,bank transfer (automatic),65.60756321839081,4884.85,0.0
4059-IIEBK,f,0,0,0,7,1.0,fiber optic,0,0,0,month-to-month,bank transfer (automatic),65.60756321839081,522.95,0.0
4881-JVQOD,m,1,1,1,10,1.0,dsl,0,0,0,month-to-month,bank transfer (automatic),65.60756321839081,362.6,0.0
0516-UXRMT,f,0,0,0,62,1.0,fiber optic,1,0,0,one year,electronic check,65.60756321839081,5755.8,0.0
4851-BQDNX,m,0,1,1,40,1.0,fiber optic,0,0,1,one year,electronic check,65.60756321839081,3355.65,0.0
5148-HKFIR,f,0,0,0,20,1.0,no,0,0,0,two year,mailed check,65.60756321839081,406.95,0.0
1009-IRMNA,f,0,0,0,7,1.0,no,0,0,0,month-to-month,bank transfer (automatic),65.60756321839081,137.6,1.0
3003-CMDUU,f,0,1,0,25,1.0,fiber optic,0,1,1,month-to-month,electronic check,65.60756321839081,2395.7,0.0
5016-IBERQ,m,0,1,0,23,1.0,fiber optic,0,0,0,month-to-month,electronic check,65.60756321839081,1968.1,0.0
6797-UCJHZ,f,1,1,0,66,1.0,fiber optic,0,0,1,one year,credit card (automatic),65.60756321839081,6819.45,0.0
2469-DTSGX,f,1,0,0,72,1.0,fiber optic,0,1,1,two year,electronic check,65.60756321839081,7943.45,0.0
4554-YGZIH,m,1,1,0,49,1.0,fiber optic,0,0,0,month-to-month,credit card (automatic),65.60756321839081,4547.25,1.0
5099-BAILX,m,1,1,1,43,1.0,fiber optic,0,1,1,month-to-month,bank transfer (automatic),65.60756321839081,4687.9,1.0
9931-KGHOA,f,0,1,0,46,1.0,dsl,1,0,0,month-to-month,bank transfer (automatic),65.60756321839081,2473.95,0.0
1775-KWJKQ,m,0,1,1,72,1.0,dsl,1,1,1,two year,credit card (automatic),65.60756321839081,6562.9,0.0
7665-VIGUD,m,0,0,0,10,1.0,no,0,0,0,one year,mailed check,65.60756321839081,176.3,0.0
9411-TPQQV,f,0,0,0,40,1.0,dsl,1,1,1,one year,bank transfer (automatic),65.60756321839081,2236.2,0.0
7207-RMRDB,f,0,1,1,65,1.0,fiber optic,0,0,1,month-to-month,electronic check,65.60756321839081,6985.65,1.0
7954-MLBUN,m,0,0,0,31,1.0,fiber optic,0,1,1,two year,bank transfer (automatic),99.45,3109.9,0.0
2077-DDHJK,f,0,1,0,68,1.0,dsl,1,1,0,two year,credit card (automatic),70.9,4911.35,0.0
4913-EHYUI,m,1,1,1,56,1.0,fiber optic,1,0,1,one year,bank transfer (automatic),104.55,5794.65,1.0
0195-IESCP,m,0,1,0,10,1.0,fiber optic,0,0,0,month-to-month,electronic check,85.25,855.3,1.0
9574-BOSMD,m,0,1,1,68,1.0,no,0,0,0,two year,bank transfer (automatic),25.4,1620.2,0.0
4580-TMHJU,f,0,1,1,43,1.0,dsl,0,0,1,month-to-month,electronic check,56.15,2499.3,1.0
0970-ETWGE,m,0,0,0,1,1.0,fiber optic,0,0,1,month-to-month,electronic check,89.55,89.55,1.0
4908-XAXAY,f,1,0,0,49,1.0,fiber optic,0,0,0,one year,bank transfer (automatic),89.85,4287.2,0.0
8404-VLQFB,f,0,1,1,15,1.0,no,0,0,0,month-to-month,electronic check,25.25,394.85,0.0
1626-ERCMM,m,1,1,0,20,1.0,fiber optic,0,0,1,month-to-month,electronic check,94.55,1899.65,1.0
0887-HJGAR,m,0,0,0,1,1.0,dsl,0,0,0,month-to-month,mailed check,45.7,45.7,1.0
2391-IPLOP,m,0,1,1,50,1.0,dsl,0,1,1,one year,electronic check,69.65,3442.15,0.0
5644-PDMZC,f,1,0,0,2,1.0,fiber optic,0,0,0,month-to-month,electronic check,89.5,161.5,1.0
3509-GWQGF,m,1,0,0,24,1.0,fiber optic,0,0,0,month-to-month,credit card (automatic),70.0,1732.6,0.0
9576-ANLXO,f,0,0,0,3,1.0,fiber optic,0,0,0,month-to-month,bank transfer (automatic),69.55,222.3,1.0
2024-BASKD,f,0,0,0,1,1.0,fiber optic,0,0,0,month-to-month,mailed check,74.6,74.6,1.0
5845-BZZIB,m,0,1,1,35,1.0,no,0,0,0,two year,mailed check,20.1,655.3,0.0
1140-UKVZG,f,0,0,0,17,1.0,no,0,0,0,month-to-month,mailed check,24.8,475.25,0.0
4160-AMJTL,f,1,0,0,8,1.0,no,0,0,0,month-to-month,electronic check,19.65,164.3,1.0
5183-SNMJQ,m,0,0,0,10,1.0,fiber optic,0,1,1,month-to-month,credit card (automatic),95.1,865.1,0.0
8100-PNJMH,m,0,1,1,68,1.0,dsl,1,1,1,two year,credit card (automatic),88.85,6132.7,0.0
7838-LAZFO,m,0,1,0,45,1.0,dsl,1,0,1,one year,bank transfer (automatic),78.8,3597.5,0.0
4464-JCOLN,m,0,1,1,2,1.0,no,0,0,0,one year,mailed check,19.85,35.9,1.0
2085-JVGAD,m,0,1,0,37,1.0,no,0,0,0,month-to-month,bank transfer (automatic),20.35,697.65,0.0
5650-VDUDS,f,0,0,0,4,1.0,dsl,0,0,0,month-to-month,mailed check,24.25,96.05,1.0
8095-WANWK,f,0,0,0,10,1.0,dsl,0,0,0,month-to-month,mailed check,45.25,428.7,0.0
3030-ZKIWL,m,0,0,0,1,1.0,no,0,0,0,month-to-month,mailed check,20.05,20.05,0.0
9565-FLVCG,m,0,1,1,65,1.0,dsl,1,0,0,two year,mailed check,69.55,4459.15,0.0
8755-OGKNA,f,0,1,1,57,1.0,no,0,0,0,two year,bank transfer (automatic),19.5,1167.6,0.0
2800-VEQXM,f,0,0,0,3,1.0,fiber optic,0,0,0,month-to-month,mailed check,74.75,238.1,0.0
7538-GWHML,f,0,0,0,2,1.0,fiber optic,0,0,0,month-to-month,electronic check,69.65,145.15,1.0
5533-RJFTJ,m,0,0,0,49,1.0,dsl,0,0,0,month-to-month,bank transfer (automatic),30.2,1453.1,0.0
3859-CVCET,f,0,0,0,4,1.0,dsl,0,0,0,month-to-month,mailed check,45.65,191.05,1.0
0214-JHPFW,f,0,1,0,70,1.0,dsl,0,1,1,two year,bank transfer (automatic),57.8,4039.3,0.0
5642-MHDQT,f,0,1,1,53,1.0,no,0,0,0,one year,bank transfer (automatic),19.85,1039.45,0.0
3088-FVYWK,m,0,1,1,53,1.0,no,0,0,0,two year,credit card (automatic),25.55,1336.1,0.0
3276-HDUEG,f,0,0,0,1,1.0,fiber optic,0,0,0,month-to-month,mailed check,75.05,75.05,1.0
9092-GDZKO,m,0,0,0,22,1.0,no,0,0,0,month-to-month,credit card (automatic),24.85,493.4,0.0
0823-HSCDJ,m,1,0,0,52,1.0,dsl,0,0,1,month-to-month,electronic check,49.15,2550.9,1.0
3729-OWRVL,m,1,0,0,65,1.0,fiber optic,1,1,1,two year,electronic check,110.35,7246.15,0.0
2324-AALNO,f,0,0,0,48,1.0,no,0,0,0,one year,bank transfer (automatic),24.55,1203.95,0.0
0822-GAVAP,f,0,0,0,2,1.0,dsl,0,0,0,month-to-month,electronic check,34.7,62.25,1.0
5760-IFJOZ,m,0,0,0,3,1.0,fiber optic,0,0,1,month-to-month,mailed check,107.95,313.6,0.0
2826-UWHIS,m,0,1,0,45,1.0,fiber optic,0,0,0,month-to-month,bank transfer (automatic),81.4,3775.85,0.0
1448-PWKYE,m,0,1,1,1,1.0,fiber optic,0,0,0,month-to-month,electronic check,80.0,80.0,1.0
7501-IWUNG,f,0,1,1,61,1.0,dsl,0,1,1,two year,bank transfer (automatic),65.60756321839081,4616.05,0.0
4957-TREIR,m,0,0,0,3,1.0,dsl,1,1,1,month-to-month,credit card (automatic),65.60756321839081,195.65,0.0
7251-LJBQN,f,1,0,0,40,1.0,fiber optic,0,1,1,one year,credit card (automatic),65.60756321839081,4188.4,0.0
8040-MNRTF,f,0,0,0,1,1.0,fiber optic,0,0,0,month-to-month,mailed check,65.60756321839081,71.1,0.0
1536-HBSWP,f,0,0,0,1,1.0,dsl,0,1,0,month-to-month,electronic check,65.60756321839081,49.9,0.0
5313-FPXWG,m,0,0,0,51,1.0,no,0,0,0,one year,bank transfer (automatic),65.60756321839081,1266.4,0.0
0067-DKWBL,m,1,0,0,2,1.0,dsl,1,0,0,month-to-month,electronic check,65.60756321839081,91.1,1.0
0946-FKYTX,m,0,0,0,52,1.0,dsl,0,0,0,one year,mailed check,65.60756321839081,1623.4,0.0
5076-YVXCM,m,0,0,0,51,1.0,fiber optic,0,0,0,month-to-month,bank transfer (automatic),83.4,4149.45,0.0
8262-COGGB,m,0,0,0,1,1.0,no,0,0,0,month-to-month,mailed check,20.45,20.45,0.0
6663-JOCQO,m,0,1,1,31,1.0,dsl,1,1,0,one year,bank transfer (automatic),75.25,2344.5,0.0
9620-QJREV,m,0,0,1,47,1.0,no,0,0,0,one year,credit card (automatic),20.55,1013.05,0.0
2276-YDAVZ,f,0,0,0,3,1.0,fiber optic,0,0,0,month-to-month,credit card (automatic),75.1,270.7,1.0
2682-KEVRP,f,1,0,0,22,1.0,no,0,0,0,one year,mailed check,20.05,417.0,0.0
2480-JZOSN,f,0,1,0,1,1.0,no,0,0,0,month-to-month,mailed check,20.65,20.65,0.0
0078-XZMHT,m,0,1,0,72,1.0,dsl,0,1,1,two year,bank transfer (automatic),85.15,6316.2,0.0
5896-NPFWW,m,0,1,1,3,1.0,dsl,0,0,0,month-to-month,electronic check,50.15,168.15,1.0
9978-HYCIN,m,1,1,1,47,1.0,fiber optic,0,0,1,one year,bank transfer (automatic),84.95,4018.05,0.0
8338-QIUNR,m,0,1,1,72,1.0,dsl,1,1,0,two year,credit card (automatic),66.5,4811.6,0.0
1525-LNLOJ,m,0,1,1,66,1.0,dsl,0,0,1,two year,bank transfer (automatic),63.3,4189.7,0.0
9450-TRJUU,m,0,0,0,35,1.0,fiber optic,0,0,1,month-to-month,electronic check,83.15,2848.45,0.0
1766-GKNMI,m,0,0,0,29,1.0,fiber optic,0,0,0,month-to-month,electronic check,84.9,2516.2,0.0
6942-LBFDP,f,0,0,0,2,1.0,no,0,0,0,month-to-month,mailed check,20.55,33.6,0.0
1456-TWCGB,m,0,0,0,4,1.0,dsl,0,0,0,month-to-month,mailed check,49.25,208.45,0.0
7133-VBDCG,f,0,0,0,25,1.0,fiber optic,1,0,0,month-to-month,bank transfer (automatic),79.85,2015.35,1.0
7596-ZYWBB,f,0,0,0,65,1.0,dsl,1,1,0,two year,mailed check,59.6,3739.8,0.0
8329-UTMVM,m,1,0,0,27,1.0,fiber optic,0,1,1,one year,bank transfer (automatic),104.65,2964.0,0.0
3014-WJKSM,m,0,1,0,29,1.0,fiber optic,0,0,0,month-to-month,credit card (automatic),75.3,2263.4,0.0
3347-YJZZE,m,0,1,1,29,1.0,dsl,0,0,1,month-to-month,credit card (automatic),80.1,2211.8,0.0
1029-QFBEN,m,0,0,0,1,1.0,no,0,0,0,month-to-month,mailed check,19.55,19.55,1.0
7929-DMBCV,f,0,1,0,20,1.0,fiber optic,0,1,0,month-to-month,mailed check,81.0,1683.7,0.0
9661-JALZV,f,0,0,0,58,1.0,no,0,0,0,two year,credit card (automatic),24.7,1519.0,0.0
5433-KYGHE,f,0,0,1,14,1.0,fiber optic,1,1,0,month-to-month,mailed check,86.0,1164.05,0.0
4312-KFRXN,m,0,1,0,72,1.0,no,0,0,0,two year,mailed check,25.4,1710.9,0.0
5575-TPIZQ,m,0,0,0,46,1.0,fiber optic,1,0,1,month-to-month,credit card (automatic),89.15,4245.55,0.0
0114-IGABW,f,0,1,0,71,1.0,dsl,0,1,1,two year,bank transfer (automatic),58.25,4145.9,0.0
9944-AEXBM,m,0,0,0,32,1.0,fiber optic,0,0,0,month-to-month,bank transfer (automatic),85.65,2664.3,0.0
1853-ARAAQ,f,0,0,0,26,1.0,dsl,0,0,1,month-to-month,credit card (automatic),50.35,1277.5,0.0
6952-OMNWB,m,1,1,0,68,1.0,fiber optic,0,0,0,month-to-month,credit card (automatic),80.35,5589.3,0.0
4697-LUPSU,m,0,1,1,2,1.0,no,0,0,0,one year,mailed check,20.2,34.75,0.0
8434-VGEQQ,m,0,1,1,61,1.0,no,0,0,0,two year,credit card (automatic),20.55,1305.95,0.0
4952-YSOGZ,f,0,1,1,4,1.0,fiber optic,0,0,0,month-to-month,electronic check,85.95,381.3,1.0
1589-AGTLK,m,0,0,0,3,1.0,dsl,0,0,0,month-to-month,electronic check,45.35,141.5,1.0
5244-IRFIH,m,1,1,0,33,1.0,fiber optic,0,0,1,month-to-month,electronic check,94.5,3105.55,1.0
6549-YMFAW,m,1,1,0,9,1.0,no,0,0,0,month-to-month,mailed check,21.25,204.55,0.0
4950-HKQTE,f,0,0,0,22,1.0,no,0,0,0,two year,mailed check,26.25,605.9,0.0
6786-OBWQR,f,0,1,1,5,1.0,fiber optic,0,0,1,month-to-month,electronic check,80.85,356.1,0.0
2684-EIWEO,f,1,0,0,30,1.0,fiber optic,1,0,0,month-to-month,credit card (automatic),91.7,2758.15,1.0
2753-JMMCV,m,0,0,0,65,1.0,dsl,0,1,0,two year,credit card (automatic),74.2,4805.65,0.0
6439-GTPCA,f,0,0,0,45,1.0,fiber optic,0,1,0,month-to-month,electronic check,87.25,3941.7,1.0
6621-YOBKI,m,0,0,0,5,1.0,no,0,0,0,month-to-month,mailed check,20.35,92.75,0.0
1216-JWVUX,m,0,1,1,25,1.0,fiber optic,0,0,0,month-to-month,electronic check,75.5,1901.05,0.0
7564-GHCVB,f,0,1,1,72,1.0,fiber optic,1,0,0,two year,bank transfer (automatic),79.05,5730.7,0.0
1173-NOEYG,f,0,1,0,27,1.0,fiber optic,0,0,0,month-to-month,bank transfer (automatic),90.15,2423.4,0.0
7595-EHCDL,m,0,1,1,32,1.0,dsl,0,0,1,month-to-month,credit card (automatic),50.6,1653.45,0.0
6647-ZEDXT,f,0,0,0,30,1.0,fiber optic,0,1,1,one year,credit card (automatic),110.45,3327.05,0.0
2521-NPUZR,m,0,1,0,70,1.0,fiber optic,1,1,0,two year,credit card (automatic),101.0,7085.5,0.0
1307-TVUFB,m,1,0,0,42,1.0,fiber optic,0,0,0,month-to-month,bank transfer (automatic),79.35,3344.1,0.0
7503-MIOGA,f,1,1,0,72,1.0,dsl,1,1,1,two year,bank transfer (automatic),89.85,6697.35,0.0
4381-MHQDC,f,0,0,0,47,1.0,dsl,1,1,0,two year,mailed check,65.0,2879.9,0.0
6923-JHPMP,f,0,0,0,2,1.0,fiber optic,1,0,0,month-to-month,electronic check,80.45,137.1,0.0
5138-WVKYJ,m,0,0,0,10,1.0,fiber optic,1,0,1,month-to-month,electronic check,98.55,1008.55,1.0
4018-PPNDW,f,0,1,1,61,1.0,no,0,0,0,two year,mailed check,24.1,1551.6,0.0
1635-FJFCC,f,0,0,0,5,1.0,dsl,0,0,0,month-to-month,credit card (automatic),44.05,202.15,0.0
2499-AJYUA,f,1,1,0,72,1.0,fiber optic,0,1,1,two year,credit card (automatic),110.8,7882.25,0.0
6919-ELBGL,m,1,1,1,72,1.0,fiber optic,1,1,1,two year,bank transfer (automatic),114.95,8196.4,0.0
3966-HRMZA,f,1,0,0,3,1.0,fiber optic,0,0,0,month-to-month,mailed check,75.05,202.9,0.0
6425-JWTDV,m,0,1,0,48,1.0,no,0,0,0,two year,mailed check,19.25,855.1,0.0
8405-IGQFX,f,0,0,0,63,1.0,fiber optic,0,1,1,one year,credit card (automatic),90.05,5817.0,0.0
8224-IVVPA,f,0,0,0,27,1.0,dsl,1,0,0,month-to-month,mailed check,56.7,1652.95,0.0
9477-LGWQI,m,0,1,1,70,1.0,dsl,1,0,1,two year,credit card (automatic),80.15,5600.15,0.0
1410-RSCMR,m,0,1,1,7,1.0,dsl,1,1,0,month-to-month,credit card (automatic),71.35,515.75,0.0
3115-CZMZD,m,0,0,1,0,1.0,no,0,0,0,two year,mailed check,20.25,40.5,0.0
0139-IVFJG,f,0,1,0,2,1.0,fiber optic,1,0,1,month-to-month,electronic check,90.35,190.5,0.0
6683-VLCTZ,m,1,0,0,20,1.0,fiber optic,0,0,1,month-to-month,electronic check,98.55,1842.8,1.0
5730-DBDSI,m,0,0,0,66,1.0,no,0,0,0,two year,bank transfer (automatic),19.7,1253.8,0.0
0030-FNXPP,f,0,0,0,3,1.0,no,0,0,0,month-to-month,mailed check,19.85,57.2,0.0
2189-WWOEW,f,0,0,1,15,1.0,fiber optic,0,0,0,month-to-month,bank transfer (automatic),85.9,1269.55,1.0
5684-FJVYR,f,0,1,1,72,1.0,fiber optic,1,1,0,two year,bank transfer (automatic),90.35,6563.4,0.0
4013-GUXND,m,0,0,0,1,1.0,no,0,0,0,month-to-month,mailed check,20.8,20.8,0.0
1894-IGFSG,f,0,0,0,22,1.0,fiber optic,0,0,1,month-to-month,electronic check,89.25,1907.85,1.0
7379-POKDZ,m,0,1,0,3,1.0,fiber optic,0,0,0,month-to-month,electronic check,70.3,208.85,1.0
1266-NZYUI,f,0,1,1,72,1.0,dsl,1,1,0,two year,bank transfer (automatic),66.85,4758.8,0.0
7969-FFOWG,m,0,1,1,65,1.0,no,0,0,0,two year,mailed check,19.9,1292.6,0.0
4718-DHSMV,f,0,0,0,11,1.0,dsl,0,0,1,month-to-month,mailed check,35.8,363.15,0.0
5175-WLYXL,m,0,0,0,22,1.0,fiber optic,0,0,0,month-to-month,mailed check,78.85,1600.25,0.0
7817-OMJNA,m,0,0,0,14,1.0,no,0,0,0,one year,bank transfer (automatic),20.4,275.7,0.0
8728-SKJLR,m,0,0,0,41,1.0,fiber optic,0,1,0,month-to-month,electronic check,74.25,3089.1,0.0
3137-NYQQI,m,0,1,0,17,1.0,dsl,1,0,0,one year,mailed check,64.8,1175.6,0.0
7706-DZNKK,m,0,0,0,11,1.0,no,0,0,0,month-to-month,credit card (automatic),20.45,237.3,0.0
0236-HFWSV,m,0,0,0,15,1.0,fiber optic,0,0,1,month-to-month,electronic check,93.35,1444.65,1.0
3900-AQPHZ,f,0,0,0,1,1.0,no,0,0,0,month-to-month,mailed check,19.9,19.9,1.0
5842-POCOP,f,0,1,0,5,1.0,fiber optic,1,0,0,month-to-month,mailed check,88.9,454.15,1.0
2037-XJFUP,m,0,1,0,33,1.0,fiber optic,0,0,1,one year,electronic check,95.8,3036.75,1.0
8823-RLPWL,f,0,1,0,72,1.0,fiber optic,1,0,1,two year,credit card (automatic),110.65,8065.65,0.0
9505-SQFSW,f,0,1,1,3,1.0,dsl,0,0,0,month-to-month,mailed check,40.3,92.5,0.0
7314-OXENN,m,0,0,0,2,1.0,fiber optic,0,0,0,month-to-month,electronic check,82.0,184.65,1.0
3758-CKOQL,f,0,1,0,59,1.0,fiber optic,1,1,0,one year,credit card (automatic),107.0,6152.3,0.0
0322-CHQRU,m,0,0,0,2,1.0,dsl,0,0,0,month-to-month,electronic check,45.35,89.5,1.0
5676-CFLYY,m,0,1,1,71,1.0,dsl,0,1,1,two year,credit card (automatic),73.35,5154.5,0.0
7521-AFHAB,f,0,1,1,5,1.0,dsl,0,0,0,month-to-month,mailed check,44.8,220.45,0.0
0285-INHLN,m,0,1,1,27,1.0,dsl,1,0,0,month-to-month,credit card (automatic),54.75,1510.3,0.0
4678-DVQEO,f,0,0,0,1,1.0,dsl,0,1,0,month-to-month,electronic check,52.2,52.2,1.0
5125-CNDSP,m,0,0,1,63,1.0,dsl,1,1,0,one year,bank transfer (automatic),40.6,2588.95,0.0
0691-IFBQW,f,1,0,0,46,1.0,fiber optic,1,0,1,one year,electronic check,110.0,4874.8,1.0
4992-LTJNE,m,0,1,1,72,1.0,dsl,1,0,0,two year,bank transfer (automatic),55.3,3983.6,0.0
2202-OUTMO,f,0,1,0,34,1.0,dsl,1,1,0,month-to-month,bank transfer (automatic),60.85,2003.6,0.0
0810-BDHAW,f,0,1,1,24,1.0,dsl,1,0,1,one year,electronic check,78.4,1832.4,0.0
0229-LFJAF,m,0,0,0,72,1.0,dsl,1,1,0,two year,bank transfer (automatic),69.65,4908.25,0.0
7131-ZQZNK,f,0,1,1,60,1.0,dsl,1,1,1,two year,credit card (automatic),59.85,3590.2,0.0
3442-ZHHCC,m,0,0,0,68,1.0,dsl,1,0,0,one year,credit card (automatic),76.9,5023.0,0.0
5726-CVNYA,f,0,1,1,8,1.0,no,0,0,0,two year,mailed check,19.85,146.6,0.0
9871-ELEYA,f,0,0,1,34,1.0,dsl,1,1,1,two year,credit card (automatic),67.65,2339.3,0.0
4257-GAESD,f,0,0,0,6,1.0,dsl,0,0,1,month-to-month,credit card (automatic),45.0,298.7,0.0
5173-WXOQV,m,0,1,0,2,1.0,dsl,0,1,0,month-to-month,mailed check,64.2,143.65,0.0
2040-OBMLJ,m,0,0,0,31,1.0,fiber optic,0,1,0,one year,credit card (automatic),81.7,2548.65,0.0
6286-ZHAOK,f,0,1,1,20,1.0,no,0,0,0,month-to-month,bank transfer (automatic),25.55,507.4,0.0
3807-XHCJH,f,0,1,1,1,1.0,no,0,0,0,month-to-month,electronic check,20.0,20.0,0.0
3009-JWMPU,m,0,0,0,62,1.0,fiber optic,0,0,1,one year,electronic check,96.75,6125.4,1.0
5671-RQRLP,f,1,1,0,70,1.0,fiber optic,0,0,0,two year,credit card (automatic),75.65,5411.4,0.0
1450-GALXR,f,0,0,0,10,1.0,fiber optic,0,1,1,month-to-month,electronic check,98.5,1058.25,1.0
8859-AXJZP,m,0,1,1,39,1.0,no,0,0,0,two year,mailed check,23.8,903.8,0.0
3174-AKMAS,f,0,1,0,46,1.0,dsl,0,1,1,two year,credit card (automatic),64.2,3009.5,0.0
3138-BKYAV,m,0,0,0,6,1.0,fiber optic,0,0,1,month-to-month,electronic check,85.35,489.45,1.0
9926-PJHDQ,f,0,1,1,72,1.0,dsl,0,0,1,two year,bank transfer (automatic),76.8,5468.45,0.0
7382-DFJTU,m,0,0,0,18,1.0,dsl,0,1,0,month-to-month,credit card (automatic),55.2,1058.1,0.0
2798-NYLMZ,m,0,1,0,71,1.0,fiber optic,1,1,1,two year,credit card (automatic),108.55,7616.0,0.0
4289-DTDKW,m,0,1,0,40,1.0,fiber optic,0,0,1,month-to-month,electronic check,101.3,4113.1,1.0
1820-TQVEV,m,0,0,0,1,1.0,fiber optic,0,0,0,month-to-month,electronic check,69.55,69.55,1.0
2239-JALAW,m,0,0,0,58,1.0,fiber optic,0,0,1,one year,bank transfer (automatic),103.25,6017.65,1.0
4853-RULSV,m,0,0,0,70,1.0,fiber optic,1,1,1,two year,credit card (automatic),104.0,7250.15,1.0
8098-TDCBU,f,0,1,0,42,1.0,no,0,0,0,two year,electronic check,25.25,1108.2,0.0
3551-GAEGL,m,0,1,1,34,1.0,dsl,1,0,0,one year,bank transfer (automatic),30.4,938.65,0.0
4785-NKHCX,m,1,0,0,5,1.0,no,0,0,0,month-to-month,bank transfer (automatic),20.05,94.15,0.0
3196-NVXLZ,f,0,0,0,25,1.0,fiber optic,0,0,1,month-to-month,mailed check,84.6,2088.05,0.0
6275-YDUVO,f,0,0,0,2,1.0,fiber optic,0,0,0,month-to-month,mailed check,86.2,178.7,1.0
0036-IHMOT,f,0,1,1,55,1.0,fiber optic,0,1,1,one year,bank transfer (automatic),103.7,5656.75,0.0
0115-TFERT,m,0,1,0,21,1.0,fiber optic,0,1,1,month-to-month,electronic check,111.2,2317.1,1.0
4178-EGMON,m,0,1,0,70,1.0,fiber optic,1,1,0,two year,credit card (automatic),88.0,5986.45,0.0
4220-TINQT,f,0,1,0,61,1.0,fiber optic,0,1,1,month-to-month,electronic check,106.35,6751.35,0.0
5318-YKDPV,m,0,1,1,43,1.0,dsl,1,1,1,two year,credit card (automatic),79.15,3566.6,0.0
7975-TZMLR,m,0,0,0,47,1.0,fiber optic,0,0,1,one year,electronic check,103.1,4889.3,0.0
0295-QVKPB,m,0,0,0,5,1.0,dsl,0,1,1,month-to-month,credit card (automatic),63.95,318.1,0.0
4335-BSMJS,f,0,0,0,62,1.0,no,0,0,0,two year,credit card (automatic),25.8,1563.95,0.0
2311-QYMUQ,f,0,1,1,16,1.0,fiber optic,0,0,1,month-to-month,credit card (automatic),89.45,1430.25,1.0
3643-AHCFP,m,1,1,0,7,1.0,fiber optic,0,0,1,month-to-month,bank transfer (automatic),95.6,644.35,1.0
9146-JRIOX,f,0,1,1,14,1.0,no,0,0,0,month-to-month,mailed check,25.55,372.45,0.0
3104-OWCGK,m,0,1,1,60,1.0,fiber optic,0,0,1,one year,electronic check,90.95,5453.4,1.0
5337-IIWKZ,m,0,1,1,34,1.0,dsl,0,1,1,month-to-month,electronic check,44.85,1442.6,0.0
9101-BWFSS,f,0,1,0,50,1.0,fiber optic,1,1,1,one year,electronic check,108.55,5610.7,1.0
9650-VBUOG,m,0,1,1,38,1.0,no,0,0,0,two year,credit card (automatic),25.05,963.95,0.0
3487-EARAT,f,0,1,1,70,1.0,dsl,1,1,0,one year,credit card (automatic),74.1,5222.3,0.0
2672-TGEFF,f,0,1,1,37,1.0,fiber optic,0,0,1,month-to-month,electronic check,88.8,3340.55,0.0
9231-ZJYAM,f,1,0,0,4,1.0,fiber optic,0,0,1,month-to-month,electronic check,78.85,292.8,1.0
4250-WAROZ,m,1,1,1,60,1.0,fiber optic,1,0,0,month-to-month,electronic check,93.25,5774.55,0.0
8184-WMOFI,m,0,1,1,62,1.0,dsl,1,1,0,one year,credit card (automatic),71.4,4487.3,0.0
6982-SSHFK,m,0,0,0,1,1.0,dsl,0,0,0,month-to-month,mailed check,44.4,44.4,1.0
6092-QZVPP,m,0,0,0,36,1.0,dsl,1,1,1,month-to-month,credit card (automatic),79.2,2854.95,0.0
4625-LAMOB,m,0,0,0,44,1.0,no,0,0,0,two year,credit card (automatic),20.4,905.55,0.0
0727-BMPLR,f,1,0,0,55,1.0,fiber optic,0,0,1,one year,electronic check,100.0,5509.3,1.0
0392-BZIUW,f,0,1,0,72,1.0,fiber optic,1,0,1,two year,credit card (automatic),105.0,7589.8,0.0
1038-ZAGBI,f,0,1,1,12,1.0,no,0,0,0,one year,bank transfer (automatic),19.8,229.6,1.0
6549-NNDYT,f,0,0,0,13,1.0,dsl,1,0,0,month-to-month,bank transfer (automatic),30.85,394.1,0.0
3027-ZTDHO,m,0,0,0,1,1.0,fiber optic,0,0,1,month-to-month,electronic check,89.9,89.9,1.0
0422-OHQHQ,f,0,1,1,15,1.0,no,0,0,0,one year,mailed check,20.55,295.95,0.0
6916-HIJSE,f,0,0,0,65,1.0,dsl,1,1,1,two year,bank transfer (automatic),84.85,5459.2,0.0
2316-ESMLS,f,0,1,1,12,1.0,dsl,1,1,0,one year,credit card (automatic),33.15,444.75,0.0
9778-OGKQZ,m,0,1,0,72,1.0,dsl,1,1,1,two year,credit card (automatic),92.0,6782.15,0.0
7408-OFWXJ,f,0,1,1,72,1.0,dsl,1,1,1,two year,credit card (automatic),89.8,6510.45,0.0
6007-TCTST,f,0,1,1,72,1.0,fiber optic,1,1,1,two year,bank transfer (automatic),115.8,8476.5,0.0
2252-NKNSI,m,0,0,1,52,1.0,dsl,1,1,1,two year,mailed check,85.15,4461.85,0.0
8713-IGZSO,m,0,0,0,2,1.0,no,0,0,0,month-to-month,mailed check,24.85,62.0,0.0
7905-TVXTA,f,0,0,0,5,1.0,dsl,1,1,1,month-to-month,electronic check,64.35,352.65,0.0
7695-PKLCZ,f,0,0,0,68,1.0,no,0,0,0,two year,credit card (automatic),20.5,1424.9,0.0
2382-BCKQJ,f,0,0,1,62,1.0,fiber optic,0,0,1,one year,electronic check,100.15,6413.65,1.0
8374-UULRV,m,0,0,0,72,1.0,dsl,1,1,1,two year,credit card (automatic),86.05,6309.65,0.0
2207-NHRJK,m,0,0,0,1,1.0,dsl,0,0,0,month-to-month,electronic check,50.8,50.8,1.0
3224-DFQNQ,f,0,1,0,66,1.0,fiber optic,1,1,0,one year,electronic check,89.0,5898.6,0.0
5275-PMFUT,m,0,1,1,72,1.0,dsl,1,1,1,two year,credit card (automatic),64.8,4719.75,0.0
4795-UXVCJ,m,0,0,0,26,1.0,no,0,0,0,one year,credit card (automatic),19.8,457.3,0.0
9777-IQHWP,m,0,1,1,64,1.0,fiber optic,1,0,0,two year,bank transfer (automatic),93.4,5822.3,0.0
0947-MUGVO,m,1,1,0,20,1.0,fiber optic,0,0,0,month-to-month,electronic check,73.65,1463.5,1.0
9944-HKVVB,f,0,0,0,3,1.0,fiber optic,0,0,1,month-to-month,electronic check,95.1,307.4,1.0
4124-MMETB,m,0,0,0,22,1.0,fiber optic,0,0,1,month-to-month,credit card (automatic),94.65,2104.55,1.0
3671-SHRSP,m,0,1,0,4,1.0,fiber optic,0,1,0,month-to-month,mailed check,80.6,319.15,1.0
0979-MOZQI,m,0,1,0,62,1.0,dsl,0,1,1,two year,bank transfer (automatic),39.0,2337.45,0.0
2732-ISEZX,f,0,0,0,5,1.0,no,0,0,0,month-to-month,mailed check,20.5,104.3,0.0
3313-QKNKB,m,0,1,0,59,1.0,fiber optic,0,0,0,one year,electronic check,85.55,5084.65,1.0
0323-XWWTN,m,0,0,1,3,1.0,no,0,0,0,two year,mailed check,26.4,121.25,0.0
1937-OTUKY,f,0,1,0,72,1.0,fiber optic,1,1,1,two year,bank transfer (automatic),98.2,7015.9,0.0
1573-LGXBA,m,0,1,1,57,1.0,fiber optic,0,0,1,one year,credit card (automatic),97.55,5598.0,0.0
1764-VUUMT,m,0,0,1,66,1.0,no,0,0,0,two year,credit card (automatic),19.95,1269.1,0.0
5073-WXOYN,f,0,0,0,60,1.0,dsl,0,0,1,month-to-month,electronic check,50.8,3027.4,1.0
4713-ZBURT,m,0,0,1,45,1.0,fiber optic,0,0,1,two year,bank transfer (automatic),99.7,4634.35,0.0
3050-GBUSH,f,0,0,0,3,1.0,dsl,0,0,1,month-to-month,credit card (automatic),34.8,113.95,0.0
0207-MDKNV,f,0,0,0,15,1.0,fiber optic,1,1,1,month-to-month,electronic check,105.1,1582.75,1.0
7876-AEHIG,f,0,0,1,51,1.0,dsl,1,1,1,one year,bank transfer (automatic),60.15,3077.0,0.0
7945-HLKEA,f,0,0,0,60,1.0,dsl,1,1,0,one year,electronic check,64.75,4039.5,0.0
9342-VNIMQ,m,0,0,0,33,1.0,dsl,0,0,0,month-to-month,bank transfer (automatic),54.65,1665.2,0.0
9851-KIELU,m,0,0,0,10,1.0,fiber optic,1,1,1,month-to-month,electronic check,110.1,1043.3,1.0
3523-BRGUW,m,1,0,0,26,1.0,no,0,0,0,one year,credit card (automatic),19.3,504.2,0.0
3908-BLSYF,f,0,0,0,6,1.0,fiber optic,0,0,0,month-to-month,electronic check,83.9,497.55,1.0
3199-NPKCN,f,0,1,0,67,1.0,fiber optic,1,1,1,one year,electronic check,111.25,7511.65,0.0
5170-PTRKA,f,0,1,1,49,1.0,dsl,1,1,0,one year,credit card (automatic),35.8,1782.0,0.0
4661-NJEUX,m,0,0,0,1,1.0,no,0,0,0,month-to-month,mailed check,20.05,20.05,0.0
2123-AGEEN,f,1,0,0,7,1.0,fiber optic,0,0,1,month-to-month,electronic check,84.35,609.65,0.0
1258-YMZNM,f,1,0,0,27,1.0,fiber optic,1,0,1,one year,bank transfer (automatic),110.5,2857.6,0.0
0048-LUMLS,m,0,1,1,37,1.0,fiber optic,0,0,1,one year,credit card (automatic),91.2,3247.55,0.0
7549-MYGPK,f,0,1,1,63,1.0,fiber optic,1,0,1,month-to-month,electronic check,100.55,6215.35,1.0
5898-IGSLP,m,0,1,1,31,1.0,fiber optic,1,1,0,month-to-month,electronic check,89.3,2823.0,0.0
3804-RVTGV,m,0,1,1,50,1.0,fiber optic,0,0,1,month-to-month,bank transfer (automatic),103.85,5017.9,1.0
6259-WJQLC,m,1,0,0,32,1.0,fiber optic,0,0,0,month-to-month,credit card (automatic),81.1,2619.25,0.0
9227-LUNBG,f,0,0,0,1,1.0,dsl,0,0,0,month-to-month,electronic check,24.6,24.6,1.0
7997-EASSD,f,0,1,0,63,1.0,fiber optic,0,1,0,one year,credit card (automatic),81.2,4965.1,0.0
0730-KOAVE,m,0,0,0,30,1.0,fiber optic,1,0,0,month-to-month,credit card (automatic),94.3,2679.7,0.0
8975-SKGRX,m,0,1,0,71,1.0,fiber optic,1,1,1,two year,bank transfer (automatic),116.1,8310.55,0.0
0678-RLHVP,f,0,0,0,53,1.0,fiber optic,0,0,1,two year,electronic check,105.55,5682.25,0.0
4315-MURBD,f,0,0,0,12,1.0,fiber optic,1,1,1,month-to-month,bank transfer (automatic),98.9,1120.95,1.0
2267-FPIMA,m,0,1,0,50,1.0,fiber optic,1,0,0,month-to-month,credit card (automatic),94.4,4914.9,0.0
1051-GEJLJ,f,0,0,0,2,1.0,no,0,0,0,month-to-month,mailed check,19.5,27.55,0.0
9734-YWGEX,f,0,0,0,9,1.0,fiber optic,0,0,1,month-to-month,credit card (automatic),98.3,923.5,1.0
2719-BDAQO,m,0,0,0,17,1.0,fiber optic,1,0,1,month-to-month,electronic check,93.85,1625.65,1.0
5285-MVEHD,f,0,1,0,56,1.0,fiber optic,1,0,1,one year,credit card (automatic),105.6,6068.65,0.0
0379-DJQHR,m,0,1,1,67,1.0,dsl,1,0,1,two year,credit card (automatic),81.35,5398.6,0.0
0781-LKXBR,m,1,0,0,9,1.0,fiber optic,0,0,1,month-to-month,electronic check,100.5,918.6,1.0
5543-QDCRY,m,0,0,0,4,1.0,dsl,0,0,1,month-to-month,electronic check,56.4,234.85,0.0
0297-RBCSG,m,0,0,0,19,1.0,dsl,0,1,0,one year,bank transfer (automatic),65.35,1231.85,0.0
4694-PHWFW,f,0,0,1,8,1.0,no,0,0,0,month-to-month,mailed check,19.95,170.9,0.0
0835-JKADZ,f,0,0,0,71,1.0,fiber optic,0,1,1,two year,electronic check,111.25,7984.15,0.0
1907-UBQFC,m,1,0,0,10,1.0,fiber optic,0,0,0,month-to-month,electronic check,72.85,688.65,1.0
7508-SMHXL,f,1,0,0,15,1.0,fiber optic,0,0,1,month-to-month,credit card (automatic),89.0,1288.3,0.0
3865-YIOTT,m,0,1,1,72,1.0,fiber optic,1,0,1,one year,bank transfer (automatic),106.1,7848.5,0.0
5993-BQHEA,m,0,0,0,12,1.0,no,0,0,0,one year,credit card (automatic),20.05,267.0,0.0
6024-RUGGH,m,0,1,1,72,1.0,no,0,0,0,two year,bank transfer (automatic),25.2,1798.9,0.0
6513-EECDB,m,1,1,0,1,1.0,fiber optic,0,0,0,month-to-month,electronic check,73.55,73.55,1.0
3956-CJUST,f,1,0,0,23,1.0,fiber optic,1,0,0,month-to-month,bank transfer (automatic),75.4,1643.55,0.0
4079-WWQQQ,m,0,0,0,72,1.0,dsl,1,1,1,two year,bank transfer (automatic),65.55,4807.45,0.0
6103-BOCOU,f,0,0,0,26,1.0,fiber optic,0,0,0,month-to-month,electronic check,80.7,2193.0,0.0
5149-TGWDZ,f,0,0,0,21,1.0,fiber optic,0,1,1,one year,mailed check,104.55,2239.4,0.0
7471-WNSUF,m,0,1,0,60,1.0,no,0,0,0,one year,bank transfer (automatic),24.15,1505.9,0.0
8942-DBMHZ,m,0,0,0,12,1.0,no,0,0,0,month-to-month,mailed check,20.45,255.35,0.0
4301-VVZKA,m,0,1,0,16,1.0,fiber optic,0,0,0,month-to-month,electronic check,75.4,1189.4,0.0
9199-PWQVC,f,0,1,0,63,1.0,dsl,1,0,1,one year,credit card (automatic),79.7,4786.15,0.0
4824-GUCBY,f,1,0,0,22,1.0,fiber optic,1,0,0,month-to-month,electronic check,81.7,1820.9,0.0
5393-HJZSM,f,0,1,1,32,1.0,dsl,1,1,0,month-to-month,bank transfer (automatic),76.3,2404.15,0.0
7074-IEVOJ,f,1,0,0,3,1.0,fiber optic,0,0,0,month-to-month,electronic check,79.4,205.05,1.0
9625-QSTYE,f,0,0,0,13,1.0,fiber optic,0,0,0,month-to-month,electronic check,81.15,952.3,1.0
0862-PRCBS,f,0,1,1,68,1.0,fiber optic,0,1,1,two year,credit card (automatic),103.75,7039.45,0.0
8812-ZRHFP,f,0,1,1,30,1.0,fiber optic,0,0,0,one year,electronic check,86.45,2538.05,0.0
5146-CBVOE,f,0,0,0,16,1.0,fiber optic,0,0,0,month-to-month,bank transfer (automatic),75.1,1212.85,0.0
0454-OKRCT,m,0,0,0,33,1.0,fiber optic,0,1,0,two year,bank transfer (automatic),80.6,2651.1,0.0
5787-KXGIY,m,0,1,0,72,1.0,no,0,0,0,two year,credit card (automatic),19.3,1304.8,0.0
4750-ZRXIU,f,1,0,0,4,1.0,fiber optic,0,0,0,month-to-month,electronic check,84.6,360.1,1.0
4198-VFOEA,f,0,0,0,12,1.0,dsl,1,1,0,one year,mailed check,33.6,435.45,0.0
6630-UJZMY,f,1,1,0,4,1.0,fiber optic,0,0,1,month-to-month,electronic check,83.25,308.05,0.0
5709-LVOEQ,f,0,1,1,0,1.0,dsl,1,0,1,two year,mailed check,80.85,80.85,0.0
6400-BWQKW,f,0,0,0,6,1.0,fiber optic,1,0,0,month-to-month,electronic check,79.05,434.5,1.0
2692-AQCPF,f,0,1,0,65,1.0,fiber optic,0,1,1,one year,credit card (automatic),108.05,7118.9,0.0
0347-UBKUZ,f,0,0,0,15,1.0,no,0,0,0,month-to-month,mailed check,19.9,320.45,0.0
0835-DUUIQ,f,0,0,1,24,1.0,no,0,0,0,one year,bank transfer (automatic),21.05,531.55,0.0
0811-GSDTP,f,0,0,1,13,1.0,dsl,0,0,0,month-to-month,electronic check,30.15,382.2,0.0
7567-ECMCM,m,0,0,0,24,1.0,fiber optic,0,0,0,month-to-month,credit card (automatic),79.85,2001.0,0.0
6115-ZTBFQ,f,0,1,0,72,1.0,dsl,1,1,1,two year,bank transfer (automatic),65.5,4919.7,0.0
6353-BRMMA,f,0,1,1,54,1.0,fiber optic,1,0,1,month-to-month,bank transfer (automatic),104.1,5645.8,0.0
6680-WKXRZ,f,0,0,0,3,1.0,fiber optic,0,0,0,month-to-month,bank transfer (automatic),74.4,215.8,1.0
6231-WFGFH,m,0,1,1,4,1.0,no,0,0,0,month-to-month,mailed check,20.5,77.6,0.0
9904-EHEVJ,f,1,1,1,32,1.0,fiber optic,0,0,1,month-to-month,mailed check,91.35,2896.55,0.0
7028-DVOIQ,m,1,0,0,35,1.0,fiber optic,0,0,1,month-to-month,electronic check,99.05,3395.8,1.0
6169-PPETC,m,0,1,1,35,1.0,no,0,0,0,two year,bank transfer (automatic),20.5,759.35,0.0
4208-UFFGW,m,1,0,0,2,1.0,dsl,0,0,0,month-to-month,mailed check,44.95,85.15,1.0
8584-KMVXD,f,0,0,0,8,1.0,fiber optic,0,0,0,month-to-month,electronic check,75.6,535.55,0.0
8467-WYNSR,m,0,0,0,22,1.0,dsl,1,1,0,month-to-month,mailed check,55.1,1253.15,0.0
0851-DFJKB,f,0,0,0,15,1.0,dsl,1,1,0,month-to-month,electronic check,58.95,955.15,0.0
5382-SOYZL,m,0,0,0,22,1.0,fiber optic,0,0,1,month-to-month,electronic check,95.1,2162.6,0.0
9448-REEVD,m,0,1,0,1,1.0,dsl,0,0,0,month-to-month,credit card (automatic),44.7,44.7,1.0
3261-CQXOL,f,0,1,1,71,1.0,no,0,0,0,two year,bank transfer (automatic),25.45,1813.35,0.0
8388-FYNPZ,m,0,0,0,4,1.0,dsl,1,0,0,month-to-month,electronic check,56.75,245.15,0.0
4002-BQWPQ,m,0,0,0,25,1.0,dsl,1,1,0,month-to-month,bank transfer (automatic),81.75,2028.8,0.0
5651-YLPRD,f,0,1,1,32,1.0,fiber optic,0,0,1,month-to-month,electronic check,86.1,2723.75,0.0
2826-DXLQO,m,1,1,0,7,1.0,dsl,1,0,0,month-to-month,bank transfer (automatic),29.8,220.45,0.0
4378-BZYFP,m,0,0,0,17,1.0,no,0,0,0,one year,mailed check,20.5,365.8,0.0
9489-UTFKA,m,1,1,0,8,1.0,dsl,1,0,1,month-to-month,bank transfer (automatic),60.9,551.95,0.0
4849-PYRLQ,f,1,0,0,56,1.0,dsl,1,1,0,two year,bank transfer (automatic),73.25,4054.2,0.0
9117-SHLZX,m,0,0,0,1,1.0,dsl,0,0,0,month-to-month,mailed check,45.7,45.7,1.0
9889-TMAHG,m,1,0,0,8,1.0,fiber optic,1,1,1,month-to-month,credit card (automatic),100.3,832.35,1.0
4541-RMRLG,m,0,0,0,7,1.0,no,0,0,0,month-to-month,electronic check,19.25,112.3,1.0
7764-BDPEE,m,0,0,1,3,1.0,no,0,0,0,month-to-month,mailed check,20.85,60.65,0.0
3429-IFLEM,f,0,0,0,71,1.0,dsl,1,1,1,two year,credit card (automatic),77.35,5550.1,0.0
3158-MOERK,f,0,0,0,2,1.0,fiber optic,0,0,1,month-to-month,electronic check,96.0,174.8,1.0
7294-TMAOP,f,0,0,0,1,1.0,fiber optic,0,0,1,month-to-month,electronic check,90.55,90.55,1.0
5002-GCQFH,m,0,1,0,49,1.0,fiber optic,1,0,1,month-to-month,bank transfer (automatic),93.85,4733.1,0.0
0556-FJEGU,m,0,0,0,58,1.0,dsl,0,1,1,two year,bank transfer (automatic),70.1,4048.95,0.0
8919-FYFQZ,m,1,1,0,44,1.0,dsl,0,0,0,month-to-month,electronic check,30.35,1359.7,1.0
0604-THJFP,f,0,1,1,59,1.0,dsl,0,1,1,two year,credit card (automatic),75.95,4542.35,0.0
2834-JRTUA,m,0,0,0,71,1.0,fiber optic,1,1,1,two year,electronic check,108.05,7532.15,1.0
5875-YPQFJ,m,0,0,0,1,1.0,fiber optic,0,0,0,month-to-month,electronic check,69.9,69.9,1.0
5879-SESNB,f,0,0,0,11,1.0,fiber optic,0,0,0,month-to-month,electronic check,75.25,888.65,0.0
6646-QVXLR,m,1,1,0,62,1.0,fiber optic,0,0,1,one year,electronic check,103.75,6383.35,1.0
6461-PPAXN,f,0,1,1,35,1.0,dsl,1,1,0,one year,bank transfer (automatic),54.95,1916.0,0.0
3318-ISQFQ,f,0,0,0,20,1.0,no,0,0,0,month-to-month,bank transfer (automatic),19.5,413.0,0.0
1106-HRLKZ,m,0,1,1,40,1.0,no,0,0,0,two year,mailed check,19.6,808.95,0.0
2483-XSSMZ,f,0,0,0,39,1.0,dsl,1,0,0,one year,electronic check,47.85,1886.4,0.0
8603-IJWDN,m,0,0,0,1,1.0,fiber optic,0,0,0,month-to-month,electronic check,86.6,86.6,1.0
8165-ZJRNM,f,0,1,1,72,1.0,no,0,0,0,two year,bank transfer (automatic),23.75,1679.25,0.0
9369-XFEHK,f,1,1,0,33,1.0,fiber optic,0,0,0,month-to-month,bank transfer (automatic),80.6,2656.5,1.0
2604-XVDAM,f,0,0,0,12,1.0,dsl,0,0,0,month-to-month,bank transfer (automatic),43.8,540.95,0.0
3717-OFRTN,m,0,0,0,1,1.0,no,0,0,0,month-to-month,bank transfer (automatic),19.75,19.75,0.0
9046-JBFWA,m,0,0,1,27,1.0,no,0,0,0,month-to-month,mailed check,19.15,537.35,0.0
3280-NMUVX,m,0,1,1,34,1.0,no,0,0,0,one year,credit card (automatic),19.6,678.8,0.0
1206-EHBDD,f,0,1,0,56,1.0,fiber optic,1,0,0,two year,bank transfer (automatic),80.3,4513.65,0.0
8361-LBRDI,f,0,0,0,58,1.0,no,0,0,0,two year,credit card (automatic),24.35,1423.85,0.0
4883-KCPZJ,f,0,1,1,22,1.0,no,0,0,0,two year,credit card (automatic),25.25,555.4,0.0
9108-EQPNQ,f,0,1,1,10,1.0,no,0,0,0,two year,credit card (automatic),26.1,225.55,0.0
7277-KAMWT,m,0,0,0,13,1.0,no,0,0,0,two year,credit card (automatic),20.0,268.45,0.0
3842-IYKUE,f,0,0,0,35,1.0,fiber optic,0,1,0,month-to-month,credit card (automatic),85.3,2917.5,1.0
6641-XRPSU,f,0,0,0,34,1.0,fiber optic,0,0,0,month-to-month,credit card (automatic),70.0,2416.1,1.0
1374-DMZUI,f,1,0,0,4,1.0,fiber optic,0,0,1,month-to-month,electronic check,94.3,424.45,1.0
2545-LXYVJ,m,0,1,0,72,1.0,no,0,0,0,two year,bank transfer (automatic),20.7,1492.1,0.0
3234-VKACU,m,0,0,0,2,1.0,dsl,0,1,1,month-to-month,electronic check,70.3,132.4,0.0
8357-EQXFO,f,0,0,0,7,1.0,fiber optic,0,0,1,month-to-month,electronic check,95.35,660.9,1.0
1989-PRJHP,m,1,1,0,27,1.0,fiber optic,0,0,0,month-to-month,electronic check,75.5,1893.95,1.0
8120-JDCAM,m,0,1,1,4,1.0,fiber optic,0,0,0,month-to-month,mailed check,69.55,284.9,0.0
8917-FAEMR,f,0,0,0,37,1.0,no,0,0,0,two year,mailed check,19.85,784.25,0.0
7047-YXDMZ,m,0,0,0,21,1.0,no,0,0,0,month-to-month,mailed check,20.0,417.7,0.0
2858-EIMXH,f,1,1,0,53,1.0,fiber optic,0,0,1,one year,credit card (automatic),95.85,5016.25,0.0
9524-EGPJC,f,0,0,0,18,1.0,fiber optic,0,1,0,month-to-month,electronic check,90.1,1612.75,1.0
6993-OHLXR,f,0,0,0,2,1.0,fiber optic,0,0,0,month-to-month,electronic check,68.95,119.75,1.0
8818-XYFCQ,m,0,1,1,32,1.0,fiber optic,1,0,1,month-to-month,credit card (automatic),99.55,3204.65,1.0
6419-ZTTLE,m,1,1,0,23,1.0,no,0,0,0,one year,electronic check,20.75,485.2,0.0
0929-HYQEW,m,0,0,0,3,1.0,dsl,1,0,0,month-to-month,mailed check,50.15,160.85,0.0
6614-YOLAC,f,0,1,1,71,1.0,dsl,1,1,1,two year,mailed check,58.65,4145.25,0.0
7426-RHZGU,m,0,0,0,9,1.0,fiber optic,0,1,1,month-to-month,bank transfer (automatic),95.9,827.45,0.0
4065-JJAVA,f,0,0,0,1,1.0,dsl,0,0,0,month-to-month,electronic check,49.5,49.5,0.0
4695-VADHF,m,0,1,1,18,1.0,dsl,0,0,0,month-to-month,electronic check,57.45,990.85,1.0
3863-IUBJR,m,0,1,1,12,1.0,dsl,0,0,0,one year,credit card (automatic),53.65,696.35,1.0
7649-SIJJF,m,0,1,0,71,1.0,dsl,1,1,0,two year,mailed check,80.1,5585.4,0.0
9361-YNQWJ,f,0,0,0,64,1.0,no,0,0,0,one year,bank transfer (automatic),24.4,1601.2,0.0
3748-FVMZZ,m,0,0,0,4,1.0,dsl,0,1,0,month-to-month,electronic check,40.05,162.45,0.0
9391-TTOYH,f,0,0,0,23,1.0,no,0,0,0,month-to-month,mailed check,19.5,470.2,0.0
1452-XRSJV,f,0,1,1,39,1.0,dsl,1,0,0,month-to-month,credit card (automatic),51.05,2066.0,0.0
3422-WJOYD,m,0,1,0,28,1.0,dsl,1,1,0,one year,mailed check,54.35,1426.45,0.0
8242-SOQUO,f,1,0,0,5,1.0,fiber optic,0,0,1,month-to-month,electronic check,84.7,392.5,0.0
7460-ITWWP,f,1,1,0,45,1.0,fiber optic,0,0,0,month-to-month,electronic check,86.1,3861.45,0.0
7147-AYBAA,m,0,0,0,37,1.0,fiber optic,0,0,0,month-to-month,mailed check,70.35,2552.9,0.0
7868-TMWMZ,f,1,1,0,60,1.0,fiber optic,1,1,1,two year,bank transfer (automatic),110.0,6668.35,0.0
4822-RVYBB,m,1,0,0,8,1.0,fiber optic,0,0,1,month-to-month,electronic check,100.6,819.4,1.0
6732-FZUGP,f,0,0,0,47,1.0,fiber optic,1,0,1,one year,credit card (automatic),94.9,4615.25,0.0
8436-BJUMM,m,0,1,1,26,1.0,fiber optic,0,0,1,month-to-month,electronic check,83.75,2070.6,1.0
4184-TJFAN,f,1,1,1,3,1.0,fiber optic,1,1,1,month-to-month,mailed check,88.3,273.75,1.0
8329-GWVPJ,f,0,1,1,50,1.0,fiber optic,0,0,0,month-to-month,bank transfer (automatic),69.75,3557.7,0.0
1352-VHKAJ,m,0,1,1,27,1.0,dsl,0,1,1,month-to-month,bank transfer (automatic),71.6,1957.1,0.0
4145-UQXUQ,f,1,0,0,8,1.0,fiber optic,0,0,1,month-to-month,electronic check,92.1,729.95,1.0
2632-TACXW,f,0,1,0,62,1.0,no,0,0,0,two year,bank transfer (automatic),23.65,1416.75,0.0
8146-QQKZH,f,0,1,0,71,1.0,dsl,1,1,1,two year,bank transfer (automatic),81.85,5924.4,0.0
1767-CJKBA,m,0,0,0,66,1.0,no,0,0,0,two year,mailed check,25.1,1697.7,0.0
6445-TNRXS,m,0,1,1,68,1.0,fiber optic,1,1,1,two year,bank transfer (automatic),114.7,7849.85,0.0
4581-LNWUM,f,0,0,0,13,1.0,dsl,0,0,1,month-to-month,electronic check,49.15,649.4,0.0
4869-EPIUS,m,0,1,0,56,1.0,fiber optic,0,0,0,one year,electronic check,80.9,4557.5,0.0
9948-YPTDG,m,0,1,0,38,1.0,fiber optic,1,0,0,month-to-month,electronic check,79.45,3013.05,1.0
1236-WFCDV,m,1,0,0,14,1.0,fiber optic,0,0,1,month-to-month,credit card (automatic),90.45,1266.1,1.0
1915-OAKWD,f,0,0,1,16,1.0,no,0,0,0,one year,bank transfer (automatic),19.3,360.35,0.0
7296-PIXQY,f,0,1,1,14,1.0,fiber optic,0,0,0,month-to-month,electronic check,70.2,1046.5,0.0
4883-QICIH,m,0,1,1,32,1.0,fiber optic,0,0,0,month-to-month,bank transfer (automatic),69.75,2347.9,1.0
3354-OADJP,f,0,0,0,8,1.0,dsl,1,1,0,one year,bank transfer (automatic),54.25,447.75,0.0
3524-WQDSG,f,0,1,1,43,1.0,fiber optic,0,0,1,month-to-month,bank transfer (automatic),99.3,4209.95,0.0
0810-DHDBD,f,0,0,0,52,1.0,dsl,1,1,1,one year,credit card (automatic),74.0,3877.65,0.0
4026-SKKHW,m,0,0,0,3,1.0,dsl,0,1,0,month-to-month,mailed check,50.25,152.3,0.0
2829-HYVZP,m,0,0,0,29,1.0,no,0,0,0,one year,mailed check,19.8,572.2,0.0
8329-IBCTI,f,0,0,0,1,1.0,no,0,0,0,month-to-month,mailed check,19.65,19.65,1.0
1271-SJBGZ,m,1,0,0,12,1.0,dsl,0,1,0,month-to-month,electronic check,43.65,526.95,1.0
3845-JHAMY,f,0,1,1,16,1.0,dsl,0,0,0,month-to-month,credit card (automatic),35.5,552.7,0.0
7013-PSXHK,f,0,0,0,40,1.0,dsl,0,1,1,one year,mailed check,80.75,3208.65,0.0
5669-SRAIP,f,0,0,0,5,1.0,dsl,0,0,0,month-to-month,electronic check,39.5,210.75,1.0
5981-ITEMU,m,0,1,0,40,1.0,fiber optic,0,0,1,month-to-month,bank transfer (automatic),97.1,3706.95,1.0
3486-NPGST,f,0,0,0,36,1.0,no,0,0,0,one year,mailed check,19.55,620.75,0.0
6941-PMGEP,f,0,0,0,5,1.0,fiber optic,0,0,0,month-to-month,electronic check,80.0,412.5,1.0
1624-WOIWJ,f,0,0,0,10,1.0,fiber optic,1,0,1,month-to-month,mailed check,84.7,832.05,1.0
2074-GKOWZ,m,0,1,1,2,1.0,fiber optic,0,0,1,month-to-month,bank transfer (automatic),89.55,185.55,1.0
0376-YMCJC,m,0,0,0,23,1.0,fiber optic,0,1,1,month-to-month,electronic check,90.6,1943.2,1.0
6100-FJZDG,m,0,1,1,26,1.0,no,0,0,0,one year,bank transfer (automatic),20.05,505.9,0.0
4829-ZLJTK,f,1,1,0,72,1.0,fiber optic,1,0,1,two year,electronic check,112.4,8046.85,0.0
1730-VFMWO,f,0,1,0,34,1.0,dsl,0,1,0,month-to-month,bank transfer (automatic),50.2,1815.3,0.0
7143-BQIBA,m,0,0,0,10,1.0,dsl,1,1,1,month-to-month,bank transfer (automatic),62.25,612.95,0.0
3800-LYTRK,f,0,0,0,14,1.0,dsl,1,1,0,one year,mailed check,55.7,795.15,0.0
0634-SZPQA,f,0,0,0,23,1.0,fiber optic,1,0,1,month-to-month,bank transfer (automatic),90.05,2169.8,1.0
9646-NMHXE,m,0,1,0,47,1.0,no,0,0,0,two year,mailed check,19.65,973.1,0.0
7030-NJVDP,m,0,1,0,24,1.0,fiber optic,1,1,0,month-to-month,electronic check,89.25,2210.2,0.0
5536-RTPWK,m,0,1,0,49,1.0,fiber optic,0,0,1,month-to-month,bank transfer (automatic),99.05,4853.75,1.0
8883-GRDWQ,m,1,0,0,20,1.0,dsl,1,1,0,one year,mailed check,54.0,1055.9,0.0
6166-ILMNY,f,0,0,0,2,1.0,fiber optic,0,0,0,month-to-month,bank transfer (automatic),69.75,144.55,1.0
3097-NNSPB,f,0,0,0,2,1.0,dsl,0,0,0,month-to-month,credit card (automatic),49.05,91.1,1.0
7771-ZONAT,m,0,0,0,22,1.0,dsl,0,1,1,two year,bank transfer (automatic),56.75,1304.85,0.0
0655-RBDUG,m,0,0,0,7,1.0,fiber optic,0,0,1,month-to-month,bank transfer (automatic),98.05,713.0,1.0
2111-DWYHN,m,0,0,0,1,1.0,no,0,0,0,month-to-month,mailed check,21.1,21.1,0.0
4194-WHFCB,f,0,1,1,59,1.0,fiber optic,0,1,0,month-to-month,bank transfer (automatic),96.65,5580.8,0.0
4121-AGSIN,f,0,1,1,58,1.0,no,0,0,0,one year,credit card (automatic),24.5,1497.9,0.0
4361-BKAXE,f,0,0,0,41,1.0,fiber optic,1,1,1,month-to-month,bank transfer (automatic),114.5,4527.45,1.0
9845-PEEKO,f,1,0,0,59,1.0,fiber optic,0,0,0,two year,credit card (automatic),79.2,4590.35,0.0
0455-XFASS,f,0,1,1,3,1.0,fiber optic,0,0,0,month-to-month,electronic check,69.55,200.2,0.0
0301-KOBTQ,m,0,0,0,32,1.0,no,0,0,0,two year,bank transfer (automatic),20.05,614.45,0.0
1751-NCDLI,m,1,1,0,46,1.0,fiber optic,0,0,1,month-to-month,electronic check,98.85,4564.9,0.0
4367-NUYAO,m,0,1,1,0,1.0,no,0,0,0,two year,mailed check,25.75,25.75,0.0
9878-TNQGW,m,0,0,0,2,1.0,fiber optic,0,0,0,month-to-month,electronic check,80.95,171.15,1.0
9170-ARBTB,f,0,1,1,52,1.0,no,0,0,0,one year,credit card (automatic),19.6,1012.4,0.0
4441-NIHPT,f,1,0,0,13,1.0,fiber optic,0,0,0,month-to-month,electronic check,74.3,940.35,1.0
8999-BOHSE,f,1,0,0,11,1.0,fiber optic,0,0,1,month-to-month,bank transfer (automatic),89.7,1047.7,1.0
7241-AJHFS,m,0,0,0,32,1.0,fiber optic,1,1,0,month-to-month,bank transfer (automatic),87.65,2766.4,0.0
7029-RPUAV,m,1,1,0,17,1.0,fiber optic,0,0,1,month-to-month,credit card (automatic),100.45,1622.45,1.0
4546-FOKWR,f,0,0,0,16,1.0,fiber optic,0,0,0,month-to-month,credit card (automatic),74.75,1129.35,0.0
9036-CSKBW,f,0,0,0,51,1.0,fiber optic,1,0,1,one year,bank transfer (automatic),107.45,5680.9,0.0
5832-TRLPB,m,0,0,0,29,1.0,dsl,0,1,1,one year,bank transfer (automatic),75.35,2243.9,0.0
8590-YFFQO,m,0,1,0,70,1.0,dsl,1,1,0,two year,credit card (automatic),64.95,4523.25,0.0
8659-IOOPU,f,0,1,1,71,1.0,fiber optic,1,1,0,two year,electronic check,100.45,7159.7,0.0
1338-CECEE,m,0,1,1,41,1.0,dsl,0,0,1,one year,bank transfer (automatic),68.5,2839.95,0.0
7439-DKZTW,m,0,0,0,1,1.0,fiber optic,0,0,1,month-to-month,electronic check,80.55,80.55,0.0
4646-QZXTF,f,0,1,0,7,1.0,dsl,1,1,1,month-to-month,bank transfer (automatic),81.25,580.1,0.0
4607-CHPCA,m,0,1,1,25,1.0,fiber optic,0,0,1,one year,electronic check,90.4,2178.6,1.0
9742-XOKTS,m,0,1,1,67,1.0,fiber optic,1,1,0,one year,electronic check,89.55,6038.55,0.0
6921-OZMFH,m,0,1,1,5,1.0,dsl,0,1,0,month-to-month,mailed check,55.7,259.4,0.0
9578-FOMUK,m,0,0,1,15,1.0,no,0,0,0,month-to-month,electronic check,24.8,324.15,0.0
4712-UYOOI,f,0,1,1,20,1.0,no,0,0,0,month-to-month,electronic check,20.0,417.65,0.0
8824-RWFXJ,m,0,1,1,3,1.0,dsl,0,0,0,month-to-month,mailed check,56.15,168.15,1.0
7722-CVFXN,m,0,1,1,54,1.0,fiber optic,0,1,1,one year,electronic check,105.2,5637.85,0.0
8717-VCTXJ,m,0,0,0,42,1.0,no,0,0,0,one year,mailed check,19.55,839.4,0.0
7363-QTBIW,f,0,1,0,9,1.0,fiber optic,0,0,0,month-to-month,electronic check,79.75,769.1,0.0
4159-NAAIX,f,0,0,0,63,1.0,fiber optic,0,0,1,two year,bank transfer (automatic),97.45,6253.0,0.0
0971-QIFJK,f,0,1,0,69,1.0,no,0,0,0,two year,bank transfer (automatic),24.25,1641.8,0.0
9397-TZSHA,f,0,0,0,69,1.0,no,0,0,0,two year,credit card (automatic),24.6,1678.05,0.0
3391-JSQEW,m,0,1,0,40,1.0,dsl,0,0,0,month-to-month,mailed check,50.15,2058.5,0.0
0343-QLUZP,m,0,0,0,60,1.0,dsl,1,0,0,two year,bank transfer (automatic),39.6,2424.5,0.0
9763-PDTKK,f,0,0,0,4,1.0,fiber optic,1,1,0,month-to-month,bank transfer (automatic),94.4,387.2,1.0
2176-LVPNX,f,1,0,0,71,1.0,dsl,1,1,1,two year,mailed check,89.85,6293.45,0.0
7627-JKIAZ,f,0,1,0,37,1.0,fiber optic,0,0,0,month-to-month,credit card (automatic),78.95,2839.65,1.0
3312-UUMZW,m,0,1,0,32,1.0,fiber optic,0,0,1,month-to-month,credit card (automatic),98.85,3145.9,0.0
1271-UODNO,m,0,0,0,39,1.0,dsl,0,1,0,two year,credit card (automatic),53.85,2200.7,0.0
8461-EFQYM,f,0,0,0,38,1.0,no,0,0,0,one year,electronic check,24.25,914.4,0.0
6900-RBKER,m,0,0,0,52,1.0,fiber optic,0,0,0,two year,credit card (automatic),89.45,4577.75,0.0
6891-JPYFF,f,0,1,1,48,1.0,fiber optic,1,0,1,month-to-month,credit card (automatic),105.25,4997.5,0.0
1459-QNFQT,m,0,1,1,70,1.0,dsl,1,1,1,two year,bank transfer (automatic),59.5,4144.8,0.0
1047-NNCBF,m,0,0,0,20,1.0,fiber optic,0,0,0,month-to-month,credit card (automatic),70.55,1493.55,0.0
3696-XRIEN,f,0,0,0,50,1.0,dsl,1,1,1,one year,credit card (automatic),82.5,4179.1,0.0
4081-DYXAV,f,0,0,0,19,1.0,dsl,0,0,1,one year,credit card (automatic),44.85,893.55,1.0
0074-HDKDG,m,0,1,1,25,1.0,dsl,1,0,0,one year,bank transfer (automatic),61.6,1611.0,0.0
8791-GFXLZ,m,0,0,0,12,1.0,dsl,0,0,0,month-to-month,bank transfer (automatic),49.05,593.05,0.0
8111-SLLHI,m,1,1,0,39,1.0,fiber optic,0,0,1,month-to-month,electronic check,105.65,4284.8,1.0
0927-LCSMG,m,0,0,0,7,1.0,fiber optic,0,0,0,month-to-month,mailed check,74.65,544.55,1.0
9330-DHBFL,f,0,1,1,23,1.0,dsl,1,1,0,one year,mailed check,66.25,1533.8,0.0
0098-BOWSO,m,0,0,0,27,1.0,no,0,0,0,month-to-month,electronic check,19.4,529.8,0.0
3452-ABWRL,m,1,0,0,47,1.0,fiber optic,0,0,1,month-to-month,credit card (automatic),86.05,3865.6,0.0
5859-HZYLF,m,0,1,1,26,1.0,no,0,0,0,two year,credit card (automatic),19.15,515.75,0.0
8257-RZAHR,f,0,1,0,14,1.0,dsl,1,0,1,month-to-month,bank transfer (automatic),64.7,941.0,1.0
5293-WXJAK,f,1,1,0,11,1.0,fiber optic,0,1,1,month-to-month,bank transfer (automatic),104.05,1133.65,1.0
3156-QLHBO,m,0,0,1,2,1.0,no,0,0,0,month-to-month,mailed check,19.25,48.35,0.0
2208-NQBCT,f,0,1,1,26,1.0,fiber optic,1,0,0,month-to-month,electronic check,81.95,2070.05,0.0
1779-PWPMG,f,1,1,0,72,1.0,fiber optic,1,1,1,two year,bank transfer (automatic),114.65,8333.95,0.0
6621-NRZAK,f,0,1,1,63,1.0,no,0,0,0,two year,credit card (automatic),20.0,1209.25,0.0
0831-JNISG,m,0,1,1,71,1.0,no,0,0,0,two year,mailed check,19.8,1396.25,0.0
0774-IFUVM,m,0,1,1,11,1.0,dsl,1,0,1,month-to-month,bank transfer (automatic),65.15,723.35,0.0
3082-WQRVY,m,1,1,0,14,1.0,no,0,0,0,one year,mailed check,19.65,228.65,0.0
9553-DLCLU,f,0,0,1,13,1.0,dsl,1,1,1,two year,credit card (automatic),88.95,1161.75,0.0
1641-BYBTK,m,0,0,1,6,1.0,no,0,0,0,month-to-month,mailed check,20.2,98.35,0.0
2460-NGXBJ,m,1,1,1,11,1.0,fiber optic,0,0,0,month-to-month,credit card (automatic),75.2,775.3,0.0
2446-ZKVAF,m,0,1,0,18,1.0,dsl,0,0,0,month-to-month,credit card (automatic),56.8,1074.65,0.0
0841-NULXI,m,0,0,0,1,1.0,dsl,0,0,0,month-to-month,electronic check,35.55,35.55,1.0
3522-CDKHF,f,0,1,0,32,1.0,fiber optic,1,0,0,month-to-month,bank transfer (automatic),75.5,2324.7,0.0
1430-SFQSA,m,0,0,0,29,1.0,dsl,1,1,0,one year,mailed check,35.6,1072.6,0.0
0411-EZJZE,f,0,0,0,3,1.0,dsl,0,0,1,month-to-month,electronic check,60.25,170.5,0.0
7851-WZEKY,f,0,0,0,2,1.0,fiber optic,0,0,1,month-to-month,electronic check,95.15,196.9,1.0
8844-TONUD,m,0,1,1,13,1.0,fiber optic,0,0,1,month-to-month,mailed check,96.65,1162.85,1.0
8807-ARQET,f,0,0,0,41,1.0,dsl,0,0,0,month-to-month,electronic check,40.35,1677.85,0.0
8992-CEUEN,f,0,0,0,1,1.0,no,0,0,0,month-to-month,electronic check,18.85,18.85,0.0
4320-QMLLA,m,0,0,0,7,1.0,dsl,0,0,1,month-to-month,mailed check,54.85,370.4,0.0
8777-PVYGU,f,0,1,0,52,1.0,dsl,1,0,1,one year,mailed check,64.3,3410.6,0.0
8292-ITGYJ,f,0,1,1,45,1.0,no,0,0,0,two year,bank transfer (automatic),24.65,1138.8,0.0
6870-ZWMNX,m,0,1,0,70,1.0,dsl,0,1,1,two year,credit card (automatic),76.1,5264.25,0.0
0621-CXBKL,f,0,0,0,53,1.0,no,0,0,0,two year,mailed check,18.7,1005.7,0.0
5268-DSMNQ,f,1,1,0,62,1.0,fiber optic,0,0,1,one year,credit card (automatic),97.95,5936.55,0.0
5334-JLAXU,f,0,1,0,60,1.0,fiber optic,1,0,0,month-to-month,credit card (automatic),94.1,5475.9,0.0
4086-YQSNZ,f,1,1,0,3,1.0,fiber optic,0,0,1,month-to-month,electronic check,80.4,224.05,1.0
6242-MBHPK,f,1,1,0,23,1.0,fiber optic,1,0,1,month-to-month,electronic check,95.1,2326.05,0.0
5868-CZJDR,m,0,0,1,1,1.0,dsl,0,0,0,month-to-month,mailed check,31.35,31.35,1.0
9359-UGBTK,f,0,0,0,67,1.0,dsl,1,1,0,one year,bank transfer (automatic),72.35,4991.5,0.0
0135-NMXAP,f,0,0,0,12,1.0,fiber optic,0,0,1,month-to-month,bank transfer (automatic),89.75,1052.4,1.0
4782-OSFXZ,f,1,1,0,71,1.0,dsl,1,1,0,two year,bank transfer (automatic),82.7,5831.2,0.0
6479-OAUSD,m,0,0,0,25,1.0,no,0,0,0,one year,credit card (automatic),19.9,510.8,0.0
7129-ACFOG,f,0,0,0,5,1.0,dsl,1,0,0,month-to-month,electronic check,53.8,283.95,0.0
4189-NAKJS,m,0,0,0,26,1.0,dsl,0,0,0,one year,credit card (automatic),51.55,1295.4,0.0
5562-BETPV,m,0,1,1,1,1.0,no,0,0,0,one year,mailed check,19.65,19.65,0.0
1282-IHQAC,m,1,0,0,70,1.0,dsl,0,0,1,one year,credit card (automatic),44.05,3011.65,0.0
9127-FHJBZ,m,0,1,1,72,1.0,fiber optic,1,1,1,two year,electronic check,114.0,8093.15,0.0
6270-OMFIW,m,0,1,0,60,1.0,fiber optic,0,0,1,one year,electronic check,94.4,5610.25,1.0
1641-RQDAY,f,1,1,1,32,1.0,fiber optic,0,0,1,month-to-month,electronic check,100.4,3217.65,0.0
0107-WESLM,m,0,0,0,1,1.0,no,0,0,0,month-to-month,electronic check,19.85,19.85,1.0
6994-ORCWG,f,0,0,0,14,1.0,dsl,0,0,0,one year,mailed check,54.25,773.2,0.0
1346-UFHAX,f,0,0,0,13,1.0,fiber optic,1,0,0,month-to-month,credit card (automatic),80.0,1029.35,0.0
3992-YWPKO,f,0,0,0,6,1.0,fiber optic,0,1,1,month-to-month,credit card (automatic),109.9,669.45,1.0
2933-XEUJM,f,0,0,0,46,1.0,dsl,1,0,1,two year,mailed check,79.2,3593.8,0.0
0125-LZQXK,m,0,0,0,15,1.0,fiber optic,0,1,1,month-to-month,electronic check,101.35,1553.95,1.0
5461-QKNTN,m,1,1,0,43,1.0,fiber optic,0,1,1,month-to-month,electronic check,94.3,3953.15,0.0
4835-YSJMR,m,0,0,0,39,1.0,dsl,0,1,0,two year,bank transfer (automatic),49.8,1971.15,0.0
8399-YNDCH,m,1,0,0,21,1.0,dsl,0,0,1,month-to-month,bank transfer (automatic),60.05,1236.15,1.0
3164-YAXFY,m,0,0,0,57,1.0,dsl,1,0,1,month-to-month,electronic check,53.75,3196.0,0.0
0887-WBJVH,f,0,1,0,53,1.0,fiber optic,0,1,1,one year,electronic check,93.45,4872.2,0.0
4660-IRIBM,m,0,1,1,18,1.0,fiber optic,1,0,1,month-to-month,mailed check,87.9,1500.5,0.0
5673-FSSMF,f,0,0,0,1,1.0,dsl,0,0,0,month-to-month,electronic check,60.15,60.15,1.0
7670-ZBPOQ,f,0,1,0,58,1.0,dsl,1,1,0,one year,bank transfer (automatic),61.05,3478.75,0.0
8089-UZWLX,f,1,0,0,71,1.0,fiber optic,0,0,1,two year,bank transfer (automatic),104.05,7413.55,0.0
0080-OROZO,f,0,0,0,35,1.0,fiber optic,0,1,1,one year,electronic check,99.25,3532.0,0.0
3916-NRPAP,m,0,0,0,3,1.0,fiber optic,0,0,0,month-to-month,credit card (automatic),85.7,256.75,0.0
6807-SIWJI,m,0,0,0,38,1.0,fiber optic,1,0,1,one year,electronic check,104.85,3887.25,0.0
8221-HVAYI,m,0,1,1,35,1.0,dsl,1,1,0,two year,credit card (automatic),69.15,2490.15,0.0
1579-KLYDT,m,0,0,0,7,1.0,fiber optic,0,0,1,month-to-month,electronic check,90.45,593.45,1.0
5232-NXPAY,f,0,0,0,47,1.0,dsl,0,1,1,two year,mailed check,74.45,3510.3,0.0
8967-SZQAS,f,0,0,0,14,1.0,dsl,0,0,0,month-to-month,electronic check,50.45,765.45,0.0
4468-KAZHE,f,1,1,0,20,1.0,dsl,0,0,0,month-to-month,electronic check,60.0,1259.35,0.0
0455-ENTCR,m,0,1,0,66,1.0,dsl,1,1,1,two year,electronic check,85.25,5538.35,0.0
8944-AILEF,m,0,1,0,15,1.0,no,0,0,0,month-to-month,credit card (automatic),19.45,340.85,0.0
5542-NKVRU,f,0,0,0,42,1.0,no,0,0,0,two year,bank transfer (automatic),20.75,844.45,0.0
7126-RBHSD,f,0,1,0,17,1.0,fiber optic,1,0,0,month-to-month,electronic check,78.9,1348.95,0.0
5370-IIVVL,m,0,0,0,37,1.0,fiber optic,0,1,1,one year,credit card (automatic),104.5,3778.0,0.0
6789-HJBWG,f,0,0,0,12,1.0,dsl,0,0,0,month-to-month,electronic check,49.4,611.65,0.0
3927-NLNRY,m,0,1,0,53,1.0,fiber optic,0,0,1,one year,bank transfer (automatic),94.25,4867.95,1.0
9087-EYCPR,f,0,0,0,60,1.0,no,0,0,0,two year,mailed check,25.0,1505.05,0.0
6791-YBNAK,m,0,1,1,18,1.0,dsl,0,0,0,month-to-month,credit card (automatic),25.55,467.85,0.0
6358-LYNGM,m,0,0,0,1,1.0,fiber optic,0,0,0,month-to-month,electronic check,74.9,74.9,1.0
6077-BDPXA,f,0,0,0,3,1.0,fiber optic,0,0,0,month-to-month,electronic check,70.15,194.2,0.0
0013-MHZWF,f,0,0,1,9,1.0,dsl,0,1,1,month-to-month,credit card (automatic),69.4,571.45,0.0
5494-HECPR,f,0,0,0,1,1.0,fiber optic,0,0,1,month-to-month,electronic check,80.25,80.25,1.0
8268-YDIXR,m,0,1,0,56,1.0,fiber optic,1,0,0,one year,electronic check,93.15,5253.95,0.0
9824-BEMCV,m,0,1,1,17,1.0,fiber optic,0,0,0,month-to-month,electronic check,69.0,1149.65,1.0
1373-ORVIZ,f,0,1,1,11,1.0,dsl,0,1,0,month-to-month,electronic check,66.35,740.8,1.0
4291-SHSBH,m,0,0,0,7,1.0,fiber optic,0,0,0,month-to-month,electronic check,69.55,521.35,0.0
6980-IMXXE,f,0,1,1,69,1.0,no,0,0,0,two year,bank transfer (automatic),20.2,1412.65,0.0
9866-QEVEE,m,0,0,0,19,1.0,fiber optic,0,0,0,month-to-month,bank transfer (automatic),86.0,1532.45,1.0
9897-KXHCM,f,0,1,1,3,1.0,fiber optic,0,0,0,month-to-month,electronic check,80.3,250.05,1.0
0040-HALCW,m,0,1,1,54,1.0,no,0,0,0,two year,credit card (automatic),20.4,1090.6,0.0
0784-GTUUK,m,0,1,0,62,1.0,no,0,0,0,one year,credit card (automatic),23.75,1446.8,0.0
7979-CORPM,m,0,0,0,24,1.0,fiber optic,0,0,1,month-to-month,credit card (automatic),90.55,2282.55,1.0
2294-DMMUS,f,0,1,1,62,1.0,dsl,0,0,1,month-to-month,credit card (automatic),70.45,4300.45,0.0
0872-JCPIB,m,0,0,0,17,1.0,dsl,1,0,0,month-to-month,bank transfer (automatic),65.75,1111.2,0.0
3055-MJDSB,m,0,0,0,9,1.0,dsl,0,0,0,month-to-month,mailed check,24.6,190.1,0.0
9091-WTUUY,m,0,1,1,64,1.0,dsl,1,1,1,two year,mailed check,69.25,4447.75,0.0
1618-CFHME,f,0,0,0,2,1.0,fiber optic,0,0,0,month-to-month,electronic check,75.9,143.35,1.0
3165-HDOEW,m,0,1,1,1,1.0,dsl,0,0,0,month-to-month,mailed check,45.85,45.85,1.0
6581-NQCBA,f,0,1,0,16,1.0,dsl,0,1,1,month-to-month,electronic check,49.95,810.2,1.0
7115-IRDHS,f,0,1,0,72,1.0,no,0,0,0,two year,bank transfer (automatic),24.65,1830.05,0.0
8496-DMZUK,m,0,0,0,30,1.0,fiber optic,1,0,0,one year,bank transfer (automatic),90.4,2820.65,0.0
2040-VZIKE,f,0,1,0,49,1.0,fiber optic,1,0,1,month-to-month,mailed check,100.85,4847.35,0.0
9068-VPWQQ,m,0,1,0,61,1.0,dsl,1,1,0,two year,credit card (automatic),75.35,4729.3,0.0
0178-SZBHO,m,0,1,1,47,1.0,fiber optic,0,0,1,month-to-month,electronic check,87.2,4017.45,0.0
0384-RVBPI,m,0,0,0,20,1.0,dsl,1,0,0,month-to-month,credit card (automatic),64.4,1398.6,0.0
1689-MRZQR,m,0,1,1,34,1.0,fiber optic,0,0,1,month-to-month,electronic check,78.3,2564.3,1.0
1299-AURJA,f,0,1,1,70,1.0,no,0,0,0,two year,bank transfer (automatic),24.7,1685.9,0.0
4525-VZCZG,m,0,0,1,54,1.0,fiber optic,1,1,1,one year,electronic check,105.85,5826.65,0.0
1543-LLLFT,m,1,1,0,61,1.0,fiber optic,0,1,1,one year,mailed check,98.3,6066.55,0.0
5835-BEQEU,m,0,0,0,3,1.0,fiber optic,0,0,0,month-to-month,electronic check,76.95,228.4,1.0
2788-CJQAQ,m,0,0,0,13,1.0,no,0,0,0,one year,mailed check,19.45,270.2,0.0
5565-FILXA,f,1,0,0,16,1.0,fiber optic,0,0,1,month-to-month,electronic check,96.15,1529.2,1.0
0319-QZTCO,f,0,1,1,3,1.0,dsl,0,0,1,month-to-month,credit card (automatic),58.7,168.6,0.0
2120-SMPEX,m,0,0,0,25,1.0,no,0,0,0,month-to-month,mailed check,20.15,536.35,0.0
0096-FCPUF,m,0,0,0,30,1.0,dsl,1,0,0,month-to-month,mailed check,64.5,1888.45,0.0
0668-OGMHD,f,0,1,0,21,1.0,dsl,1,0,0,month-to-month,electronic check,28.5,629.35,0.0
5552-ZNFSJ,m,0,0,0,1,1.0,dsl,0,0,0,month-to-month,electronic check,45.3,45.3,1.0
2223-KAGMX,f,0,0,0,15,1.0,no,0,0,0,month-to-month,bank transfer (automatic),19.4,289.3,1.0
6507-ZJSUR,m,1,1,0,23,1.0,fiber optic,0,0,1,month-to-month,electronic check,90.45,2117.25,0.0
9408-HRXRK,f,0,1,1,45,1.0,fiber optic,1,0,1,month-to-month,electronic check,105.15,4730.9,0.0
5593-SUAOO,f,0,1,1,24,1.0,fiber optic,0,0,0,one year,bank transfer (automatic),83.15,2033.05,0.0
7321-PKUYW,f,0,0,0,11,1.0,fiber optic,0,1,1,month-to-month,electronic check,90.15,987.95,1.0
2833-SLKDQ,m,0,0,0,1,1.0,dsl,0,0,0,month-to-month,mailed check,45.05,45.05,1.0
6766-HFKLA,f,0,1,0,56,1.0,fiber optic,0,1,1,two year,bank transfer (automatic),103.2,5744.35,0.0
7595-EUIVN,f,0,0,0,1,1.0,fiber optic,0,0,0,month-to-month,electronic check,75.8,75.8,1.0
7617-EYGLW,m,0,0,0,1,1.0,no,0,0,0,month-to-month,electronic check,19.45,19.45,0.0
2026-TGDHM,f,0,0,0,7,1.0,fiber optic,0,0,0,month-to-month,electronic check,79.3,523.15,1.0
9220-ZNKJI,f,1,1,0,55,1.0,fiber optic,0,1,1,two year,credit card (automatic),88.8,4805.3,0.0
4030-VPZBD,f,0,0,0,2,1.0,dsl,0,1,0,month-to-month,electronic check,30.9,59.05,1.0
2226-ICFDO,f,0,1,1,72,1.0,dsl,1,1,1,two year,credit card (automatic),85.9,6110.75,0.0
0723-VSOBE,f,1,0,0,45,1.0,dsl,0,0,0,one year,electronic check,34.2,1596.6,0.0
5529-GIBVH,f,0,0,0,47,1.0,no,0,0,0,two year,mailed check,20.15,1046.2,0.0
4187-CINZD,f,1,0,0,46,1.0,fiber optic,0,0,1,one year,credit card (automatic),95.25,4424.2,1.0
9992-UJOEL,m,0,0,0,2,1.0,dsl,0,0,0,month-to-month,mailed check,50.3,92.75,0.0
4741-WWJQZ,f,0,1,0,2,1.0,fiber optic,1,1,0,month-to-month,electronic check,80.15,194.55,0.0
6625-UTXEW,f,0,1,0,12,1.0,dsl,0,0,0,month-to-month,electronic check,51.25,612.1,0.0
6818-WOBHJ,f,1,1,0,68,1.0,fiber optic,0,0,0,month-to-month,bank transfer (automatic),89.6,6127.6,1.0
6244-BESBM,m,0,1,1,69,1.0,fiber optic,0,1,1,two year,credit card (automatic),95.2,6671.7,0.0
1004-NOZNR,m,1,0,1,56,1.0,fiber optic,1,0,1,one year,credit card (automatic),94.8,5264.3,0.0
1251-STYSZ,f,1,0,0,4,1.0,fiber optic,1,0,0,month-to-month,electronic check,80.25,303.7,0.0
2612-PHGOX,m,0,1,0,64,1.0,dsl,0,1,1,two year,bank transfer (automatic),76.1,4818.8,0.0
2408-TZMJL,m,0,1,0,59,1.0,fiber optic,1,0,1,one year,electronic check,110.15,6448.05,1.0
8480-PPONV,m,0,1,1,62,1.0,fiber optic,1,1,1,two year,bank transfer (automatic),115.55,7159.05,0.0
8780-IHCRN,m,0,1,1,63,1.0,no,0,0,0,two year,credit card (automatic),24.65,1574.5,0.0
4598-ZADCK,f,0,0,0,53,1.0,dsl,1,1,1,one year,electronic check,53.6,2879.2,0.0
1257-SXUXQ,m,0,1,1,5,1.0,no,0,0,0,month-to-month,mailed check,19.45,86.05,0.0
9681-KYGYB,m,1,1,0,49,1.0,fiber optic,1,0,0,month-to-month,electronic check,88.2,4159.45,0.0
7182-OVLBJ,f,0,1,1,62,1.0,fiber optic,1,0,1,two year,bank transfer (automatic),101.15,6638.35,0.0
5095-ETBRJ,f,0,1,0,55,1.0,dsl,1,1,0,two year,mailed check,56.8,3112.05,0.0
7005-CYUIL,f,1,1,0,71,1.0,fiber optic,1,1,1,two year,electronic check,99.4,7168.25,0.0
4821-WQOYN,f,0,1,1,72,1.0,no,0,0,0,two year,credit card (automatic),20.1,1326.25,0.0
4730-AWNAU,m,0,1,1,36,1.0,dsl,1,1,1,one year,credit card (automatic),60.7,2234.55,0.0
3452-FLHYD,m,0,1,0,25,1.0,no,0,0,0,one year,bank transfer (automatic),20.95,495.15,0.0
2388-LAESQ,f,1,1,0,72,1.0,fiber optic,1,1,1,two year,bank transfer (automatic),114.85,8317.95,0.0
9531-NSBMR,f,0,0,0,36,1.0,no,0,0,0,one year,bank transfer (automatic),19.25,679.8,0.0
6260-ONULR,m,0,0,0,1,1.0,dsl,0,0,1,month-to-month,mailed check,62.8,62.8,0.0
4389-UEFCZ,f,0,1,0,72,1.0,fiber optic,1,0,1,two year,electronic check,105.5,7544.0,0.0
8711-LOBKY,m,0,1,1,59,1.0,no,0,0,0,two year,mailed check,19.85,1188.25,0.0
9134-CEQMF,m,1,1,0,7,1.0,fiber optic,0,0,1,month-to-month,electronic check,89.5,676.7,1.0
8985-OOPOS,f,0,0,0,1,1.0,dsl,0,1,1,one year,credit card (automatic),74.1,74.1,0.0
8800-ZKRFW,f,0,1,1,30,1.0,fiber optic,0,1,1,month-to-month,electronic check,107.5,3242.5,0.0
2616-FLVQC,m,0,0,0,64,1.0,no,0,0,0,two year,mailed check,19.55,1240.15,0.0
9968-FFVVH,m,0,0,0,63,1.0,dsl,1,1,0,one year,bank transfer (automatic),68.8,4111.35,0.0
3108-PCCGG,m,1,1,0,72,1.0,dsl,1,0,1,two year,credit card (automatic),84.45,5899.85,0.0
7993-PYKOF,m,0,1,0,8,1.0,fiber optic,1,0,0,month-to-month,electronic check,75.0,632.95,1.0
8390-FESFV,f,0,0,0,62,1.0,dsl,0,1,1,two year,bank transfer (automatic),84.5,5193.2,0.0
3022-BEXHZ,m,0,1,1,67,1.0,fiber optic,0,1,1,two year,bank transfer (automatic),111.2,7530.8,0.0
5027-XWQHA,m,0,0,0,6,1.0,dsl,0,0,0,month-to-month,electronic check,44.75,270.95,1.0
6248-TKCQV,f,0,1,1,70,1.0,dsl,1,1,1,two year,bank transfer (automatic),80.6,5460.2,0.0
6729-GDNGC,f,1,0,0,20,1.0,fiber optic,0,0,1,month-to-month,bank transfer (automatic),80.7,1614.2,0.0
6198-ZFIOJ,f,0,0,0,5,1.0,fiber optic,0,0,0,month-to-month,electronic check,75.6,402.5,0.0
5989-OMNJE,f,0,1,1,24,1.0,dsl,1,0,1,one year,electronic check,57.6,1367.75,0.0
4566-QVRRW,f,0,1,0,11,1.0,dsl,0,0,0,month-to-month,electronic check,44.05,483.7,1.0
1291-CUOCY,m,0,1,0,72,1.0,fiber optic,0,1,1,two year,credit card (automatic),110.6,7962.2,0.0
9795-SHUHB,f,0,1,1,66,1.0,dsl,1,1,0,two year,credit card (automatic),58.2,3810.8,0.0
3230-IUALN,f,0,1,1,45,1.0,dsl,1,1,1,two year,mailed check,81.0,3533.6,0.0
0042-RLHYP,f,0,1,1,69,1.0,no,0,0,0,two year,bank transfer (automatic),19.7,1396.9,0.0
8519-IMDHU,m,1,1,0,15,1.0,fiber optic,0,0,0,month-to-month,bank transfer (automatic),85.6,1345.55,1.0
4945-RVMTE,f,0,0,0,28,1.0,dsl,0,0,1,month-to-month,bank transfer (automatic),59.55,1646.45,0.0
0201-OAMXR,f,0,0,0,70,1.0,fiber optic,1,1,1,one year,credit card (automatic),115.55,8127.6,1.0
1866-NXPSP,f,0,0,0,36,1.0,dsl,1,1,0,one year,mailed check,75.55,2680.15,0.0
3372-KWFBM,m,1,0,0,16,1.0,fiber optic,0,0,1,month-to-month,electronic check,86.6,1281.0,1.0
7831-QGOXH,f,0,0,0,18,1.0,fiber optic,0,0,1,month-to-month,electronic check,85.2,1553.9,1.0
6393-WRYZE,f,0,1,0,34,1.0,fiber optic,0,0,1,month-to-month,electronic check,97.65,3207.55,1.0
3941-XTSKM,m,0,1,1,42,1.0,dsl,0,0,0,one year,credit card (automatic),45.1,2049.05,0.0
1661-CZBAU,m,0,0,0,48,1.0,dsl,1,1,0,one year,bank transfer (automatic),70.95,3629.2,0.0
6599-RCLCJ,m,0,1,0,47,1.0,fiber optic,0,1,1,month-to-month,electronic check,109.55,5124.55,1.0
9831-BPFRI,f,0,1,1,39,1.0,fiber optic,0,1,0,one year,electronic check,89.55,3474.45,1.0
5158-RIVOP,f,0,1,1,11,1.0,no,0,0,0,two year,credit card (automatic),20.9,202.3,0.0
9788-YTFGE,m,0,0,0,7,1.0,no,0,0,0,month-to-month,mailed check,19.95,147.5,0.0
9277-JOOMO,f,0,0,0,3,1.0,no,0,0,0,month-to-month,mailed check,24.6,86.35,0.0
1907-YLNYW,m,0,0,0,8,1.0,dsl,1,0,0,month-to-month,electronic check,66.7,579.0,0.0
1725-MIMXW,m,0,0,1,1,1.0,no,0,0,0,month-to-month,mailed check,19.45,19.45,1.0
8947-YRTDV,m,0,1,1,32,1.0,fiber optic,1,0,0,one year,mailed check,94.8,3131.55,0.0
3161-ONRWK,m,0,1,1,60,1.0,dsl,1,1,0,one year,bank transfer (automatic),65.85,3928.3,0.0
0114-RSRRW,f,0,1,0,10,1.0,no,0,0,0,month-to-month,bank transfer (automatic),19.95,187.75,0.0
4565-NLZBV,f,0,1,0,71,1.0,no,0,0,0,two year,bank transfer (automatic),24.65,1710.15,0.0
0031-PVLZI,f,0,1,1,4,1.0,no,0,0,0,month-to-month,mailed check,20.35,76.35,1.0
7206-GZCDC,f,1,0,0,1,1.0,fiber optic,0,0,0,month-to-month,electronic check,69.25,69.25,1.0
6682-VCIXC,f,0,1,1,43,1.0,dsl,1,1,1,one year,bank transfer (automatic),51.25,2151.6,0.0
4791-QRGMF,m,0,1,0,59,1.0,fiber optic,0,0,1,one year,bank transfer (automatic),99.5,5961.1,1.0
6475-VHUIZ,f,0,1,0,23,1.0,dsl,0,1,0,month-to-month,electronic check,54.25,1221.55,0.0
3910-MRQOY,f,0,1,0,72,1.0,no,0,0,0,two year,bank transfer (automatic),19.4,1496.45,0.0
0661-WCQNQ,m,0,1,0,22,1.0,dsl,1,1,0,one year,credit card (automatic),56.25,1292.2,0.0
7537-RBWEA,f,0,0,0,1,1.0,dsl,0,0,0,month-to-month,mailed check,25.15,25.15,0.0
4656-CAURT,m,0,0,0,69,1.0,no,0,0,0,two year,bank transfer (automatic),23.95,1713.1,0.0
0121-SNYRK,m,0,0,0,50,1.0,dsl,1,1,0,one year,mailed check,35.4,1748.9,0.0
1768-ZAIFU,f,1,0,0,1,1.0,dsl,0,0,0,month-to-month,electronic check,25.2,25.2,1.0
4671-LXRDQ,m,0,0,0,2,1.0,dsl,0,0,0,month-to-month,mailed check,45.0,96.45,1.0
3733-LSYCE,f,0,1,0,15,1.0,fiber optic,0,0,0,month-to-month,bank transfer (automatic),75.35,1114.55,0.0
6265-FRMTQ,m,0,0,0,31,1.0,no,0,0,0,two year,bank transfer (automatic),20.4,609.1,0.0
1934-SJVJK,m,0,0,0,1,1.0,no,0,0,0,month-to-month,mailed check,20.15,20.15,1.0
3838-OZURD,m,0,1,0,66,1.0,fiber optic,0,0,1,month-to-month,credit card (automatic),105.0,7133.25,1.0
1371-DWPAZ,f,0,1,1,0,1.0,dsl,1,1,1,two year,credit card (automatic),56.05,56.05,0.0
9269-CQOOL,m,0,0,1,3,1.0,dsl,0,0,1,month-to-month,credit card (automatic),54.7,169.45,1.0
2017-CCBLH,f,0,0,0,8,1.0,no,0,0,0,two year,mailed check,20.0,141.6,0.0
7690-KPNCU,m,0,1,1,64,1.0,dsl,1,0,1,one year,credit card (automatic),73.05,4688.65,0.0
0536-BGFMZ,f,0,1,0,28,1.0,no,0,0,0,month-to-month,mailed check,20.5,563.05,0.0
2293-IJWPS,f,0,1,0,57,1.0,fiber optic,0,0,1,one year,credit card (automatic),100.75,5985.0,0.0
2845-HSJCY,f,0,1,1,14,1.0,fiber optic,0,0,0,month-to-month,electronic check,87.25,1258.6,1.0
5469-NUJUR,m,0,0,0,19,1.0,no,0,0,0,two year,mailed check,19.95,373.5,0.0
1184-PJVDB,m,0,1,0,10,1.0,fiber optic,0,0,1,month-to-month,electronic check,79.95,857.2,1.0
2625-TRCZQ,f,0,1,0,51,1.0,dsl,0,0,1,month-to-month,electronic check,49.65,2553.35,0.0
4102-HLENU,f,0,1,0,67,1.0,dsl,1,0,0,two year,mailed check,65.65,4322.85,0.0
7266-GSSJX,m,0,1,1,11,1.0,no,0,0,0,month-to-month,electronic check,20.45,250.8,0.0
7722-VJRQD,m,0,1,1,72,1.0,dsl,1,1,1,two year,bank transfer (automatic),60.95,4549.05,0.0
7073-QETQY,m,0,1,1,66,1.0,no,0,0,0,one year,electronic check,20.35,1359.5,0.0
9415-DPEWS,f,0,0,0,18,1.0,fiber optic,0,1,1,month-to-month,electronic check,88.35,1639.3,1.0
5624-RYAMH,f,0,0,0,9,1.0,no,0,0,0,month-to-month,electronic check,19.5,178.85,0.0
0196-JTUQI,f,0,0,0,9,1.0,fiber optic,0,0,0,month-to-month,credit card (automatic),75.2,633.85,0.0
7130-YXBRO,m,0,1,0,48,1.0,fiber optic,1,0,1,month-to-month,bank transfer (automatic),111.45,5315.1,0.0
9272-LSVYH,m,0,0,0,10,1.0,fiber optic,0,0,0,month-to-month,mailed check,70.15,735.5,0.0
7943-RQCHR,f,0,0,0,9,1.0,fiber optic,0,0,1,month-to-month,electronic check,94.75,889.9,1.0
3793-MMFUH,f,1,0,0,13,1.0,fiber optic,0,0,1,month-to-month,electronic check,95.05,1290.0,1.0
3249-ZPQRG,m,0,0,0,4,1.0,fiber optic,0,0,0,month-to-month,electronic check,78.45,330.05,1.0
2568-BRGYX,m,0,0,0,4,1.0,fiber optic,0,0,0,month-to-month,electronic check,70.2,237.95,1.0
3084-DOWLE,f,0,1,0,72,1.0,dsl,1,1,1,two year,bank transfer (automatic),92.0,6474.4,0.0
1084-MNSMJ,f,0,1,1,51,1.0,dsl,1,1,1,two year,credit card (automatic),85.5,4421.95,0.0
7721-JXEAW,m,0,1,0,59,1.0,dsl,0,0,0,month-to-month,bank transfer (automatic),41.05,2452.7,1.0
7249-WBIYX,m,0,1,0,10,1.0,fiber optic,0,0,1,month-to-month,electronic check,85.6,813.85,1.0
4238-HFHSN,m,1,1,0,61,1.0,fiber optic,0,0,0,month-to-month,electronic check,82.15,4904.85,0.0
6250-CGGUN,m,0,0,0,54,1.0,fiber optic,1,1,0,one year,electronic check,84.4,4484.05,0.0
5478-JJVZK,f,0,0,0,33,1.0,dsl,1,0,0,month-to-month,mailed check,60.9,2033.85,0.0
7596-IIWYC,f,0,0,0,27,1.0,no,0,0,0,two year,bank transfer (automatic),20.25,538.2,0.0
6567-HOOPW,f,1,0,0,1,1.0,fiber optic,0,0,1,month-to-month,electronic check,79.2,79.2,1.0
9793-WECQC,m,0,0,0,23,1.0,fiber optic,0,0,1,month-to-month,mailed check,95.3,2192.9,0.0
4291-HPAXL,m,0,0,1,1,1.0,no,0,0,0,month-to-month,mailed check,19.85,19.85,0.0
8999-YPYBV,m,0,1,1,45,1.0,dsl,1,1,1,two year,mailed check,84.35,3858.05,0.0
1839-FBNFR,f,0,1,1,39,1.0,no,0,0,0,two year,bank transfer (automatic),19.85,854.8,0.0
3164-AALRN,m,0,0,0,5,1.0,dsl,0,0,1,one year,mailed check,70.0,347.4,1.0
3071-MVJCD,m,0,1,1,72,1.0,dsl,1,1,1,two year,bank transfer (automatic),82.3,5815.15,0.0
1697-BCSHV,f,0,1,1,58,1.0,dsl,0,0,1,month-to-month,bank transfer (automatic),66.8,3970.4,0.0
0562-KBDVM,f,0,0,0,70,1.0,dsl,1,1,0,two year,bank transfer (automatic),44.6,3058.15,0.0
1131-SUEKT,m,0,1,1,61,1.0,fiber optic,0,1,1,one year,bank transfer (automatic),98.45,6145.2,0.0
3717-OEAUQ,m,0,0,0,2,1.0,fiber optic,0,0,0,month-to-month,mailed check,70.7,129.2,0.0
4538-WNTMJ,f,0,1,1,46,1.0,no,0,0,0,one year,mailed check,24.95,1165.9,0.0
3334-CTHOL,f,0,0,0,1,1.0,dsl,0,0,0,month-to-month,bank transfer (automatic),49.95,49.95,1.0
4704-ERYFC,f,0,1,0,22,1.0,fiber optic,0,0,0,month-to-month,electronic check,69.25,1554.0,1.0
9432-RUVSL,f,0,0,0,48,1.0,fiber optic,1,1,1,two year,credit card (automatic),102.5,4904.25,0.0
8060-HIWJJ,m,0,0,0,64,1.0,dsl,0,1,1,two year,credit card (automatic),86.55,5632.55,0.0
7684-XSZIY,m,0,1,1,72,1.0,no,0,0,0,two year,bank transfer (automatic),24.3,1643.25,0.0
9089-UOWJG,f,0,1,1,12,1.0,dsl,0,0,1,month-to-month,credit card (automatic),58.35,740.55,0.0
8621-MNIHH,f,1,1,0,34,1.0,fiber optic,0,0,0,month-to-month,electronic check,94.25,3217.55,1.0
8039-ACLPL,f,0,1,1,72,1.0,dsl,1,0,0,two year,credit card (automatic),68.75,4888.2,0.0
9885-AIBVB,m,0,1,0,29,1.0,fiber optic,0,0,0,month-to-month,electronic check,85.8,2440.25,0.0
1934-MKPXS,m,0,1,1,33,1.0,no,0,0,0,one year,credit card (automatic),20.1,620.55,0.0
2592-YKDIF,f,0,0,0,1,1.0,no,0,0,0,month-to-month,mailed check,20.35,20.35,0.0
2272-JKMSI,f,0,1,1,62,1.0,fiber optic,0,1,1,one year,electronic check,110.8,6840.95,0.0
0471-LVHGK,m,0,1,0,41,1.0,dsl,0,0,1,one year,electronic check,73.0,3001.2,1.0
9518-RWHZL,f,0,0,0,64,1.0,fiber optic,0,0,1,one year,credit card (automatic),100.05,6254.2,1.0
8714-CTZJW,f,0,0,0,4,1.0,fiber optic,0,0,0,month-to-month,credit card (automatic),82.85,319.6,0.0
3569-EDBPQ,f,0,0,0,24,1.0,fiber optic,1,1,0,month-to-month,electronic check,84.35,1938.05,0.0
3131-NWVFJ,f,0,1,1,14,1.0,no,0,0,0,one year,mailed check,19.55,294.5,0.0
7521-YXVZY,m,0,0,1,3,1.0,no,0,0,0,month-to-month,mailed check,19.95,58.3,0.0
5419-CONWX,f,1,0,0,4,1.0,fiber optic,0,0,1,month-to-month,credit card (automatic),99.8,442.85,1.0
6240-EURKS,f,0,0,1,18,1.0,dsl,0,0,0,month-to-month,electronic check,35.0,553.0,1.0
2373-NTKOD,m,0,0,0,8,1.0,dsl,0,0,1,month-to-month,electronic check,66.25,546.45,0.0
1970-KKFWL,f,0,0,0,35,1.0,no,0,0,0,two year,bank transfer (automatic),23.3,797.1,0.0
6960-HVYXR,f,0,0,0,1,1.0,fiber optic,0,0,0,month-to-month,electronic check,76.0,76.0,1.0
9337-SRRNI,m,0,0,1,66,1.0,no,0,0,0,two year,credit card (automatic),25.3,1673.8,0.0
0895-UADGO,m,0,0,1,8,1.0,dsl,1,1,0,two year,mailed check,44.55,343.45,0.0
5678-VFNEQ,f,0,1,0,71,1.0,fiber optic,1,0,1,one year,credit card (automatic),104.1,7412.25,0.0
5977-CKHON,f,0,1,1,43,1.0,fiber optic,0,0,0,month-to-month,bank transfer (automatic),92.55,4039.0,0.0
7024-OHCCK,f,1,0,0,2,1.0,fiber optic,0,0,1,month-to-month,electronic check,93.85,170.85,1.0
2692-BUCFV,m,1,0,0,29,1.0,fiber optic,0,0,1,month-to-month,bank transfer (automatic),101.45,2948.6,0.0
7861-UVUFT,f,0,1,0,15,1.0,fiber optic,0,0,1,month-to-month,electronic check,84.3,1308.4,1.0
1830-GGFNM,m,0,1,1,65,1.0,fiber optic,1,1,0,two year,credit card (automatic),94.55,6078.75,0.0
5302-BDJNT,m,0,0,0,35,1.0,fiber optic,0,1,1,month-to-month,electronic check,95.5,3418.2,0.0
5223-UZAVK,m,0,0,0,64,1.0,fiber optic,1,0,1,one year,credit card (automatic),100.3,6603.8,0.0
4859-ZSRDZ,f,0,1,1,58,1.0,dsl,0,1,1,two year,credit card (automatic),55.5,3166.9,0.0
5651-WYIPH,f,1,0,0,18,1.0,dsl,0,0,0,month-to-month,credit card (automatic),49.85,865.75,0.0
9350-VLHMB,m,0,1,1,67,1.0,fiber optic,0,0,0,month-to-month,bank transfer (automatic),89.55,6373.1,0.0
3498-LZGQZ,m,0,1,1,63,1.0,no,0,0,0,two year,mailed check,19.15,1177.05,0.0
8785-CJSHH,f,0,1,0,60,1.0,fiber optic,0,0,1,month-to-month,electronic check,99.8,5985.75,0.0
5357-TZHPP,m,1,0,0,9,1.0,fiber optic,0,0,0,month-to-month,credit card (automatic),84.4,732.5,1.0
3870-SPZSI,f,0,1,1,70,1.0,fiber optic,1,1,1,two year,credit card (automatic),113.05,7869.05,0.0
0680-DFNNY,m,0,1,0,15,1.0,fiber optic,0,0,1,month-to-month,electronic check,101.1,1504.05,1.0
7560-QRBXH,f,0,0,1,48,1.0,no,0,0,0,one year,mailed check,19.95,936.7,0.0
7077-XJMET,m,0,1,0,12,1.0,dsl,0,1,1,month-to-month,electronic check,74.15,741.4,0.0
8752-GHJFU,m,1,1,0,71,1.0,fiber optic,1,1,0,one year,electronic check,92.0,6585.2,0.0
6896-SRVYQ,m,1,0,0,44,1.0,fiber optic,0,0,0,month-to-month,electronic check,73.85,3122.4,0.0
7767-UXAGJ,m,0,0,0,1,1.0,dsl,0,0,0,month-to-month,electronic check,50.45,50.45,1.0
4652-ODEVH,m,0,1,1,45,1.0,no,0,0,0,two year,mailed check,24.45,1088.25,0.0
6510-UPNKS,f,0,0,0,23,1.0,no,0,0,0,one year,credit card (automatic),24.8,615.35,0.0
6718-BDGHG,f,0,1,0,43,1.0,dsl,0,1,1,one year,bank transfer (automatic),64.85,2908.2,0.0
9046-DQMTP,m,0,0,0,35,1.0,no,0,0,0,month-to-month,bank transfer (automatic),20.75,739.9,0.0
6439-LAJXL,m,0,1,0,9,1.0,dsl,1,1,1,month-to-month,mailed check,68.95,593.85,0.0
1571-SAVHK,m,0,0,0,12,1.0,fiber optic,0,1,1,month-to-month,mailed check,99.95,1132.75,1.0
9052-VKDUW,f,1,1,0,65,1.0,fiber optic,1,0,1,month-to-month,credit card (automatic),109.4,7227.45,0.0
9546-CQJSU,f,0,0,0,2,1.0,fiber optic,0,0,1,month-to-month,electronic check,91.4,193.6,1.0
1666-JZPZT,m,0,0,0,27,1.0,dsl,0,0,0,month-to-month,mailed check,49.0,1291.35,0.0
5777-KJIRB,f,0,0,0,40,1.0,dsl,0,0,0,one year,mailed check,50.25,2023.55,0.0
0506-LVNGN,f,1,0,0,5,1.0,fiber optic,0,0,0,month-to-month,credit card (automatic),75.55,349.65,1.0
7677-SJJJK,m,0,1,1,8,1.0,no,0,0,0,one year,credit card (automatic),19.9,153.95,0.0
2480-EJWYP,f,1,1,0,58,1.0,fiber optic,0,0,1,one year,bank transfer (automatic),97.8,5458.8,0.0
3253-HKOKL,f,0,1,1,52,1.0,fiber optic,1,0,1,one year,electronic check,100.3,5244.45,0.0
7055-HNEOJ,m,0,1,0,3,1.0,dsl,0,1,0,month-to-month,mailed check,55.8,154.55,0.0
5514-YQENT,m,0,0,1,41,1.0,fiber optic,1,1,1,two year,electronic check,111.15,4507.15,0.0
3211-AAPKX,m,0,0,0,20,1.0,fiber optic,0,1,1,month-to-month,mailed check,98.55,2031.95,0.0
8445-DNBAE,m,0,0,1,1,1.0,dsl,0,0,0,month-to-month,electronic check,50.05,50.05,0.0
2951-QOQTK,m,0,0,1,4,1.0,fiber optic,0,1,0,month-to-month,credit card (automatic),80.8,332.45,1.0
2958-NHPPS,m,0,0,0,23,1.0,no,0,0,0,month-to-month,electronic check,20.85,473.9,0.0
6806-YDEUL,f,1,0,0,6,1.0,no,0,0,0,month-to-month,bank transfer (automatic),19.5,106.8,0.0
1735-XMJVH,m,0,1,1,8,1.0,no,0,0,0,month-to-month,mailed check,19.35,152.6,0.0
6890-PFRQX,m,0,0,0,18,1.0,dsl,1,0,1,month-to-month,mailed check,69.5,1199.4,0.0
0222-CNVPT,m,1,0,0,52,1.0,dsl,1,0,1,month-to-month,credit card (automatic),48.8,2555.05,0.0
5899-OUVKV,m,0,0,0,31,1.0,fiber optic,0,0,1,month-to-month,electronic check,94.5,2979.2,0.0
8681-ICONS,m,0,1,1,29,1.0,no,0,0,0,month-to-month,mailed check,20.65,654.85,0.0
1621-YNCJH,f,0,1,0,36,1.0,fiber optic,1,1,0,two year,credit card (automatic),106.05,3834.4,0.0
3473-XIIIT,f,0,1,0,16,1.0,fiber optic,0,0,1,month-to-month,electronic check,100.0,1534.75,1.0
6362-QHAFM,m,0,1,0,42,1.0,fiber optic,0,1,1,one year,electronic check,108.3,4586.15,0.0
7893-IXHRQ,m,0,0,0,1,1.0,no,0,0,0,month-to-month,electronic check,20.55,20.55,1.0
3070-BDOQC,f,0,0,0,60,1.0,fiber optic,0,0,1,two year,electronic check,99.65,5941.05,0.0
2952-QAYZF,m,0,0,0,5,1.0,fiber optic,0,0,0,month-to-month,electronic check,85.3,424.15,1.0
6234-PFPXL,m,0,1,0,22,1.0,fiber optic,1,1,1,month-to-month,credit card (automatic),95.9,2234.95,0.0
9824-QCJPK,m,0,1,0,36,1.0,no,0,0,0,one year,mailed check,20.0,666.75,0.0
4763-PGDPO,f,0,0,0,4,1.0,fiber optic,0,0,0,month-to-month,electronic check,70.4,281.0,1.0
4283-IVYCI,m,0,0,0,9,1.0,dsl,1,1,0,month-to-month,mailed check,64.95,547.8,0.0
1866-OBPNR,m,0,1,1,1,1.0,fiber optic,0,0,0,month-to-month,credit card (automatic),74.6,74.6,0.0
8205-MQUGY,m,0,1,1,12,1.0,dsl,1,0,0,month-to-month,electronic check,49.2,571.15,0.0
8970-ANWXO,f,0,0,0,23,1.0,dsl,0,1,1,one year,mailed check,73.75,1756.6,0.0
9480-BQJEI,m,0,0,0,62,1.0,fiber optic,1,0,0,one year,bank transfer (automatic),92.3,5731.45,0.0
5394-SVGJV,m,0,0,0,37,1.0,fiber optic,0,1,1,month-to-month,bank transfer (automatic),98.8,3475.55,1.0
6979-TNDEU,f,0,0,0,8,1.0,no,0,0,0,month-to-month,mailed check,19.2,156.85,0.0
9777-WJJPR,m,0,1,0,31,1.0,fiber optic,0,0,1,month-to-month,credit card (automatic),88.65,2683.2,0.0
9283-LZQOH,m,0,1,1,13,1.0,fiber optic,0,0,0,month-to-month,credit card (automatic),74.4,896.75,1.0
7079-QRCBC,f,0,0,0,24,1.0,fiber optic,0,0,1,month-to-month,electronic check,98.75,2407.3,1.0
9495-SKLKD,m,0,1,1,45,1.0,fiber optic,0,0,0,month-to-month,bank transfer (automatic),95.95,4456.65,0.0
6048-UWKAL,f,1,1,0,69,1.0,fiber optic,0,1,1,two year,credit card (automatic),105.4,6998.95,0.0
5067-DGXLL,m,0,0,0,2,1.0,no,0,0,0,month-to-month,mailed check,20.25,36.8,0.0
5469-CTCWN,m,0,1,1,61,1.0,fiber optic,1,0,1,one year,electronic check,106.0,6547.7,1.0
9851-QXEEQ,m,0,0,0,41,1.0,fiber optic,0,0,1,month-to-month,electronic check,104.7,4346.4,1.0
6281-FKEWS,f,0,0,0,44,1.0,dsl,0,0,1,one year,electronic check,49.05,2265.0,0.0
8898-KASCD,m,0,0,0,39,1.0,dsl,0,1,0,one year,mailed check,35.55,1309.15,0.0
9242-TKFSV,m,0,1,1,72,1.0,dsl,1,1,1,two year,credit card (automatic),65.1,4754.3,0.0
9290-SHCMB,f,1,0,0,13,1.0,fiber optic,0,0,1,month-to-month,electronic check,96.85,1235.55,0.0
0743-HNPFG,f,0,1,1,51,1.0,dsl,1,1,0,one year,credit card (automatic),69.75,3562.5,0.0
2277-BKJKN,f,1,1,0,71,1.0,fiber optic,0,0,1,two year,electronic check,99.2,7213.75,0.0
9809-IMGCQ,m,1,0,0,22,1.0,fiber optic,0,0,1,month-to-month,electronic check,96.7,2082.95,1.0
5208-HFSBT,f,0,0,0,2,1.0,dsl,0,1,0,month-to-month,credit card (automatic),55.05,102.75,1.0
5035-PGZXH,f,0,0,0,56,1.0,fiber optic,0,0,1,one year,electronic check,106.8,5914.4,0.0
8695-WDYEA,m,0,0,0,1,1.0,dsl,1,0,0,month-to-month,mailed check,51.25,51.25,0.0
6543-JXSOO,f,0,1,1,23,1.0,dsl,1,1,0,one year,mailed check,57.75,1282.85,0.0
8016-ZMGMO,f,1,1,0,66,1.0,dsl,0,0,1,one year,bank transfer (automatic),70.85,4738.85,0.0
8605-ITULD,f,0,0,0,1,1.0,no,0,0,0,month-to-month,mailed check,19.55,19.55,0.0
3254-YRILK,m,1,0,0,19,1.0,fiber optic,0,0,1,month-to-month,electronic check,88.2,1775.8,1.0
6416-YJTTB,m,0,0,0,11,1.0,fiber optic,1,0,0,month-to-month,bank transfer (automatic),79.5,795.65,0.0
2667-WYLWJ,f,0,1,1,8,1.0,no,0,0,0,one year,mailed check,19.75,145.0,1.0
4472-VESGY,f,0,1,1,52,1.0,fiber optic,1,0,0,month-to-month,bank transfer (automatic),98.15,4993.4,0.0
3195-TQDZX,m,0,0,0,3,1.0,no,0,0,0,month-to-month,electronic check,20.25,61.45,0.0
3128-YOVTD,f,0,1,1,51,1.0,fiber optic,1,0,0,month-to-month,bank transfer (automatic),79.15,4018.55,0.0
0529-ONKER,m,1,0,0,15,1.0,fiber optic,0,0,0,month-to-month,electronic check,75.65,1146.65,1.0
1728-CXQBE,m,1,1,0,64,1.0,fiber optic,0,0,0,month-to-month,electronic check,94.25,6081.4,0.0
7041-TXQJH,f,0,0,0,37,1.0,dsl,0,0,0,month-to-month,credit card (automatic),40.2,1478.85,0.0
5014-GSOUQ,m,0,0,0,13,1.0,no,0,0,0,two year,mailed check,19.95,243.65,0.0
5724-BIDBU,m,0,1,0,49,1.0,dsl,1,0,0,one year,electronic check,55.35,2633.95,0.0
0481-SUMCB,f,1,0,0,45,1.0,fiber optic,0,0,1,one year,bank transfer (automatic),102.15,4735.35,0.0
1769-GRUIK,f,0,0,0,18,1.0,fiber optic,0,0,0,month-to-month,electronic check,71.1,1247.75,0.0
5240-IJOQT,m,1,0,0,1,1.0,fiber optic,0,0,0,month-to-month,electronic check,74.7,74.7,1.0
8819-WFGGJ,m,0,1,0,68,1.0,dsl,1,0,1,two year,bank transfer (automatic),54.1,3794.5,0.0
7427-AUFPY,m,0,0,0,54,1.0,no,0,0,0,two year,credit card (automatic),19.65,1008.7,0.0
2811-POVEX,f,1,1,1,23,1.0,fiber optic,0,0,0,month-to-month,bank transfer (automatic),88.45,2130.55,0.0
1092-GANHU,m,0,0,0,17,1.0,fiber optic,0,0,0,month-to-month,electronic check,76.65,1313.55,1.0
7898-PDWQE,m,0,1,0,71,1.0,dsl,1,1,0,two year,credit card (automatic),80.4,5727.15,0.0
9972-EWRJS,f,0,1,1,67,1.0,no,0,0,0,two year,bank transfer (automatic),19.25,1372.9,0.0
9314-IJWSQ,f,0,1,1,14,1.0,fiber optic,0,0,1,month-to-month,electronic check,84.8,1203.9,0.0
0661-XEYAN,f,1,0,0,1,1.0,dsl,0,0,0,month-to-month,mailed check,25.8,25.8,1.0
5799-JRCZO,f,0,0,1,63,1.0,no,0,0,0,two year,credit card (automatic),19.5,1215.1,0.0
1921-KYSAY,f,0,0,0,41,1.0,dsl,0,1,0,one year,electronic check,68.6,2877.05,0.0
6198-RTPMF,f,0,1,0,17,1.0,fiber optic,0,0,1,month-to-month,electronic check,92.6,1579.7,0.0
2924-KHUVI,m,0,1,0,56,1.0,fiber optic,1,0,1,one year,electronic check,100.55,5514.95,0.0
1925-GMVBW,f,0,0,0,5,1.0,no,0,0,0,month-to-month,credit card (automatic),20.55,96.1,0.0
7881-EVUAD,f,0,0,0,2,1.0,dsl,1,0,0,month-to-month,electronic check,42.6,72.4,1.0
6184-DYUOB,f,0,1,0,3,1.0,no,0,0,0,month-to-month,mailed check,19.6,55.25,0.0
9207-ZPANB,m,0,0,0,37,1.0,dsl,1,1,0,one year,electronic check,67.45,2443.3,0.0
5766-XQXMQ,f,0,0,0,29,1.0,dsl,1,0,0,month-to-month,bank transfer (automatic),68.85,1970.5,1.0
9327-QSDED,m,0,0,0,8,1.0,dsl,0,0,0,month-to-month,mailed check,43.55,335.4,0.0
1656-DRSMG,f,0,0,0,63,1.0,fiber optic,0,1,1,month-to-month,credit card (automatic),109.85,7002.95,0.0
3012-VFFMN,f,0,1,1,7,1.0,no,0,0,0,month-to-month,mailed check,20.65,158.95,0.0
2984-AFWNC,f,0,0,0,3,1.0,fiber optic,0,0,1,month-to-month,electronic check,95.4,293.15,0.0
0640-YJTPY,m,0,1,1,72,1.0,no,0,0,0,two year,bank transfer (automatic),21.0,1493.75,0.0
8096-LOIST,f,0,0,0,19,1.0,dsl,0,0,0,month-to-month,electronic check,56.2,1093.4,0.0
9764-REAFF,f,0,1,0,59,1.0,no,0,0,0,two year,bank transfer (automatic),18.4,1057.85,0.0
3703-VAVCL,m,0,1,1,2,1.0,fiber optic,0,1,0,month-to-month,credit card (automatic),90.0,190.05,1.0
7107-UBYKY,f,0,1,1,35,1.0,no,0,0,0,month-to-month,electronic check,25.75,882.55,0.0
4881-GQJTW,m,0,0,0,14,1.0,no,0,0,0,month-to-month,credit card (automatic),19.6,300.4,0.0
8519-QJGJD,f,0,0,0,14,1.0,fiber optic,0,0,0,month-to-month,electronic check,75.35,1025.95,1.0
7876-DNYAP,f,0,1,1,69,1.0,no,0,0,0,two year,credit card (automatic),19.8,1436.95,0.0
7905-NJMXS,m,1,1,0,7,1.0,dsl,1,1,0,month-to-month,electronic check,64.2,475.0,0.0
2882-WDTBA,m,0,1,1,69,1.0,dsl,1,1,1,two year,bank transfer (automatic),75.75,5388.15,0.0
2091-GPPIQ,f,0,1,1,72,1.0,dsl,0,1,1,two year,electronic check,78.95,5730.15,0.0
6326-MTTXK,m,0,0,0,8,1.0,fiber optic,0,0,1,month-to-month,electronic check,100.85,819.55,1.0
5071-FBJFS,f,0,1,1,4,1.0,dsl,1,0,0,month-to-month,electronic check,50.3,217.1,0.0
2796-UUZZO,m,0,1,1,63,1.0,fiber optic,0,0,0,month-to-month,credit card (automatic),80.3,4896.35,0.0
2429-AYKKO,m,0,0,0,72,1.0,no,0,0,0,two year,bank transfer (automatic),19.85,1434.1,0.0
9798-OPFEM,f,0,0,0,46,1.0,no,0,0,0,two year,electronic check,21.1,937.1,0.0
0330-IVZHA,f,0,1,0,5,1.0,fiber optic,0,0,0,month-to-month,electronic check,69.95,330.15,1.0
3794-NFNCH,m,0,1,0,30,1.0,dsl,0,0,0,month-to-month,mailed check,50.0,1474.9,0.0
5193-QLVZB,m,0,0,0,63,1.0,fiber optic,0,0,1,two year,bank transfer (automatic),104.75,6536.5,0.0
7114-AEOZE,f,0,0,0,60,1.0,no,0,0,0,two year,bank transfer (automatic),19.85,1128.1,0.0
2886-KEFUM,f,0,1,0,63,1.0,fiber optic,0,0,1,one year,electronic check,107.5,6873.75,1.0
5522-NYKPB,m,0,1,1,25,1.0,fiber optic,0,1,1,month-to-month,electronic check,85.9,2199.05,0.0
4237-RLAQD,m,0,0,0,1,1.0,dsl,0,0,0,month-to-month,mailed check,45.85,45.85,1.0
9957-YODKZ,m,1,1,0,6,1.0,fiber optic,0,0,0,month-to-month,electronic check,80.8,457.1,0.0
6518-KZXCB,m,0,0,0,22,1.0,no,0,0,0,two year,mailed check,25.25,566.5,0.0
2245-ADZFJ,f,0,1,1,31,1.0,dsl,0,1,1,two year,bank transfer (automatic),80.55,2471.6,0.0
7776-QGYJC,f,0,1,1,39,1.0,fiber optic,0,1,0,month-to-month,bank transfer (automatic),81.5,3107.3,0.0
9313-QOLTZ,m,0,0,0,26,1.0,no,0,0,0,month-to-month,mailed check,20.9,518.3,0.0
9651-GTSAQ,f,0,1,0,53,1.0,fiber optic,1,0,1,one year,bank transfer (automatic),106.1,5769.75,1.0
3186-BAXNB,f,0,0,0,1,1.0,fiber optic,0,1,1,month-to-month,electronic check,91.7,91.7,1.0
4672-FOTSD,m,0,0,0,12,1.0,dsl,1,1,0,month-to-month,electronic check,67.25,832.3,0.0
0637-YLETY,f,0,0,0,16,1.0,fiber optic,0,0,0,month-to-month,credit card (automatic),95.6,1555.65,1.0
9818-XQCUV,f,0,0,0,2,1.0,no,0,0,0,month-to-month,mailed check,20.35,45.3,0.0
7338-ERIVA,m,0,0,1,39,1.0,dsl,1,1,1,one year,bank transfer (automatic),45.05,1790.6,0.0
1157-BQCUW,m,0,0,0,1,1.0,fiber optic,0,0,0,month-to-month,electronic check,74.95,74.95,1.0
8259-NFJTV,f,0,1,1,7,1.0,dsl,1,1,0,month-to-month,mailed check,34.65,246.6,0.0
3223-DWFIO,m,1,0,0,4,1.0,fiber optic,0,0,0,month-to-month,electronic check,69.35,261.65,0.0
2660-EMUBI,m,1,0,0,10,1.0,fiber optic,0,0,1,month-to-month,electronic check,95.35,898.35,1.0
6968-GMKPR,f,0,0,0,55,1.0,fiber optic,0,0,0,month-to-month,electronic check,81.55,4509.5,0.0
4751-ERMAN,m,0,1,1,72,1.0,dsl,0,0,1,two year,bank transfer (automatic),75.4,5480.25,0.0
1436-ZMJAN,f,0,1,0,10,1.0,dsl,0,0,1,month-to-month,credit card (automatic),67.8,653.15,0.0
3292-PBZEJ,m,1,0,0,11,1.0,fiber optic,0,1,1,month-to-month,electronic check,111.4,1183.05,0.0
0799-DDIHE,f,0,1,1,15,1.0,dsl,0,0,0,month-to-month,electronic check,46.3,639.45,0.0
3070-FNFZQ,f,0,1,1,23,1.0,no,0,0,0,two year,bank transfer (automatic),20.4,478.75,0.0
2812-SFXMJ,m,0,0,1,1,1.0,no,0,0,0,month-to-month,mailed check,20.05,20.05,0.0
7675-OZCZG,f,1,0,0,3,1.0,dsl,0,0,0,month-to-month,electronic check,45.0,127.1,1.0
5014-WUQMG,m,0,1,1,47,1.0,fiber optic,1,0,0,one year,electronic check,96.1,4391.45,0.0
5312-TSZVC,f,0,0,1,15,1.0,no,0,0,0,one year,mailed check,19.65,270.6,0.0
2003-CKLOR,m,0,0,0,66,1.0,fiber optic,0,0,1,month-to-month,electronic check,99.5,6710.5,1.0
0993-OSGPT,f,1,1,0,68,1.0,dsl,0,1,0,one year,bank transfer (automatic),60.65,3975.9,0.0
9254-RBFON,f,0,1,1,17,1.0,fiber optic,0,1,1,one year,bank transfer (automatic),98.6,1704.95,1.0
1205-WNWPJ,f,0,0,0,7,1.0,dsl,0,1,1,month-to-month,mailed check,59.5,415.95,1.0
9391-EOYLI,m,1,1,0,12,1.0,fiber optic,0,0,0,month-to-month,electronic check,80.45,950.2,1.0
7108-DGVUU,f,1,1,0,21,1.0,dsl,0,0,0,one year,bank transfer (automatic),71.7,1497.05,0.0
2782-JEEBU,m,0,0,0,21,1.0,dsl,0,1,0,month-to-month,mailed check,36.0,780.15,0.0
5127-BZENZ,f,0,1,1,56,1.0,dsl,1,0,1,one year,bank transfer (automatic),65.2,3512.15,0.0
2720-FVBQP,f,0,1,1,6,1.0,dsl,0,0,0,month-to-month,credit card (automatic),48.95,273.25,0.0
9906-NHHVC,f,1,0,0,65,1.0,dsl,0,0,1,two year,bank transfer (automatic),53.5,3517.9,0.0
4522-XRWWI,m,0,1,0,42,1.0,dsl,1,1,1,one year,credit card (automatic),80.45,3375.9,0.0
3766-EJLFL,f,0,1,1,68,1.0,fiber optic,1,1,1,two year,bank transfer (automatic),109.05,7508.55,0.0
5939-SXWHM,m,0,1,1,48,1.0,no,0,0,0,two year,bank transfer (automatic),26.3,1245.05,0.0
8152-UOBNY,f,1,0,0,50,1.0,fiber optic,0,1,1,one year,electronic check,106.8,5347.95,0.0
7351-KYHQH,f,1,0,0,7,1.0,dsl,0,0,1,month-to-month,electronic check,64.95,493.65,0.0
7643-RCHXS,f,0,1,1,63,1.0,no,0,0,0,two year,electronic check,19.35,1263.85,0.0
8246-SHFGA,m,0,0,0,17,1.0,no,0,0,0,month-to-month,credit card (automatic),21.1,385.55,0.0
8387-MOJJT,f,0,1,1,42,1.0,fiber optic,0,0,1,month-to-month,credit card (automatic),77.95,3384.0,1.0
0620-XEFWH,m,0,1,1,4,1.0,no,0,0,0,month-to-month,mailed check,18.85,84.2,0.0
6485-QXWWE,f,0,0,1,62,1.0,no,0,0,0,two year,bank transfer (automatic),26.0,1638.7,0.0
2761-OCIAX,m,1,0,0,2,1.0,fiber optic,0,0,0,month-to-month,electronic check,74.7,165.4,1.0
7321-VGNKU,f,0,1,0,2,1.0,fiber optic,0,0,0,month-to-month,electronic check,70.35,120.25,0.0
5327-CNLUQ,m,0,1,0,48,1.0,fiber optic,1,0,1,two year,bank transfer (automatic),96.9,4473.45,0.0
7552-KEYGT,m,0,1,0,27,1.0,no,0,0,0,two year,bank transfer (automatic),19.55,520.55,0.0
5816-JMLGY,f,0,1,1,70,1.0,dsl,0,1,1,two year,bank transfer (automatic),80.4,5717.85,0.0
3068-OMWZA,m,1,0,0,1,1.0,fiber optic,0,0,1,month-to-month,electronic check,88.8,88.8,1.0
2927-QRRQV,m,0,1,0,46,1.0,fiber optic,0,0,1,one year,electronic check,94.65,4312.5,0.0
6032-KRXXO,m,0,0,0,30,1.0,fiber optic,0,0,1,month-to-month,electronic check,90.25,2755.35,1.0
7459-RRWQZ,f,0,0,0,15,1.0,dsl,1,0,0,month-to-month,bank transfer (automatic),64.65,994.55,1.0
6265-SXWBU,m,0,1,1,69,1.0,fiber optic,0,0,1,one year,credit card (automatic),95.75,6511.25,0.0
7941-RCJOW,m,0,0,0,65,1.0,no,0,0,0,two year,credit card (automatic),19.55,1218.65,0.0
6374-NTQLP,m,1,1,1,72,1.0,fiber optic,1,1,1,two year,credit card (automatic),104.1,7447.7,0.0
4154-AQUGT,m,1,1,0,13,1.0,fiber optic,0,1,0,month-to-month,bank transfer (automatic),89.05,1169.35,1.0
2387-KDZQY,m,0,0,0,17,1.0,no,0,0,0,one year,mailed check,20.1,279.5,0.0
3584-WKTTW,m,0,1,0,51,1.0,fiber optic,1,1,1,one year,electronic check,111.55,5720.35,0.0
3399-BMLVW,m,0,1,1,51,1.0,dsl,1,1,0,two year,credit card (automatic),60.5,3121.45,0.0
1971-DTCZB,f,0,1,0,72,1.0,dsl,1,1,1,two year,bank transfer (automatic),90.95,6468.6,0.0
3092-IGHWF,m,0,1,1,67,1.0,fiber optic,0,0,0,one year,electronic check,87.4,5918.8,1.0
3374-PZLXD,m,0,0,0,34,1.0,no,0,0,0,month-to-month,mailed check,19.7,675.6,0.0
3813-DHBBB,m,0,1,0,67,1.0,dsl,1,1,0,two year,bank transfer (automatic),50.95,3521.7,0.0
2812-REYAT,f,0,1,0,49,1.0,no,0,0,0,one year,bank transfer (automatic),20.05,923.1,0.0
6518-PPLMZ,m,0,1,1,53,1.0,no,0,0,0,two year,mailed check,19.4,1110.35,0.0
4939-KYYPY,m,0,0,0,27,1.0,dsl,0,1,0,month-to-month,electronic check,59.45,1611.65,0.0
8017-LXHFA,f,1,0,0,23,1.0,fiber optic,0,0,1,month-to-month,electronic check,94.75,2293.6,1.0
5930-GBIWP,m,0,0,0,69,1.0,dsl,1,1,0,two year,credit card (automatic),81.5,5553.25,0.0
6022-KOUQO,f,0,1,1,2,1.0,dsl,0,1,0,month-to-month,bank transfer (automatic),29.05,44.75,0.0
6352-TWCAU,f,0,0,0,35,1.0,fiber optic,0,0,1,month-to-month,electronic check,86.45,3029.1,1.0
2361-UPSND,f,0,1,0,46,1.0,dsl,1,1,0,one year,mailed check,70.6,3231.05,0.0
6035-RIIOM,f,0,0,0,54,1.0,fiber optic,0,0,1,two year,bank transfer (automatic),97.2,5129.45,0.0
2929-QNSRW,f,0,1,0,56,1.0,fiber optic,0,0,1,one year,electronic check,98.25,5508.35,1.0
1262-OPMFY,f,0,1,0,9,1.0,fiber optic,0,0,0,month-to-month,bank transfer (automatic),75.75,655.9,1.0
9504-DSHWM,m,0,0,0,20,1.0,dsl,1,1,0,month-to-month,bank transfer (automatic),59.2,1191.2,0.0
5035-BVCXS,m,0,0,0,11,1.0,fiber optic,0,0,0,month-to-month,mailed check,75.9,866.4,0.0
6267-DCFFZ,f,1,1,0,30,1.0,fiber optic,0,0,1,month-to-month,electronic check,90.05,2627.2,0.0
3533-UVMOM,m,0,1,0,68,1.0,dsl,1,0,0,two year,bank transfer (automatic),70.95,4741.45,0.0
2439-LYPMQ,m,1,1,0,38,1.0,fiber optic,0,0,1,month-to-month,electronic check,102.6,4009.2,0.0
4248-QPAVC,f,1,1,0,17,1.0,fiber optic,1,0,0,month-to-month,bank transfer (automatic),85.35,1463.45,1.0
1899-VXWXM,m,0,0,0,48,1.0,fiber optic,0,0,1,one year,credit card (automatic),106.1,5082.8,1.0
1478-VPOAD,f,0,0,0,1,1.0,dsl,0,0,0,month-to-month,electronic check,43.8,43.8,0.0
9995-HOTOH,m,0,1,1,63,1.0,dsl,1,0,1,two year,electronic check,59.0,3707.6,0.0
2988-PLAHS,f,0,0,0,3,1.0,dsl,0,0,1,one year,electronic check,69.95,220.45,0.0
1371-OJCEK,f,0,0,0,48,1.0,no,0,0,0,one year,bank transfer (automatic),24.35,1133.7,0.0
4999-IEZLT,m,0,0,0,66,1.0,dsl,0,1,0,one year,credit card (automatic),29.45,1983.15,0.0
8883-ANODQ,f,0,1,1,68,1.0,fiber optic,0,0,0,two year,credit card (automatic),84.4,5746.75,0.0
4690-LLKUA,m,1,0,0,17,1.0,dsl,0,0,0,month-to-month,electronic check,45.05,770.6,1.0
2351-RRBUE,f,0,1,1,7,1.0,no,0,0,0,one year,mailed check,20.65,134.05,0.0
5980-BDHPY,m,0,1,0,72,1.0,dsl,1,1,1,two year,bank transfer (automatic),87.1,6230.1,0.0
1498-DQNRX,f,0,1,0,29,1.0,no,0,0,0,month-to-month,mailed check,19.85,573.05,0.0
9469-WEJBT,m,0,1,0,37,1.0,fiber optic,0,1,0,month-to-month,electronic check,90.35,3419.3,0.0
3331-HQDTW,f,0,0,0,34,1.0,fiber optic,1,0,1,month-to-month,mailed check,109.8,3587.25,1.0
9490-DFPMD,f,1,0,0,42,1.0,fiber optic,0,0,1,month-to-month,electronic check,84.65,3541.35,1.0
2581-VKIRT,f,0,1,1,59,1.0,dsl,1,1,0,one year,mailed check,65.5,3801.3,0.0
5442-XSDCW,m,0,1,1,11,1.0,fiber optic,0,0,1,month-to-month,bank transfer (automatic),79.5,868.5,1.0
7426-WEIJX,m,1,1,1,60,1.0,fiber optic,1,0,0,month-to-month,electronic check,80.95,4859.1,0.0
2851-MMUTZ,f,0,0,0,27,1.0,dsl,0,1,0,month-to-month,mailed check,56.15,1439.35,0.0
3049-NDXFL,f,0,0,0,1,1.0,fiber optic,0,0,0,month-to-month,mailed check,85.8,85.8,1.0
8580-AECUZ,m,1,0,0,1,1.0,fiber optic,0,0,1,month-to-month,electronic check,79.1,79.1,1.0
3307-TLCUD,m,0,1,0,17,0.0,dsl,1,0,0,month-to-month,mailed check,34.4,592.75,0.0
6625-FLENO,m,0,1,0,58,1.0,no,0,0,0,two year,mailed check,20.75,1185.95,0.0
2967-MXRAV,m,0,1,1,1,1.0,no,0,0,0,one year,mailed check,18.8,18.8,0.0
7963-GQRMY,f,0,1,1,3,1.0,dsl,0,0,0,month-to-month,mailed check,44.3,134.5,1.0
8189-HBVRW,f,0,0,0,53,1.0,fiber optic,1,0,0,month-to-month,electronic check,90.8,4921.2,0.0
4163-KIUHY,m,0,0,0,35,1.0,no,0,0,0,month-to-month,electronic check,25.6,901.25,0.0
1228-FZFRV,m,0,1,1,50,1.0,fiber optic,1,0,1,month-to-month,credit card (automatic),105.95,5341.8,1.0
3500-NSDOA,m,0,1,1,68,1.0,dsl,0,1,0,two year,credit card (automatic),70.8,4859.95,0.0
1171-TYKUR,m,0,1,0,47,1.0,no,0,0,0,month-to-month,electronic check,25.4,1139.2,0.0
3761-FLYZI,f,1,1,0,65,1.0,fiber optic,0,0,1,month-to-month,bank transfer (automatic),108.8,7082.45,0.0
2058-DCJBE,m,0,0,0,5,1.0,fiber optic,0,0,0,month-to-month,electronic check,69.75,324.6,1.0
5364-XYIRR,m,0,1,0,51,1.0,fiber optic,0,0,1,month-to-month,electronic check,94.65,4812.75,1.0
4829-AUOAX,f,0,0,0,46,1.0,fiber optic,0,0,1,month-to-month,bank transfer (automatic),96.05,4399.5,1.0
1219-NNDDO,f,0,0,0,9,1.0,fiber optic,0,0,0,month-to-month,electronic check,76.85,663.55,0.0
8388-DMKAE,f,0,0,0,8,1.0,no,0,0,0,two year,mailed check,20.25,174.65,0.0
4403-BWPAY,m,0,0,0,14,1.0,no,0,0,0,one year,credit card (automatic),24.8,321.7,0.0
9659-QEQSY,f,0,0,0,45,1.0,fiber optic,1,1,1,month-to-month,electronic check,115.65,5125.5,0.0
5405-ZMYXQ,f,0,0,0,8,1.0,fiber optic,0,0,0,month-to-month,credit card (automatic),74.6,548.9,0.0
5047-LHVLY,m,1,0,1,1,1.0,dsl,0,0,0,month-to-month,mailed check,50.15,50.15,1.0
1442-OKRJE,m,0,1,1,66,1.0,fiber optic,1,0,1,one year,bank transfer (automatic),103.15,7031.3,0.0
4737-AQCPU,m,0,1,1,72,1.0,dsl,1,1,0,two year,credit card (automatic),72.1,5016.65,0.0
9158-VCTQB,f,0,1,0,41,1.0,fiber optic,1,1,1,month-to-month,bank transfer (automatic),113.6,4594.95,1.0
2808-CHTDM,f,0,1,1,23,1.0,no,0,0,0,two year,mailed check,25.1,611.45,0.0
6311-UEUME,f,0,0,0,29,1.0,fiber optic,0,0,1,month-to-month,electronic check,78.9,2384.15,1.0
0793-TWELN,f,0,0,0,4,1.0,fiber optic,1,0,0,month-to-month,electronic check,80.15,319.85,0.0
3283-WCWXT,m,0,1,1,6,1.0,no,0,0,0,two year,mailed check,25.4,153.3,0.0
1060-ENTOF,f,1,1,0,67,1.0,fiber optic,1,1,0,one year,credit card (automatic),105.4,7035.6,0.0
0999-QXNSA,m,1,0,1,7,1.0,dsl,0,0,0,month-to-month,mailed check,45.75,344.2,0.0
5451-MHQOF,m,0,1,1,56,1.0,no,0,0,0,one year,mailed check,24.45,1431.65,0.0
4836-WNFNO,f,0,1,0,72,1.0,no,0,0,0,two year,credit card (automatic),25.0,1849.2,0.0
9225-BZLNZ,m,0,1,0,72,1.0,dsl,1,0,1,two year,electronic check,85.25,6083.1,0.0
0354-VXMJC,m,0,1,1,23,1.0,no,0,0,0,two year,credit card (automatic),19.6,426.65,0.0
4422-QVIJA,f,0,0,1,35,1.0,dsl,0,0,0,month-to-month,mailed check,50.15,1655.35,0.0
9365-SRSZE,m,1,1,0,27,1.0,fiber optic,0,0,0,month-to-month,electronic check,70.55,1943.9,0.0
6839-ITVZJ,f,0,1,1,26,1.0,dsl,0,1,0,month-to-month,electronic check,60.05,1616.15,1.0
8332-OSJDW,m,0,1,1,12,1.0,no,0,0,0,one year,mailed check,26.4,314.95,0.0
4735-BJKOU,f,0,0,0,40,1.0,no,0,0,0,two year,mailed check,20.15,804.85,0.0
0274-JKUJR,m,0,1,1,7,0.0,dsl,1,0,1,month-to-month,mailed check,58.85,465.7,0.0
5740-YHGTW,m,0,1,1,70,1.0,fiber optic,1,0,1,month-to-month,credit card (automatic),97.55,6669.05,0.0
8917-SZTTJ,m,0,1,1,60,1.0,no,0,0,0,two year,credit card (automatic),19.65,1161.75,0.0
1696-MZVAU,m,0,1,1,39,0.0,dsl,0,0,0,one year,credit card (automatic),25.25,947.75,0.0
7359-WWYJV,m,0,1,0,72,1.0,fiber optic,1,1,1,two year,credit card (automatic),114.45,8375.05,0.0
0375-HVGXO,f,0,0,0,1,0.0,dsl,0,0,1,month-to-month,electronic check,34.7,34.7,1.0
4906-ZHGPK,m,0,1,1,54,1.0,dsl,0,1,1,one year,electronic check,70.7,3770.0,0.0
8593-WHYHV,m,0,0,0,3,1.0,fiber optic,0,0,0,month-to-month,electronic check,85.3,264.8,1.0
3795-GWTRD,f,0,1,1,63,1.0,dsl,1,1,1,two year,credit card (automatic),75.55,4707.85,0.0
1298-PHBTI,m,0,1,1,71,1.0,fiber optic,0,1,0,two year,electronic check,84.8,6152.4,0.0
6223-DHJGV,f,0,0,0,42,1.0,no,0,0,0,one year,mailed check,20.65,958.1,0.0
6961-MJKBO,m,0,0,0,47,1.0,no,0,0,0,two year,bank transfer (automatic),20.45,943.0,0.0
6097-EQISJ,f,0,1,1,66,1.0,fiber optic,0,0,1,one year,credit card (automatic),102.45,6615.15,1.0
4423-YLHDV,f,0,1,0,21,1.0,fiber optic,1,0,1,month-to-month,bank transfer (automatic),104.4,2200.25,1.0
8158-WPEZG,m,0,0,0,11,0.0,dsl,0,1,0,month-to-month,electronic check,35.65,425.1,0.0
0107-YHINA,m,0,0,1,1,1.0,fiber optic,0,0,1,month-to-month,electronic check,99.75,99.75,1.0
4918-FYJNT,f,1,1,0,55,1.0,fiber optic,0,1,0,month-to-month,electronic check,90.45,5044.8,0.0
0727-BNRLG,m,0,0,0,69,1.0,fiber optic,0,1,1,two year,credit card (automatic),97.65,6743.55,0.0
4854-CIDCF,f,1,0,0,3,1.0,fiber optic,0,0,0,month-to-month,electronic check,73.85,196.4,0.0
8640-SDGKB,m,0,0,0,4,1.0,dsl,0,1,1,month-to-month,electronic check,74.4,299.7,1.0
3280-MRDOF,m,1,0,0,30,1.0,dsl,0,1,1,two year,credit card (automatic),69.1,2093.9,0.0
6435-SRWBJ,f,0,0,0,5,1.0,fiber optic,0,1,0,month-to-month,electronic check,82.75,417.75,0.0
9964-WBQDJ,f,0,1,0,71,1.0,no,0,0,0,two year,credit card (automatic),24.4,1725.4,0.0
6303-KFWSL,f,0,0,0,29,1.0,dsl,0,0,0,one year,electronic check,55.25,1620.2,0.0
1702-CCFNJ,m,0,1,0,52,1.0,dsl,0,1,0,month-to-month,bank transfer (automatic),61.35,3169.55,0.0
8932-CZHRQ,m,0,0,0,68,1.0,dsl,1,0,0,one year,credit card (automatic),76.75,5233.25,0.0
0386-CWRGM,f,0,1,1,46,1.0,no,0,0,0,two year,mailed check,19.4,967.85,0.0
5515-RUGKN,m,0,0,0,8,1.0,dsl,0,0,0,month-to-month,credit card (automatic),54.75,438.05,0.0
0404-AHASP,m,0,1,0,72,1.0,no,0,0,0,two year,credit card (automatic),19.7,1421.9,0.0
7279-NMVJC,f,0,0,0,17,1.0,no,0,0,0,one year,bank transfer (automatic),19.9,323.15,0.0
2081-VEYEH,m,0,0,0,3,1.0,fiber optic,0,1,1,month-to-month,electronic check,107.95,318.6,0.0
6407-UTSLV,f,1,0,0,2,1.0,fiber optic,0,0,1,month-to-month,bank transfer (automatic),83.8,163.7,0.0
4116-TZAQJ,f,0,0,0,9,1.0,fiber optic,1,0,0,month-to-month,credit card (automatic),74.25,639.65,1.0
9060-HJJRW,f,0,0,0,51,0.0,dsl,0,0,1,one year,credit card (automatic),56.4,2928.5,0.0
2587-YNLES,f,0,1,1,6,1.0,no,0,0,0,two year,mailed check,20.1,100.35,0.0
7398-SKNQZ,f,0,1,0,3,1.0,fiber optic,0,0,1,month-to-month,electronic check,94.9,273.2,0.0
5935-FCCNB,f,1,0,0,17,1.0,fiber optic,0,0,1,month-to-month,electronic check,94.2,1608.15,0.0
1958-RNRKS,m,0,1,0,30,1.0,dsl,0,0,0,month-to-month,electronic check,49.9,1441.95,0.0
5136-RGMZO,m,0,0,0,31,1.0,dsl,0,1,1,month-to-month,electronic check,71.05,2168.15,0.0
8345-MVDYC,f,0,0,0,45,1.0,dsl,1,1,1,two year,bank transfer (automatic),81.65,3618.7,0.0
8226-BXGES,m,0,1,0,64,1.0,fiber optic,1,0,0,one year,bank transfer (automatic),89.45,5692.65,0.0
3877-JRJIP,m,0,0,0,1,1.0,dsl,0,0,1,month-to-month,electronic check,59.85,59.85,1.0
8375-DKEBR,f,1,0,0,1,1.0,fiber optic,0,0,0,month-to-month,electronic check,69.6,69.6,1.0
9705-IOVQQ,m,1,1,1,61,1.0,fiber optic,0,0,1,one year,electronic check,99.0,5969.3,0.0
1015-OWJKI,m,0,0,0,1,1.0,no,0,0,0,month-to-month,mailed check,19.05,19.05,0.0
7511-YMXVQ,m,0,0,0,9,0.0,dsl,0,0,1,month-to-month,electronic check,45.4,418.8,1.0
2040-XBAVJ,m,0,1,1,72,1.0,fiber optic,1,1,1,two year,bank transfer (automatic),114.45,8100.55,0.0
7551-JOHTI,f,0,0,0,1,1.0,no,0,0,0,month-to-month,mailed check,19.5,19.5,1.0
8887-IPQNC,f,0,1,0,7,1.0,dsl,0,0,0,month-to-month,mailed check,44.25,313.45,0.0
8646-JCOMS,f,0,1,0,66,1.0,fiber optic,0,1,0,one year,bank transfer (automatic),90.55,6130.95,0.0
9804-ICWBG,m,0,0,0,1,1.0,fiber optic,0,0,0,month-to-month,electronic check,69.9,69.9,1.0
1222-KJNZD,m,0,1,1,40,1.0,no,0,0,0,month-to-month,bank transfer (automatic),20.4,745.3,0.0
0106-GHRQR,m,0,0,0,16,1.0,dsl,0,0,0,month-to-month,bank transfer (automatic),71.4,1212.1,0.0
5318-IXUZF,f,0,0,0,2,1.0,fiber optic,0,0,1,month-to-month,bank transfer (automatic),87.15,183.75,1.0
3768-VHXQO,m,0,1,0,67,1.0,no,0,0,0,two year,credit card (automatic),24.85,1583.5,0.0
8952-WCVCD,f,0,1,0,41,1.0,fiber optic,1,0,1,one year,bank transfer (automatic),104.45,4162.05,0.0
2418-TPEUN,f,0,1,1,56,1.0,no,0,0,0,two year,credit card (automatic),19.8,1119.9,0.0
3963-RYFNS,f,0,0,0,72,1.0,fiber optic,1,1,1,two year,bank transfer (automatic),116.45,8013.55,0.0
3198-VELRD,f,0,1,1,3,1.0,fiber optic,0,0,0,month-to-month,bank transfer (automatic),84.75,264.85,1.0
8540-ZQGEA,f,0,1,0,54,1.0,no,0,0,0,two year,credit card (automatic),20.05,1102.4,0.0
1320-REHCS,m,1,0,0,52,1.0,fiber optic,0,1,1,month-to-month,electronic check,110.75,5832.0,0.0
4137-JOPHL,f,0,0,0,50,1.0,fiber optic,0,1,0,two year,bank transfer (automatic),89.7,4304.5,0.0
9436-ZBZCT,m,0,0,0,14,1.0,fiber optic,0,1,1,month-to-month,electronic check,89.95,1178.4,1.0
7801-CEDNV,m,0,1,0,27,1.0,dsl,1,0,0,one year,credit card (automatic),48.7,1421.75,0.0
2057-BOYKM,f,1,1,0,72,1.0,fiber optic,1,1,0,two year,bank transfer (automatic),96.6,6827.5,0.0
3658-QQJYD,m,0,0,0,62,1.0,dsl,1,0,1,one year,credit card (automatic),74.3,4698.05,0.0
1803-BGNBD,f,0,0,0,12,1.0,dsl,0,1,0,month-to-month,electronic check,54.3,654.5,0.0
0134-XWXCE,f,1,0,0,44,1.0,dsl,0,1,1,one year,bank transfer (automatic),74.85,3268.05,0.0
6950-TWMYB,m,0,1,1,54,1.0,fiber optic,0,1,0,two year,bank transfer (automatic),79.95,4362.05,0.0
5848-FHRFC,f,0,0,0,68,1.0,no,0,0,0,two year,bank transfer (automatic),20.05,1386.9,0.0
2243-FNMMI,m,0,0,0,20,1.0,no,0,0,0,month-to-month,mailed check,19.4,415.4,0.0
2511-MORQY,m,0,1,1,50,1.0,dsl,0,0,0,one year,bank transfer (automatic),54.9,2614.1,0.0
5356-KZCKT,m,0,0,0,58,1.0,no,0,0,0,two year,credit card (automatic),24.45,1513.6,0.0
9470-XCCEM,m,0,1,1,35,1.0,fiber optic,0,0,1,month-to-month,bank transfer (automatic),89.65,3161.6,0.0
6519-CFDBX,f,0,0,0,2,1.0,dsl,0,0,0,month-to-month,electronic check,45.4,80.95,0.0
3902-MIVLE,m,0,1,1,63,1.0,dsl,1,1,0,two year,mailed check,75.7,4676.7,0.0
0409-WTMPL,f,0,1,0,58,1.0,fiber optic,1,0,1,one year,credit card (automatic),110.65,6526.65,0.0
8763-KIAFH,f,0,1,1,27,1.0,no,0,0,0,one year,mailed check,20.55,583.3,0.0
3669-WHAFY,f,0,1,0,71,1.0,fiber optic,1,1,1,two year,credit card (automatic),115.15,8078.1,0.0
3055-VTCGS,f,0,0,0,63,1.0,dsl,0,0,0,one year,credit card (automatic),58.55,3503.5,0.0
3144-KMTWZ,m,0,1,0,71,1.0,fiber optic,0,0,0,month-to-month,bank transfer (automatic),93.25,6669.45,0.0
7279-BUYWN,f,1,0,0,41,1.0,fiber optic,1,0,1,month-to-month,electronic check,113.2,4689.5,1.0
7156-MHUGY,m,1,0,0,13,1.0,fiber optic,0,0,1,month-to-month,electronic check,90.5,1201.15,1.0
7198-GLXTC,m,0,0,0,2,1.0,fiber optic,0,0,1,month-to-month,electronic check,79.0,143.65,1.0
2007-QVGAW,f,0,1,1,68,1.0,no,0,0,0,two year,bank transfer (automatic),19.35,1292.65,0.0
5207-PLSTK,m,0,1,1,1,1.0,dsl,1,0,0,month-to-month,mailed check,48.75,48.75,0.0
2307-FYNNL,m,1,0,0,65,1.0,fiber optic,1,1,1,two year,electronic check,109.05,7108.2,0.0
5605-XNWEN,m,1,1,0,72,1.0,no,0,0,0,two year,bank transfer (automatic),25.0,1802.55,0.0
2155-AMQRX,f,0,0,0,28,1.0,dsl,0,1,0,month-to-month,credit card (automatic),54.9,1505.15,0.0
6181-AXXYF,m,0,1,1,72,1.0,no,0,0,0,two year,credit card (automatic),24.75,1859.1,0.0
5091-HFAZW,f,0,0,0,2,1.0,fiber optic,1,0,1,month-to-month,electronic check,91.15,168.5,0.0
0516-VRYBW,f,0,0,1,18,1.0,no,0,0,0,one year,bank transfer (automatic),20.15,390.85,1.0
2519-LBNQL,m,1,1,0,60,1.0,fiber optic,0,0,1,one year,electronic check,104.35,6339.45,0.0
8623-ULFNQ,f,1,0,0,26,1.0,dsl,0,1,0,month-to-month,electronic check,66.05,1652.4,0.0
8380-PEFPE,m,0,0,1,1,1.0,fiber optic,0,0,0,month-to-month,electronic check,71.65,71.65,1.0
5687-DKDTV,f,0,0,0,4,1.0,no,0,0,0,month-to-month,mailed check,20.35,77.5,1.0
1568-LJSZU,m,0,1,1,68,1.0,dsl,1,1,1,two year,credit card (automatic),92.2,6392.85,0.0
7530-HDYDS,f,0,0,0,38,1.0,fiber optic,0,1,0,month-to-month,credit card (automatic),84.25,3264.5,1.0
7789-HKSBS,f,1,1,0,42,1.0,fiber optic,1,0,1,one year,bank transfer (automatic),105.2,4599.15,0.0
7416-CKTEP,f,0,1,0,57,1.0,no,0,0,0,two year,bank transfer (automatic),19.6,1134.25,0.0
2586-CWXVV,m,0,1,0,54,0.0,dsl,0,0,0,month-to-month,electronic check,30.4,1621.35,0.0
3096-IZETN,f,0,0,0,12,1.0,fiber optic,0,0,0,month-to-month,bank transfer (automatic),78.1,947.3,1.0
2348-KCJLT,f,0,1,0,44,1.0,dsl,1,0,0,one year,mailed check,61.5,2722.2,0.0
8401-EMUWF,m,0,1,1,42,1.0,dsl,1,0,1,month-to-month,bank transfer (automatic),69.4,3058.3,0.0
4193-IBKSW,m,0,1,1,72,1.0,no,0,0,0,two year,bank transfer (automatic),24.75,1769.6,0.0
5377-NDTOU,f,0,1,1,71,1.0,dsl,1,1,1,two year,mailed check,91.05,6293.75,0.0
5922-ABDVO,f,0,1,0,19,1.0,fiber optic,0,0,0,month-to-month,mailed check,89.65,1761.05,1.0
2474-LCNUE,f,0,1,0,23,1.0,dsl,0,1,1,month-to-month,credit card (automatic),73.65,1642.75,0.0
0839-QNXME,f,0,0,0,30,1.0,no,0,0,0,two year,credit card (automatic),19.4,578.5,0.0
3506-OVLKD,m,0,0,0,35,1.0,no,0,0,0,one year,bank transfer (automatic),26.2,954.9,0.0
9172-ANCRX,f,0,0,0,10,1.0,fiber optic,1,0,1,month-to-month,electronic check,98.7,973.25,1.0
6650-VJONK,m,0,0,0,1,1.0,dsl,0,0,0,month-to-month,bank transfer (automatic),43.85,43.85,0.0
2178-PMGCJ,m,0,0,0,22,1.0,fiber optic,0,0,0,month-to-month,mailed check,69.7,1490.4,0.0
7492-TAFJD,m,0,1,1,7,0.0,dsl,1,0,0,two year,mailed check,38.55,280.0,0.0
2773-MADBQ,f,0,0,0,36,0.0,dsl,1,1,0,two year,mailed check,53.1,1901.25,0.0
6016-LVTJQ,f,0,1,1,34,1.0,no,0,0,0,month-to-month,mailed check,20.65,716.4,0.0
7860-KSUGX,m,0,1,1,72,1.0,dsl,1,0,0,two year,credit card (automatic),64.45,4720.0,0.0
8966-KZXXA,m,0,1,1,36,1.0,no,0,0,0,two year,credit card (automatic),25.1,930.95,0.0
6910-HADCM,f,0,0,0,1,1.0,fiber optic,0,0,0,month-to-month,electronic check,76.35,76.35,1.0
4816-LXZYW,f,0,0,0,23,1.0,fiber optic,0,0,0,month-to-month,electronic check,79.15,1676.95,1.0
9606-PBKBQ,m,1,1,0,32,1.0,fiber optic,0,0,0,month-to-month,electronic check,85.0,2642.05,1.0
5149-QYTTU,f,0,1,1,71,1.0,fiber optic,1,1,0,one year,credit card (automatic),95.15,6770.85,0.0
2070-XYMFH,f,1,0,0,23,1.0,fiber optic,0,0,0,month-to-month,mailed check,79.35,1835.3,0.0
2085-BOJKI,m,0,1,0,17,1.0,fiber optic,0,0,1,one year,bank transfer (automatic),96.65,1588.25,0.0
0817-HSUSE,m,0,0,0,1,1.0,dsl,0,1,1,month-to-month,electronic check,75.5,75.5,0.0
5442-PPTJY,m,0,1,1,12,1.0,no,0,0,0,two year,mailed check,19.7,258.35,0.0
1927-QEWMY,f,0,1,0,72,1.0,no,0,0,0,two year,credit card (automatic),20.5,1502.25,0.0
1663-MHLHE,m,0,0,0,1,1.0,no,0,0,0,month-to-month,mailed check,19.2,19.2,0.0
5663-QBGIS,m,1,1,0,72,1.0,fiber optic,0,0,1,two year,bank transfer (automatic),98.35,6929.4,0.0
4450-MDZFX,m,0,1,1,60,1.0,fiber optic,0,0,0,month-to-month,bank transfer (automatic),74.35,4453.3,0.0
6701-DHKWQ,f,0,1,1,61,0.0,dsl,0,1,1,two year,credit card (automatic),51.35,3244.4,0.0
7554-AKDQF,f,0,1,0,6,1.0,dsl,0,0,0,month-to-month,mailed check,45.65,323.45,0.0
3536-IQCTX,m,1,1,0,32,1.0,fiber optic,0,0,0,month-to-month,electronic check,85.3,2661.1,1.0
4911-BANWH,f,0,0,1,31,1.0,fiber optic,0,0,1,month-to-month,credit card (automatic),86.55,2697.4,1.0
8496-EJAUI,m,0,0,0,19,1.0,fiber optic,0,0,0,month-to-month,credit card (automatic),73.85,1424.5,1.0
0794-YVSGE,m,0,1,1,72,1.0,no,0,0,0,two year,bank transfer (automatic),20.3,1401.15,0.0
5423-BHIXO,f,0,0,0,32,1.0,dsl,0,0,0,month-to-month,electronic check,54.2,1739.6,0.0
6908-VVYHM,m,0,1,0,65,1.0,fiber optic,0,0,0,month-to-month,electronic check,90.65,5931.0,0.0
2959-EEXWB,f,0,1,1,45,0.0,dsl,1,0,1,month-to-month,bank transfer (automatic),50.9,2333.85,0.0
1839-UMACK,m,0,0,0,42,1.0,no,0,0,0,one year,electronic check,25.05,949.85,0.0
3030-YDNRM,m,0,0,0,8,1.0,fiber optic,0,0,0,month-to-month,electronic check,74.85,572.45,0.0
7321-KKSDU,m,0,0,1,32,1.0,no,0,0,0,two year,mailed check,20.5,696.8,0.0
3402-XRIUO,f,1,1,0,22,1.0,dsl,1,1,0,month-to-month,mailed check,63.55,1381.8,0.0
3132-TVFDZ,m,1,1,0,57,0.0,dsl,0,0,1,month-to-month,electronic check,44.85,2572.95,1.0
8286-AFUYI,m,0,0,0,1,1.0,dsl,1,0,0,month-to-month,electronic check,47.95,47.95,0.0
8080-DDEMJ,m,1,0,0,1,1.0,dsl,0,0,0,month-to-month,electronic check,45.1,45.1,1.0
8356-WUAOJ,f,0,1,0,1,1.0,dsl,0,0,0,month-to-month,electronic check,45.0,45.0,0.0
6365-MTGZX,m,0,0,0,24,1.0,fiber optic,0,1,1,month-to-month,electronic check,96.0,2122.45,1.0
1349-WXNGG,m,0,0,0,1,1.0,no,0,0,0,month-to-month,bank transfer (automatic),20.05,20.05,1.0
8058-DMYRU,m,1,0,0,54,1.0,fiber optic,0,0,0,month-to-month,electronic check,90.05,4931.8,0.0
9350-ZXYJC,f,0,0,0,4,1.0,no,0,0,0,two year,credit card (automatic),25.3,116.95,0.0
6990-YNRIO,m,0,1,1,65,1.0,fiber optic,1,1,1,two year,bank transfer (automatic),108.65,6937.95,1.0
8958-JPTRR,f,0,1,0,56,1.0,no,0,0,0,one year,electronic check,24.3,1261.7,0.0
6959-GQEGV,m,0,0,0,45,1.0,dsl,1,0,1,month-to-month,electronic check,75.95,3273.8,0.0
3173-WSSUE,f,0,1,1,71,1.0,no,0,0,0,two year,credit card (automatic),19.7,1415.85,0.0
1265-HVPZB,m,0,1,0,59,1.0,dsl,1,0,1,one year,credit card (automatic),66.4,3958.2,0.0
4115-UMJFQ,m,0,0,0,69,0.0,dsl,0,0,0,one year,bank transfer (automatic),35.75,2492.25,0.0
7369-TRPFD,m,0,0,0,19,1.0,no,0,0,0,one year,mailed check,18.8,279.2,0.0
1098-KFQEC,f,0,1,1,55,1.0,no,0,0,0,two year,credit card (automatic),19.4,1083.0,0.0
7190-XHTWJ,f,0,0,0,38,1.0,no,0,0,0,one year,mailed check,19.3,755.5,0.0
0621-TWIEM,m,0,0,0,10,1.0,dsl,0,0,0,month-to-month,electronic check,45.55,402.6,1.0
3537-RYBHH,f,1,1,0,47,1.0,dsl,1,0,0,month-to-month,credit card (automatic),67.45,3252.0,0.0
2485-ITVKB,f,0,1,0,2,0.0,dsl,0,0,0,month-to-month,electronic check,35.1,68.75,1.0
3669-OYSJI,m,0,0,0,1,1.0,dsl,0,0,0,month-to-month,credit card (automatic),46.2,46.2,1.0
1612-EOHDH,f,0,0,0,1,1.0,dsl,0,0,0,month-to-month,electronic check,45.15,45.15,1.0
6702-OHFWR,m,1,0,0,1,0.0,dsl,0,0,0,month-to-month,electronic check,43.3,43.3,1.0
5296-BFCYD,m,0,1,1,46,1.0,no,0,0,0,two year,mailed check,20.1,936.85,0.0
4510-PYUSH,f,1,0,0,38,1.0,dsl,1,0,0,month-to-month,credit card (automatic),57.15,2250.65,1.0
9359-JANWS,f,0,1,0,65,1.0,dsl,1,1,0,two year,credit card (automatic),58.9,3857.1,0.0
7517-SAWMO,f,0,1,0,19,1.0,fiber optic,1,0,0,month-to-month,electronic check,73.2,1441.1,1.0
4143-HHPMK,m,0,0,0,52,1.0,fiber optic,0,0,0,month-to-month,electronic check,85.35,4338.6,1.0
3279-DYZQM,m,0,1,1,71,1.0,no,0,0,0,two year,mailed check,19.45,1378.45,0.0
7054-LGEQW,f,0,0,0,1,1.0,dsl,0,0,0,month-to-month,mailed check,45.95,45.95,1.0
0523-VNGTF,f,1,0,0,52,0.0,dsl,0,1,1,month-to-month,electronic check,50.5,2566.3,0.0
9575-IWCAZ,m,0,1,0,6,1.0,no,0,0,0,one year,mailed check,25.1,171.0,0.0
7105-MXJLL,f,1,1,0,26,1.0,dsl,0,0,0,one year,mailed check,60.7,1597.4,0.0
7064-FRRSW,m,1,0,0,48,1.0,fiber optic,0,0,1,one year,electronic check,99.0,4744.35,0.0
7940-UQQUG,f,0,1,1,64,1.0,fiber optic,1,1,1,one year,bank transfer (automatic),104.4,6721.6,0.0
0923-PNFUB,f,0,0,0,3,1.0,fiber optic,0,0,1,month-to-month,electronic check,83.75,247.25,1.0
3961-SXAXY,m,0,0,0,1,1.0,dsl,0,0,0,month-to-month,bank transfer (automatic),44.05,44.05,0.0
7010-BRBUU,m,0,1,1,72,1.0,no,0,0,0,two year,credit card (automatic),24.1,1734.65,0.0
3566-HJGPK,m,0,0,0,1,1.0,dsl,0,0,0,month-to-month,mailed check,45.55,45.55,0.0
3062-ICYZQ,f,0,1,1,51,1.0,fiber optic,1,0,0,month-to-month,electronic check,93.8,4539.35,0.0
9938-PRCVK,f,0,1,1,41,1.0,no,0,0,0,two year,bank transfer (automatic),19.7,804.25,0.0
0973-KYVNF,f,0,1,1,72,1.0,dsl,1,0,1,two year,credit card (automatic),70.65,5011.15,0.0
5129-HHMZC,f,0,1,0,43,1.0,dsl,1,1,1,two year,credit card (automatic),86.45,3574.5,0.0
9637-CDTKZ,m,0,1,0,72,1.0,fiber optic,1,1,1,two year,credit card (automatic),114.1,8086.4,0.0
3946-JEWRQ,m,0,1,0,47,1.0,fiber optic,0,0,1,one year,credit card (automatic),95.2,4563.0,0.0
7873-CVMAW,m,0,0,0,72,1.0,dsl,1,1,1,two year,credit card (automatic),88.55,6362.35,0.0
0463-WZZKO,m,0,0,0,3,1.0,no,0,0,0,month-to-month,credit card (automatic),20.75,67.1,0.0
3494-JCHRQ,m,0,0,0,1,1.0,fiber optic,0,0,0,month-to-month,electronic check,70.05,70.05,1.0
6474-FVJLC,m,0,0,0,2,1.0,fiber optic,0,0,0,month-to-month,electronic check,86.0,165.45,1.0
4524-QCSSM,m,0,0,0,26,0.0,dsl,1,0,0,month-to-month,bank transfer (automatic),44.65,1156.55,0.0
5832-EXGTT,m,0,1,1,29,1.0,dsl,1,0,0,month-to-month,mailed check,60.2,1834.15,0.0
8840-DQLGN,f,1,1,0,35,1.0,fiber optic,1,1,1,month-to-month,bank transfer (automatic),100.5,3653.35,1.0
2039-JONDJ,m,0,0,0,27,1.0,dsl,1,0,0,one year,bank transfer (automatic),55.45,1477.65,0.0
7217-JYHOQ,m,0,1,1,24,1.0,dsl,1,1,0,month-to-month,credit card (automatic),70.3,1706.45,0.0
6695-FRVEC,m,0,1,1,67,1.0,dsl,1,1,0,two year,bank transfer (automatic),60.4,3953.7,0.0
4547-LYTDD,f,0,0,0,16,1.0,fiber optic,0,0,0,month-to-month,electronic check,72.65,1194.3,1.0
9894-QMIMJ,f,0,0,0,23,1.0,dsl,0,0,0,one year,bank transfer (automatic),55.8,1327.85,0.0
8069-YQQAJ,m,0,0,0,14,0.0,dsl,0,0,0,month-to-month,mailed check,31.1,419.7,0.0
6770-XUAGN,f,0,1,1,1,1.0,no,0,0,0,month-to-month,electronic check,21.0,21.0,1.0
4193-ORFCL,f,1,0,0,1,1.0,dsl,0,0,0,month-to-month,mailed check,45.1,45.1,1.0
1636-NTNCO,m,1,0,0,4,0.0,dsl,0,0,1,month-to-month,credit card (automatic),50.95,207.35,0.0
3466-WAESX,m,0,0,1,16,1.0,dsl,1,0,0,month-to-month,electronic check,69.1,1083.7,0.0
9281-PKKZE,f,0,1,0,46,0.0,dsl,0,0,1,month-to-month,electronic check,43.95,2007.85,0.0
3638-VBZTA,m,0,0,1,68,1.0,dsl,1,1,1,two year,bank transfer (automatic),86.5,5882.75,0.0
7459-IMVYU,m,0,0,0,38,1.0,dsl,1,1,0,month-to-month,electronic check,69.95,2657.55,0.0
7776-QWNFX,m,1,1,0,30,1.0,dsl,0,0,0,month-to-month,bank transfer (automatic),50.4,1527.5,1.0
6689-TCZHQ,f,1,0,0,5,1.0,fiber optic,0,0,0,month-to-month,electronic check,78.95,378.4,1.0
8563-OYMQY,m,0,0,0,17,1.0,fiber optic,0,0,0,month-to-month,credit card (automatic),90.95,1612.2,0.0
0754-EEBDC,m,0,1,1,4,1.0,no,0,0,0,two year,mailed check,19.9,76.65,0.0
5777-ZPQNC,f,0,0,0,12,1.0,no,0,0,0,one year,electronic check,20.15,260.7,0.0
1951-IEYXM,m,0,1,1,72,1.0,dsl,1,1,1,two year,credit card (automatic),90.6,6441.85,0.0
3318-NMQXL,m,0,0,0,3,1.0,fiber optic,0,0,1,month-to-month,electronic check,92.0,266.8,0.0
3143-ILDAL,m,0,0,0,56,1.0,fiber optic,0,1,0,month-to-month,electronic check,94.45,5124.6,1.0
1022-RKXDR,f,0,0,0,41,1.0,no,0,0,0,one year,mailed check,24.85,962.25,0.0
2361-FJWNO,m,0,0,0,40,0.0,dsl,0,1,0,one year,credit card (automatic),36.0,1382.9,0.0
2272-UOINI,f,0,0,0,7,1.0,dsl,1,1,1,month-to-month,electronic check,78.5,571.05,0.0
8232-UTFOZ,m,0,0,0,69,1.0,no,0,0,0,two year,credit card (automatic),19.95,1399.35,0.0
3750-YHRYO,m,0,1,1,7,1.0,no,0,0,0,one year,mailed check,20.65,150.0,0.0
6637-KYRCV,f,0,1,1,5,0.0,dsl,0,0,0,month-to-month,electronic check,30.5,167.2,0.0
5668-MEISB,f,0,1,1,72,1.0,fiber optic,1,1,1,two year,credit card (automatic),106.1,7657.4,0.0
0129-QMPDR,m,0,1,1,44,1.0,no,0,0,0,one year,bank transfer (automatic),20.5,865.05,0.0
7188-CBBBA,f,0,0,0,65,1.0,fiber optic,0,0,1,one year,electronic check,95.5,6153.85,0.0
5356-CSVSQ,f,0,0,0,3,1.0,dsl,0,1,1,month-to-month,electronic check,64.6,174.2,0.0
3221-CJMSG,m,0,0,0,24,1.0,dsl,0,1,0,month-to-month,credit card (automatic),51.1,1269.6,0.0
4720-VSTSI,f,0,0,0,44,1.0,fiber optic,0,0,0,month-to-month,bank transfer (automatic),84.8,3862.55,1.0
3219-JQRSL,f,1,1,0,72,1.0,dsl,1,1,1,two year,credit card (automatic),89.1,6352.4,0.0
2801-NISEI,m,0,0,0,24,1.0,dsl,1,1,0,month-to-month,electronic check,54.95,1348.5,0.0
3946-MHCZW,m,0,0,0,1,1.0,dsl,0,0,0,month-to-month,mailed check,50.9,50.9,1.0
4623-ZKHLY,m,0,1,0,22,1.0,no,0,0,0,month-to-month,bank transfer (automatic),20.45,471.55,0.0
6732-VAILE,m,0,1,1,70,1.0,dsl,0,1,1,two year,credit card (automatic),85.95,5931.75,0.0
8201-AAXCB,m,0,1,1,25,1.0,dsl,0,0,1,month-to-month,electronic check,60.35,1404.65,0.0
7696-CFTAT,m,0,1,1,37,1.0,no,0,0,0,two year,bank transfer (automatic),19.8,726.1,0.0
1845-CSBRZ,f,1,1,1,22,1.0,fiber optic,0,0,1,month-to-month,bank transfer (automatic),85.35,1961.6,0.0
2123-VSCOT,f,0,1,1,59,1.0,dsl,0,1,1,two year,bank transfer (automatic),72.1,4194.85,0.0
6651-AZVTJ,m,0,1,1,49,1.0,fiber optic,0,0,1,month-to-month,electronic check,99.8,4872.45,1.0
4566-GOLUK,m,0,1,1,47,1.0,fiber optic,0,1,1,month-to-month,bank transfer (automatic),107.35,5118.95,1.0
2484-DGXPZ,f,0,1,1,31,1.0,no,0,0,0,month-to-month,mailed check,19.55,658.95,1.0
2018-QKYGT,m,0,1,1,1,1.0,fiber optic,0,0,0,month-to-month,electronic check,81.05,81.05,0.0
2792-VPPET,m,0,0,0,3,1.0,no,0,0,0,month-to-month,electronic check,20.5,76.95,0.0
7409-JURKQ,f,0,1,0,53,1.0,fiber optic,0,1,1,one year,bank transfer (automatic),111.8,5809.75,0.0
3247-MHJKM,m,0,0,0,1,1.0,no,0,0,0,month-to-month,mailed check,20.2,20.2,0.0
1964-SVLEA,m,0,0,0,20,1.0,no,0,0,0,one year,mailed check,19.7,415.9,0.0
4587-NUKOX,f,0,0,0,3,1.0,fiber optic,1,0,0,month-to-month,electronic check,79.1,246.5,1.0
7297-DVYGA,f,0,0,0,51,1.0,no,0,0,0,one year,bank transfer (automatic),19.85,996.95,0.0
2239-CGBUZ,f,0,1,0,51,1.0,dsl,1,1,0,one year,bank transfer (automatic),60.5,3145.15,0.0
0854-UYHZD,f,0,1,1,13,1.0,no,0,0,0,two year,mailed check,19.55,265.3,0.0
7243-LCGGZ,f,0,0,0,1,1.0,no,0,0,0,month-to-month,mailed check,20.9,20.9,0.0
8267-KFGYD,m,0,0,1,1,1.0,no,0,0,0,month-to-month,mailed check,21.05,21.05,0.0
4890-VMUAV,m,0,0,0,63,1.0,dsl,1,1,0,one year,electronic check,71.5,4576.3,0.0
9261-WDCAF,m,0,0,0,3,1.0,dsl,0,0,0,month-to-month,mailed check,54.65,189.1,0.0
3764-MNMOI,m,0,0,0,46,1.0,no,0,0,0,two year,credit card (automatic),19.2,908.15,0.0
7442-YGZFK,m,0,0,0,1,1.0,dsl,0,0,0,month-to-month,credit card (automatic),49.8,49.8,0.0
0420-BWTPW,m,0,0,1,8,0.0,dsl,0,0,0,month-to-month,mailed check,25.5,215.2,1.0
8229-BUJHX,f,0,1,1,71,1.0,no,0,0,0,two year,bank transfer (automatic),20.5,1500.95,0.0
7449-HVPIV,m,0,1,1,55,1.0,fiber optic,0,0,1,month-to-month,credit card (automatic),90.4,5099.15,0.0
5504-WSIUR,f,0,0,0,70,1.0,fiber optic,0,1,0,one year,bank transfer (automatic),90.25,6385.95,0.0
8183-ONMXC,f,0,0,0,2,1.0,fiber optic,0,0,0,month-to-month,electronic check,80.75,159.45,1.0
8466-PZBLH,m,0,1,1,67,1.0,fiber optic,1,1,1,two year,bank transfer (automatic),104.6,6885.75,0.0
9614-RMGHA,m,0,1,0,65,1.0,fiber optic,0,0,1,month-to-month,bank transfer (automatic),91.85,5940.85,1.0
8735-IJJEG,m,0,1,0,14,1.0,dsl,0,0,0,month-to-month,credit card (automatic),50.2,668.85,0.0
0564-MUUQK,f,0,1,1,20,1.0,fiber optic,0,1,0,month-to-month,bank transfer (automatic),95.5,1916.2,0.0
5054-IEXZT,m,0,0,1,1,1.0,fiber optic,0,0,0,month-to-month,electronic check,75.35,75.35,1.0
5834-ASPWA,m,0,0,0,1,1.0,fiber optic,0,0,0,month-to-month,electronic check,75.45,75.45,1.0
0701-RFGFI,f,0,1,1,49,1.0,fiber optic,0,0,1,month-to-month,bank transfer (automatic),95.4,4613.95,0.0
0019-EFAEP,f,0,0,0,72,1.0,fiber optic,1,0,1,two year,bank transfer (automatic),101.3,7261.25,0.0
5619-PTMIK,f,0,1,0,46,1.0,dsl,1,0,0,month-to-month,electronic check,53.1,2459.8,0.0
3737-XBQDD,m,0,0,0,24,1.0,fiber optic,0,0,0,month-to-month,bank transfer (automatic),84.85,2048.8,0.0
5882-CMAZQ,f,0,1,1,5,0.0,dsl,0,1,0,month-to-month,electronic check,34.25,163.55,0.0
5846-QFDFI,f,0,1,1,33,1.0,fiber optic,0,1,0,month-to-month,credit card (automatic),88.6,2888.7,0.0
4445-KWOKW,f,0,0,0,42,1.0,dsl,1,0,0,one year,bank transfer (automatic),60.15,2421.6,0.0
3511-APPBJ,m,0,0,0,23,1.0,fiber optic,1,0,1,one year,credit card (automatic),99.95,2292.75,0.0
7967-HYCDE,m,0,0,0,8,1.0,fiber optic,0,0,0,month-to-month,bank transfer (automatic),70.7,553.4,0.0
2430-RRYUW,m,0,0,0,66,1.0,dsl,1,0,0,one year,mailed check,54.8,3465.7,0.0
3948-XHGNA,m,0,0,0,24,1.0,dsl,1,0,0,month-to-month,bank transfer (automatic),49.55,1210.4,1.0
3723-BFBGR,m,1,0,0,24,1.0,dsl,0,0,0,month-to-month,credit card (automatic),54.8,1291.3,0.0
0565-IYCGT,m,0,0,0,69,1.0,dsl,1,1,0,one year,credit card (automatic),78.6,5356.45,1.0
5447-WZAFP,f,0,0,0,53,1.0,fiber optic,0,0,1,one year,mailed check,100.3,5200.8,0.0
5110-CHOPY,f,0,0,0,60,0.0,dsl,1,0,1,two year,electronic check,53.6,3237.05,0.0
5445-UTODQ,f,0,1,0,7,1.0,fiber optic,0,0,1,month-to-month,electronic check,81.1,576.65,1.0
4425-OWHWB,f,0,0,0,20,1.0,no,0,0,0,one year,credit card (automatic),19.35,433.75,0.0
7892-QVYKW,f,0,1,1,23,1.0,fiber optic,0,0,0,month-to-month,electronic check,85.6,1868.4,0.0
9675-ICXCT,m,0,1,1,72,1.0,dsl,1,1,1,two year,electronic check,80.8,5728.55,0.0
1024-VRZHF,m,0,1,0,11,1.0,fiber optic,0,0,0,month-to-month,electronic check,74.95,825.7,1.0
4703-MQYKT,m,0,0,0,21,1.0,no,0,0,0,two year,mailed check,19.6,390.4,0.0
9497-QCMMS,m,1,0,0,1,1.0,fiber optic,0,0,1,month-to-month,electronic check,93.55,93.55,1.0
5692-ICXLW,m,1,0,0,31,1.0,fiber optic,0,0,1,month-to-month,electronic check,90.7,2845.15,0.0
0602-DDUML,f,0,0,0,57,1.0,dsl,0,1,1,two year,mailed check,69.75,3894.4,0.0
2208-MPXIO,f,0,1,1,45,1.0,no,0,0,0,two year,bank transfer (automatic),20.0,886.4,0.0
1960-UYCNN,m,0,0,0,10,1.0,fiber optic,0,0,0,month-to-month,electronic check,95.25,1021.55,0.0
0348-SDKOL,f,0,1,0,58,1.0,fiber optic,0,1,1,month-to-month,credit card (automatic),102.1,5885.4,1.0
3190-FZATL,m,0,0,1,14,1.0,no,0,0,0,month-to-month,mailed check,19.95,268.4,0.0
7336-RLLRH,m,0,1,0,27,1.0,dsl,1,1,1,one year,mailed check,80.85,2204.35,0.0
4373-MAVJG,f,0,1,1,14,1.0,fiber optic,0,0,0,month-to-month,bank transfer (automatic),90.9,1259.0,1.0
8901-HJXTF,f,0,1,1,12,0.0,dsl,0,0,0,month-to-month,mailed check,29.2,309.1,1.0
7710-JSYOA,f,0,1,1,69,1.0,fiber optic,0,1,0,two year,bank transfer (automatic),93.3,6398.05,0.0
5419-KLXBN,f,0,1,1,25,1.0,fiber optic,0,0,1,month-to-month,bank transfer (automatic),89.15,2257.75,1.0
3424-NMNBO,m,1,1,0,58,1.0,fiber optic,1,0,1,one year,electronic check,108.85,6287.25,1.0
9885-MFVSU,f,0,1,1,35,0.0,dsl,1,1,1,two year,credit card (automatic),46.35,1662.05,0.0
4514-GFCFI,f,1,0,0,16,1.0,fiber optic,0,0,1,month-to-month,electronic check,84.75,1350.15,1.0
0607-MVMGC,m,0,1,1,45,1.0,dsl,0,0,1,one year,credit card (automatic),78.75,3600.65,0.0
3365-SAIGS,f,0,0,0,17,1.0,fiber optic,0,0,1,month-to-month,electronic check,83.55,1329.15,0.0
9828-AOQLM,f,0,1,1,1,1.0,dsl,0,0,0,month-to-month,electronic check,45.7,45.7,1.0
8022-BECSI,m,0,0,0,22,1.0,no,0,0,0,one year,mailed check,19.6,422.5,0.0
8000-REIQB,f,1,0,0,1,1.0,fiber optic,0,0,0,month-to-month,electronic check,69.95,69.95,1.0
9993-LHIEB,m,0,1,1,67,1.0,dsl,1,1,0,two year,mailed check,67.85,4627.65,0.0
0266-CLZKZ,f,0,1,1,67,1.0,fiber optic,0,1,1,two year,bank transfer (automatic),105.65,6717.9,0.0
7615-ESMYF,f,0,1,0,2,0.0,dsl,0,0,1,month-to-month,electronic check,44.6,97.1,1.0
3858-VOBET,m,0,0,0,23,1.0,fiber optic,0,0,0,month-to-month,electronic check,74.95,1710.45,1.0
7020-OZKXZ,f,1,0,0,9,1.0,fiber optic,0,0,0,month-to-month,credit card (automatic),75.5,637.4,0.0
3977-QCRSL,f,0,0,0,5,1.0,no,0,0,0,month-to-month,mailed check,20.15,117.95,0.0
0017-DINOC,m,0,0,0,54,0.0,dsl,1,1,1,two year,credit card (automatic),45.2,2460.55,0.0
1447-PJGGA,f,0,0,0,57,1.0,fiber optic,0,0,1,two year,electronic check,95.25,5464.65,1.0
8565-CLBZW,m,0,0,0,24,1.0,fiber optic,0,0,1,month-to-month,mailed check,89.85,2165.05,1.0
9139-WQQDY,f,0,1,1,49,1.0,fiber optic,0,0,1,one year,mailed check,100.45,4941.8,1.0
0224-HJAPT,m,0,0,0,5,1.0,dsl,0,0,0,month-to-month,electronic check,47.15,223.15,1.0
8086-OVPWV,m,0,0,0,2,1.0,fiber optic,0,0,0,month-to-month,electronic check,80.2,181.1,1.0
9430-FRQOC,f,0,0,1,4,1.0,fiber optic,0,1,0,month-to-month,mailed check,87.1,341.45,1.0
7639-OPLNG,m,0,1,1,70,1.0,dsl,1,1,1,two year,bank transfer (automatic),79.25,5731.85,0.0
3074-GQWYX,m,0,0,0,5,1.0,fiber optic,0,0,0,month-to-month,bank transfer (automatic),75.9,357.75,1.0
1492-QGCLU,m,0,1,1,53,1.0,dsl,1,1,1,month-to-month,electronic check,85.7,4616.1,0.0
6845-RGTYS,f,0,1,0,47,1.0,fiber optic,1,0,1,month-to-month,electronic check,98.75,4533.7,1.0
7328-OWMOM,f,0,0,1,31,1.0,no,0,0,0,one year,credit card (automatic),20.1,589.25,0.0
4418-LZMSV,m,0,1,1,13,1.0,dsl,0,1,0,month-to-month,bank transfer (automatic),61.8,750.1,0.0
5155-AZQPB,f,0,1,1,28,1.0,dsl,0,0,0,month-to-month,mailed check,49.9,1410.25,0.0
8861-HGGKB,f,0,0,0,10,1.0,fiber optic,0,0,0,month-to-month,electronic check,86.45,830.85,1.0
1087-GRUYI,m,0,1,0,38,1.0,no,0,0,0,two year,bank transfer (automatic),20.4,743.5,0.0
7065-YUNRY,f,0,0,0,1,1.0,dsl,0,0,0,month-to-month,mailed check,45.3,45.3,1.0
7694-VLBWQ,m,0,1,0,67,1.0,fiber optic,0,0,1,one year,electronic check,104.1,7040.85,1.0
2546-KZAAT,m,0,1,0,52,1.0,dsl,1,0,1,one year,mailed check,75.4,3865.45,0.0
0181-RITDD,m,0,1,1,62,1.0,fiber optic,1,1,1,two year,mailed check,108.15,6825.65,0.0
5989-PGKJB,f,0,0,0,16,1.0,fiber optic,0,0,0,month-to-month,electronic check,86.25,1340.1,0.0
4795-KTRTH,f,1,1,0,5,1.0,fiber optic,0,0,0,month-to-month,electronic check,81.0,371.65,1.0
8272-ONJLV,m,0,0,0,12,1.0,fiber optic,0,0,1,one year,electronic check,95.7,1184.0,0.0
1488-PBLJN,f,0,1,1,72,1.0,fiber optic,1,1,1,two year,bank transfer (automatic),116.85,8477.7,0.0
0308-GIQJT,m,1,0,0,71,1.0,fiber optic,0,1,1,one year,bank transfer (automatic),105.75,7382.85,0.0
3778-FOAQW,f,0,1,0,24,1.0,no,0,0,0,one year,mailed check,20.15,456.85,0.0
4452-ROHMO,f,0,0,0,15,1.0,no,0,0,0,two year,mailed check,19.6,331.6,0.0
6481-OGDOO,m,0,1,0,67,1.0,fiber optic,1,0,0,one year,credit card (automatic),90.6,6056.15,1.0
3090-LETTY,m,0,0,1,2,1.0,dsl,1,0,0,month-to-month,bank transfer (automatic),60.95,134.6,0.0
5349-AZPEW,f,0,1,1,5,0.0,dsl,0,0,0,month-to-month,mailed check,25.05,125.5,0.0
3753-TSEMP,f,0,1,0,15,1.0,fiber optic,0,0,1,month-to-month,electronic check,88.15,1390.6,1.0
8305-VHZBZ,m,0,0,0,1,1.0,no,0,0,0,month-to-month,mailed check,20.2,20.2,1.0
9720-JJJOR,m,0,1,1,41,1.0,dsl,1,0,0,one year,bank transfer (automatic),60.3,2511.3,0.0
8100-HZZLJ,f,0,0,1,43,1.0,dsl,1,0,0,month-to-month,electronic check,63.95,2737.05,0.0
8775-ERLNB,m,1,1,0,1,1.0,fiber optic,0,0,0,month-to-month,electronic check,74.3,74.3,0.0
8309-IEYJD,f,1,0,0,1,1.0,fiber optic,0,0,0,month-to-month,mailed check,70.6,70.6,0.0
9172-JITSM,f,0,1,1,26,1.0,fiber optic,0,0,1,month-to-month,electronic check,90.8,2361.8,1.0
6298-QDFNH,m,0,0,0,22,1.0,fiber optic,0,0,0,month-to-month,electronic check,79.35,1730.35,1.0
7398-HPYZQ,m,0,1,0,71,1.0,dsl,1,1,1,two year,bank transfer (automatic),90.55,6404.0,0.0
3546-GHEAE,m,0,0,0,7,1.0,no,0,0,0,two year,mailed check,19.45,165.35,0.0
7361-YPXFS,f,1,0,0,28,1.0,dsl,0,1,0,month-to-month,bank transfer (automatic),64.45,1867.6,0.0
6557-BZXLQ,m,1,0,0,16,1.0,fiber optic,0,0,0,month-to-month,electronic check,69.65,1043.3,0.0
2550-QHZGP,m,0,0,0,7,1.0,no,0,0,0,one year,mailed check,19.5,128.6,0.0
7519-JTWQH,f,0,0,0,69,1.0,fiber optic,0,1,1,two year,bank transfer (automatic),110.5,7455.45,0.0
2538-OIMXF,f,0,0,1,1,0.0,dsl,0,0,0,month-to-month,mailed check,24.7,24.7,0.0
8543-MSDMF,m,0,0,0,3,1.0,dsl,1,0,1,month-to-month,electronic check,77.4,206.15,0.0
9961-JBNMK,m,1,0,0,21,1.0,fiber optic,0,0,1,month-to-month,bank transfer (automatic),96.8,2030.3,1.0
1170-SASML,f,0,1,0,69,1.0,fiber optic,0,0,0,month-to-month,bank transfer (automatic),85.4,5869.4,0.0
4872-JCVCA,f,0,1,0,71,0.0,dsl,1,1,0,two year,bank transfer (automatic),47.6,3377.8,0.0
5346-BZCHP,f,0,1,1,69,1.0,no,0,0,0,two year,mailed check,19.4,1346.2,0.0
2038-LLMLM,f,0,0,0,48,1.0,fiber optic,0,1,1,month-to-month,electronic check,103.85,4946.05,0.0
6173-ITPWD,m,0,1,0,47,1.0,fiber optic,0,0,0,month-to-month,bank transfer (automatic),83.35,4065.0,1.0
9734-UYXQI,f,0,0,0,2,1.0,dsl,0,0,0,month-to-month,electronic check,49.4,106.55,1.0
1216-BGTSP,m,0,0,0,45,1.0,fiber optic,1,1,1,month-to-month,credit card (automatic),108.45,4964.7,0.0
4138-NAXED,m,0,0,0,51,1.0,fiber optic,0,0,0,month-to-month,bank transfer (automatic),81.0,4085.75,0.0
2189-UXTKY,f,0,1,0,22,1.0,dsl,1,1,1,month-to-month,electronic check,79.2,1742.75,1.0
0744-BIKKF,m,0,0,0,72,1.0,dsl,1,1,1,two year,bank transfer (automatic),86.65,6224.8,0.0
7483-IQWIB,m,0,1,1,37,1.0,fiber optic,0,0,1,month-to-month,electronic check,92.95,3415.25,0.0
5248-KWLAR,m,0,1,1,71,1.0,dsl,1,1,1,two year,electronic check,90.35,6325.25,0.0
4958-GZWIY,m,0,1,1,7,1.0,dsl,0,0,0,month-to-month,electronic check,48.7,340.25,1.0
7996-MHXLW,f,0,0,0,66,1.0,no,0,0,0,two year,credit card (automatic),25.15,1683.6,0.0
7833-PKIHD,m,0,1,1,51,1.0,dsl,1,1,1,one year,bank transfer (automatic),76.4,3966.3,0.0
7061-OVMIM,f,0,1,1,30,1.0,no,0,0,0,one year,bank transfer (automatic),19.55,608.5,0.0
5153-RTHKF,f,0,0,0,34,1.0,fiber optic,0,0,1,month-to-month,electronic check,85.35,2896.6,0.0
1852-QSWCD,m,0,1,1,64,1.0,no,0,0,0,two year,mailed check,24.8,1514.85,0.0
4832-VRBMR,m,1,1,0,65,1.0,fiber optic,0,0,1,one year,bank transfer (automatic),103.15,6792.45,0.0
9079-LWTFD,m,0,0,0,47,1.0,fiber optic,1,1,1,month-to-month,mailed check,100.75,4669.2,0.0
6356-ELRKD,f,0,0,0,1,1.0,fiber optic,1,0,1,month-to-month,electronic check,95.6,95.6,1.0
8624-GIOUT,f,0,0,0,49,1.0,dsl,1,0,0,month-to-month,credit card (automatic),59.75,2934.3,1.0
3392-EHMNK,f,0,1,1,67,1.0,fiber optic,0,1,1,two year,credit card (automatic),94.1,6302.8,0.0
5986-WWXDV,m,0,0,1,39,1.0,no,0,0,0,one year,bank transfer (automatic),19.35,779.2,0.0
3061-BCKYI,m,0,0,0,14,1.0,no,0,0,0,month-to-month,mailed check,19.9,283.75,0.0
6179-GJPSO,f,1,0,0,43,1.0,fiber optic,1,1,1,month-to-month,credit card (automatic),108.15,4600.7,1.0
7901-TBKJX,m,1,0,0,56,1.0,fiber optic,0,0,1,month-to-month,electronic check,101.05,5594.0,0.0
7228-PAQPD,f,0,0,0,14,1.0,dsl,0,1,0,one year,credit card (automatic),59.1,772.85,0.0
3177-LASXD,f,0,0,0,1,1.0,fiber optic,0,0,0,month-to-month,electronic check,71.35,71.35,1.0
7746-QYVCO,m,0,1,1,16,1.0,dsl,1,0,0,one year,mailed check,55.85,857.8,0.0
5804-HYIEZ,m,0,1,1,70,1.0,fiber optic,1,0,1,month-to-month,electronic check,106.05,7554.05,0.0
9919-FZDED,m,1,1,0,72,1.0,dsl,1,0,1,two year,credit card (automatic),84.1,5981.65,0.0
5934-TSSAU,f,0,1,1,23,1.0,fiber optic,0,0,0,month-to-month,credit card (automatic),75.3,1702.9,0.0
3486-KHMLI,m,0,0,1,21,1.0,no,0,0,0,month-to-month,mailed check,24.7,467.15,0.0
4897-QSUYC,f,0,0,0,1,1.0,no,0,0,0,month-to-month,mailed check,20.15,20.15,1.0
1084-UQCHV,m,0,0,1,1,1.0,fiber optic,0,0,0,month-to-month,bank transfer (automatic),69.75,69.75,1.0
8290-YWKHZ,f,1,1,0,32,1.0,fiber optic,0,0,1,month-to-month,electronic check,93.2,2931.0,1.0
2955-BJZHG,m,0,1,1,17,1.0,fiber optic,0,0,1,month-to-month,electronic check,80.85,1400.85,1.0
3806-DXQOM,f,0,0,0,4,0.0,dsl,1,0,0,month-to-month,electronic check,33.65,137.85,1.0
6784-XYJAE,f,0,0,0,36,1.0,dsl,0,0,0,one year,electronic check,55.8,1941.5,0.0
3933-DQPWX,f,0,0,0,50,0.0,dsl,0,1,0,two year,credit card (automatic),39.7,1932.75,0.0
6661-EIPZC,f,0,1,1,48,0.0,dsl,0,1,0,month-to-month,credit card (automatic),29.5,1423.05,0.0
8957-THMOA,f,0,0,1,50,1.0,no,0,0,0,two year,credit card (automatic),20.15,970.85,0.0
2251-PYLPB,m,0,1,0,72,1.0,dsl,1,1,0,two year,credit card (automatic),79.55,5810.9,0.0
5555-RNPGT,m,0,0,1,10,1.0,no,0,0,0,month-to-month,credit card (automatic),24.8,223.9,0.0
1057-FOGLZ,f,0,0,0,18,1.0,no,0,0,0,month-to-month,mailed check,19.65,391.7,0.0
9300-RENDD,m,0,0,0,1,1.0,fiber optic,0,0,1,month-to-month,electronic check,79.95,79.95,1.0
0761-AETCS,f,0,0,0,1,1.0,no,0,0,0,month-to-month,electronic check,19.3,19.3,1.0
8087-LGYHQ,m,0,0,0,9,1.0,fiber optic,0,0,1,month-to-month,electronic check,94.05,811.65,0.0
4137-BTIKL,m,0,0,0,2,1.0,fiber optic,1,0,0,month-to-month,mailed check,90.75,174.75,0.0
2190-BCXEC,f,0,1,0,40,1.0,fiber optic,0,1,0,month-to-month,credit card (automatic),78.85,3126.85,0.0
6227-FBDXH,m,0,1,0,69,1.0,fiber optic,0,0,1,one year,bank transfer (automatic),99.5,6841.45,0.0
2153-MREFK,f,0,1,0,37,1.0,fiber optic,1,1,0,one year,electronic check,99.2,3754.6,1.0
2911-WDXMV,m,0,0,1,18,1.0,fiber optic,0,0,0,month-to-month,credit card (automatic),80.55,1406.65,0.0
7206-PQBBZ,m,1,1,0,11,1.0,fiber optic,0,0,0,month-to-month,electronic check,70.2,834.7,0.0
3106-ULWFW,f,0,1,0,8,1.0,fiber optic,0,0,0,month-to-month,credit card (automatic),85.2,627.4,1.0
0925-VYDLG,f,0,0,0,3,1.0,fiber optic,0,0,0,month-to-month,electronic check,75.25,242.0,1.0
4547-FZJWE,m,0,1,1,55,1.0,dsl,1,0,0,one year,credit card (automatic),59.45,3157.0,0.0
7422-WNBTY,m,0,1,0,33,1.0,fiber optic,0,0,0,month-to-month,electronic check,93.35,3092.0,0.0
0842-IWYCP,f,0,0,0,46,1.0,dsl,0,0,0,month-to-month,bank transfer (automatic),44.95,2168.9,0.0
3521-HTQTV,m,0,0,0,34,1.0,no,0,0,0,two year,bank transfer (automatic),26.1,980.35,0.0
3744-ZBHON,f,0,0,0,3,1.0,no,0,0,0,month-to-month,electronic check,20.2,65.95,0.0
3373-DIUUN,m,0,1,1,30,1.0,no,0,0,0,two year,mailed check,21.25,711.9,0.0
8383-SGHJU,f,0,0,0,33,1.0,dsl,1,1,0,one year,electronic check,59.4,1952.8,0.0
7607-QKKTJ,m,0,1,1,45,1.0,fiber optic,0,0,0,one year,credit card (automatic),95.0,4368.85,0.0
7707-PYBBH,m,0,0,0,40,1.0,dsl,1,1,0,month-to-month,mailed check,61.9,2647.1,0.0
8984-HPEMB,f,0,0,0,71,1.0,fiber optic,1,1,1,two year,electronic check,118.65,8477.6,0.0
4349-GFQHK,m,0,0,0,1,1.0,dsl,0,0,0,month-to-month,electronic check,54.35,54.35,1.0
4139-DETXS,f,0,1,1,72,0.0,dsl,1,1,1,two year,bank transfer (automatic),64.45,4528.0,0.0
9779-DPNEJ,f,0,1,1,22,1.0,fiber optic,0,0,0,month-to-month,electronic check,80.15,1790.65,0.0
9805-FILKB,m,0,1,1,46,1.0,no,0,0,0,one year,bank transfer (automatic),20.2,845.6,0.0
5793-YOLJN,f,0,1,1,55,1.0,no,0,0,0,two year,mailed check,21.0,1210.3,0.0
0673-IGUQO,m,0,0,0,1,1.0,no,0,0,0,month-to-month,mailed check,20.45,20.45,0.0
4123-FCVCB,f,0,0,0,12,1.0,dsl,0,1,1,one year,mailed check,75.85,854.45,0.0
8819-IMISP,m,0,0,0,31,1.0,fiber optic,0,0,0,month-to-month,electronic check,80.45,2429.1,0.0
7802-EFKNY,m,0,1,0,5,0.0,dsl,0,0,0,month-to-month,electronic check,24.95,100.4,1.0
8311-UEUAB,f,0,1,1,67,1.0,dsl,1,0,1,two year,electronic check,75.5,5229.45,0.0
5858-EAFCZ,m,0,0,0,1,1.0,dsl,0,0,0,month-to-month,mailed check,44.45,44.45,0.0
8035-BUYVG,m,0,1,0,40,0.0,dsl,1,0,0,one year,electronic check,42.35,1716.45,1.0
1163-ONYEY,m,0,1,1,41,1.0,dsl,1,0,1,month-to-month,credit card (automatic),74.55,3023.55,0.0
9787-XVQIU,m,0,0,0,1,1.0,fiber optic,0,0,0,month-to-month,electronic check,75.3,75.3,1.0
8945-MUQUF,m,0,0,0,51,1.0,fiber optic,1,0,1,one year,electronic check,94.8,4837.6,1.0
5656-MJEFC,m,0,1,1,42,0.0,dsl,1,1,1,two year,credit card (automatic),48.15,2032.3,0.0
6082-OQFBA,m,0,1,1,23,1.0,no,0,0,0,one year,mailed check,19.65,436.9,0.0
8051-HJRLT,f,1,0,0,1,1.0,fiber optic,0,0,0,month-to-month,electronic check,70.55,70.55,1.0
8974-OVACP,f,0,0,0,1,1.0,no,0,0,0,month-to-month,mailed check,20.15,20.15,0.0
4010-YLMVT,f,0,0,0,56,1.0,fiber optic,1,0,1,month-to-month,credit card (automatic),106.6,5893.95,0.0
1379-FRVEB,m,0,0,1,15,1.0,fiber optic,0,0,1,month-to-month,electronic check,91.0,1430.05,0.0
8612-GXIDD,m,0,1,1,12,1.0,no,0,0,0,two year,bank transfer (automatic),25.4,313.0,0.0
6288-CHQJB,f,0,1,1,54,1.0,dsl,1,1,0,two year,bank transfer (automatic),69.95,3871.85,0.0
8160-HOWOX,f,0,0,0,7,1.0,dsl,0,0,1,month-to-month,electronic check,66.85,458.1,0.0
3023-GFLBR,f,0,1,1,33,1.0,fiber optic,0,0,0,month-to-month,credit card (automatic),86.15,2745.7,1.0
6648-INWPS,m,0,1,1,16,1.0,no,0,0,0,month-to-month,electronic check,20.15,341.35,0.0
4223-BKEOR,f,0,0,1,21,1.0,dsl,1,0,0,one year,mailed check,64.85,1336.8,0.0
4079-VTGLK,m,1,1,0,30,1.0,dsl,0,0,1,two year,electronic check,74.85,2181.75,0.0
1763-WQFUK,m,0,0,0,3,1.0,dsl,0,1,0,month-to-month,mailed check,50.5,147.75,0.0
1391-UBDAR,m,0,0,0,11,1.0,fiber optic,0,0,0,month-to-month,electronic check,72.9,818.45,0.0
8894-JVDCV,f,0,0,0,62,1.0,fiber optic,1,1,1,one year,credit card (automatic),115.05,7133.45,0.0
2023-VQFDL,m,0,0,0,18,1.0,no,0,0,0,month-to-month,electronic check,19.0,348.8,0.0
1345-GKDZZ,m,0,0,1,6,1.0,no,0,0,0,month-to-month,mailed check,19.55,128.6,0.0
2014-MKGMH,f,0,0,0,46,1.0,fiber optic,0,0,1,one year,electronic check,101.1,4674.4,0.0
5628-FCGYG,m,0,0,0,21,1.0,fiber optic,0,0,0,month-to-month,electronic check,84.1,1737.45,0.0
2560-WBWXF,m,0,0,0,68,1.0,no,0,0,0,two year,bank transfer (automatic),24.15,1498.85,0.0
0248-IPDFW,f,0,0,0,1,1.0,dsl,0,0,0,month-to-month,electronic check,50.1,50.1,0.0
7978-DKUQH,f,0,1,0,25,1.0,fiber optic,0,0,0,month-to-month,electronic check,74.6,1797.75,0.0
4335-UPJSI,f,0,0,1,24,1.0,no,0,0,0,two year,mailed check,19.75,498.1,0.0
0524-IAVZO,f,0,1,0,30,1.0,fiber optic,0,0,0,month-to-month,electronic check,85.0,2624.25,1.0
2737-YNGYW,f,0,0,0,2,1.0,fiber optic,0,0,0,month-to-month,electronic check,80.55,184.1,1.0
1784-EZDKJ,m,0,1,0,51,1.0,fiber optic,0,0,1,one year,bank transfer (automatic),106.8,5498.8,0.0
9297-FVVDH,f,0,1,1,57,1.0,dsl,1,1,1,two year,electronic check,84.5,4845.4,0.0
8007-YYPWD,f,0,0,0,15,1.0,no,0,0,0,two year,bank transfer (automatic),25.05,369.1,0.0
7101-HRBLJ,f,0,1,1,72,1.0,dsl,1,1,1,two year,bank transfer (automatic),83.7,6096.9,0.0
5159-YFPKQ,f,0,0,0,2,1.0,fiber optic,0,0,0,month-to-month,electronic check,75.8,160.75,1.0
6635-CPNUN,m,0,1,0,28,1.0,fiber optic,0,0,1,month-to-month,credit card (automatic),96.6,2684.35,0.0
4021-RQSNY,m,1,1,0,29,1.0,fiber optic,0,0,1,month-to-month,electronic check,98.5,3004.15,1.0
5453-YBTWV,m,0,1,1,70,1.0,fiber optic,1,1,1,two year,credit card (automatic),101.1,6994.8,0.0
5039-LZRQT,f,0,0,0,13,1.0,no,0,0,0,one year,mailed check,20.2,273.25,0.0
2931-VUVJN,f,1,1,0,59,1.0,fiber optic,1,1,0,one year,electronic check,94.05,5483.9,0.0
9061-TIHDA,m,1,1,0,13,1.0,fiber optic,0,0,1,month-to-month,electronic check,95.25,1233.65,1.0
8699-ASUFO,m,1,1,0,7,1.0,fiber optic,0,0,0,month-to-month,mailed check,74.4,527.9,1.0
6418-PIQSP,f,0,1,0,62,1.0,dsl,1,1,1,two year,mailed check,81.0,4985.9,0.0
8220-OCUFY,f,0,0,0,21,1.0,dsl,1,1,0,one year,electronic check,60.25,1258.35,0.0
3995-WFCSM,f,0,0,0,2,1.0,dsl,0,0,0,month-to-month,electronic check,60.85,111.4,0.0
1895-QTKDO,f,0,0,0,1,1.0,dsl,0,0,0,month-to-month,credit card (automatic),43.95,43.95,0.0
2038-OEQZH,m,0,0,0,4,1.0,fiber optic,0,0,0,month-to-month,electronic check,86.05,308.1,0.0
1178-PZGAB,f,0,0,0,19,1.0,no,0,0,0,one year,credit card (automatic),20.25,383.65,0.0
7927-AUXBZ,f,0,0,0,30,1.0,fiber optic,0,1,1,month-to-month,electronic check,85.15,2555.9,1.0
2626-VEEWG,m,0,1,1,67,1.0,no,0,0,0,two year,credit card (automatic),19.4,1284.2,0.0
2878-RMWXY,m,1,1,0,72,1.0,fiber optic,1,0,0,two year,credit card (automatic),102.65,7550.3,0.0
1657-DYMBM,m,0,1,0,53,1.0,no,0,0,0,two year,credit card (automatic),19.9,1110.05,0.0
7311-MQJCH,f,0,0,0,5,1.0,no,0,0,0,one year,electronic check,19.55,99.6,0.0
7375-WMVMT,m,1,1,0,71,1.0,fiber optic,0,1,0,two year,credit card (automatic),95.5,6707.15,0.0
1136-XGEQU,f,0,1,1,50,1.0,dsl,0,1,1,one year,credit card (automatic),84.15,4164.4,0.0
2530-FMFXO,m,0,1,1,56,1.0,fiber optic,0,1,1,two year,electronic check,103.2,5873.75,0.0
6844-DZKRF,m,0,0,0,2,1.0,dsl,0,1,0,month-to-month,credit card (automatic),50.2,109.25,0.0
4695-WJZUE,f,1,0,0,2,1.0,fiber optic,0,0,0,month-to-month,electronic check,88.55,179.25,1.0
7619-ODSGN,m,0,1,1,24,1.0,dsl,1,0,0,month-to-month,electronic check,54.75,1338.15,1.0
5970-GHJAW,m,0,1,1,46,1.0,no,0,0,0,two year,credit card (automatic),19.95,862.4,0.0
8879-XUAHX,m,0,1,0,71,1.0,fiber optic,1,1,1,two year,electronic check,116.25,8564.75,0.0
3689-MOZGR,f,0,0,0,29,0.0,dsl,0,1,0,month-to-month,electronic check,31.2,926.2,0.0
4195-PNGZS,m,0,1,1,69,1.0,no,0,0,0,two year,bank transfer (automatic),24.45,1718.2,0.0
5003-XZWWO,m,0,1,0,71,1.0,dsl,0,1,1,two year,credit card (automatic),84.2,5956.85,0.0
3988-RQIXO,f,1,0,0,1,1.0,fiber optic,0,0,1,month-to-month,electronic check,91.3,91.3,1.0
7622-FWGEW,m,1,1,0,56,1.0,dsl,1,1,1,two year,bank transfer (automatic),85.65,4824.45,0.0
6922-NCEDI,m,0,0,1,56,1.0,no,0,0,0,one year,mailed check,21.2,1238.65,0.0
2514-GINMM,m,0,0,0,1,1.0,fiber optic,0,0,1,month-to-month,electronic check,79.5,79.5,1.0
9891-NQDBD,f,0,1,0,28,1.0,no,0,0,0,one year,mailed check,25.55,672.2,0.0
6131-IUNXN,f,0,1,1,19,1.0,no,0,0,0,month-to-month,mailed check,20.2,382.2,0.0
8548-AWOFC,m,0,1,0,66,1.0,dsl,0,1,0,month-to-month,electronic check,63.85,4264.6,0.0
9798-DRYDS,f,0,1,1,17,1.0,dsl,0,1,0,one year,mailed check,61.95,1070.7,0.0
8532-UEFWH,m,0,1,1,52,1.0,no,0,0,0,two year,mailed check,25.75,1345.85,0.0
6296-DDOOR,f,0,0,0,19,1.0,dsl,0,0,1,one year,electronic check,58.2,1045.25,0.0
7951-VRDVK,f,0,0,0,36,1.0,dsl,1,1,1,one year,bank transfer (automatic),85.85,3003.55,0.0
5931-FLJJF,m,1,1,0,7,1.0,fiber optic,0,0,0,month-to-month,mailed check,70.1,467.55,1.0
4815-YOSUK,m,0,1,1,72,1.0,fiber optic,1,1,0,one year,credit card (automatic),104.9,7537.5,0.0
2659-VXMWZ,m,0,1,1,67,1.0,fiber optic,1,0,1,one year,electronic check,111.3,7482.1,1.0
0380-NEAVX,m,1,0,0,34,1.0,fiber optic,0,0,1,one year,electronic check,99.85,3343.15,0.0
3207-OYBWH,m,1,1,0,57,1.0,fiber optic,0,0,0,month-to-month,bank transfer (automatic),95.25,5427.05,1.0
4285-GYRQC,f,0,1,0,7,1.0,fiber optic,0,0,1,month-to-month,electronic check,86.25,587.1,1.0
7216-EWTRS,f,1,1,0,1,1.0,fiber optic,0,0,1,month-to-month,electronic check,100.8,100.8,1.0
4365-MSDYN,m,0,1,0,8,1.0,no,0,0,0,month-to-month,bank transfer (automatic),19.55,161.15,0.0
7036-TYDEC,f,0,0,0,69,1.0,fiber optic,0,1,1,two year,electronic check,104.0,7028.5,0.0
5802-ADBRC,f,0,1,0,50,1.0,fiber optic,1,0,1,one year,mailed check,104.4,5232.9,0.0
8076-FEZKJ,m,0,0,0,10,1.0,no,0,0,0,one year,mailed check,19.5,225.85,0.0
5197-YPYBZ,f,0,1,1,12,1.0,no,0,0,0,two year,credit card (automatic),25.25,274.7,0.0
8337-MSSXB,f,0,0,0,14,1.0,fiber optic,0,0,0,month-to-month,electronic check,86.3,1180.95,1.0
4312-GVYNH,f,0,1,0,70,0.0,dsl,1,1,0,two year,bank transfer (automatic),49.85,3370.2,0.0
8495-LJDFO,f,1,0,0,64,1.0,fiber optic,1,1,1,month-to-month,bank transfer (automatic),108.95,7111.3,0.0
0839-JTCUD,f,0,1,1,66,1.0,dsl,1,1,1,two year,credit card (automatic),89.9,5958.85,0.0
5494-WOZRZ,f,0,1,1,71,1.0,dsl,1,1,1,two year,credit card (automatic),82.0,5999.85,0.0
1302-UHBDD,m,1,0,0,20,1.0,fiber optic,0,0,1,month-to-month,electronic check,89.95,1648.45,0.0
2234-EOFPT,m,0,1,0,72,1.0,dsl,1,1,1,two year,bank transfer (automatic),79.35,5753.25,0.0
8619-IJNDK,f,0,1,1,71,1.0,dsl,1,1,0,two year,credit card (automatic),64.05,4492.9,0.0
8378-LKJAF,m,0,1,1,38,1.0,fiber optic,0,0,1,month-to-month,credit card (automatic),101.15,3956.7,0.0
8182-BJDSI,f,0,0,0,28,1.0,fiber optic,0,0,0,month-to-month,electronic check,89.95,2625.55,1.0
2528-HFYZX,m,1,1,0,17,1.0,fiber optic,0,0,0,month-to-month,electronic check,76.45,1233.4,1.0
1153-GNOLC,m,0,0,0,33,0.0,dsl,0,0,1,one year,electronic check,39.1,1309.0,0.0
3298-QEICA,f,0,1,1,23,0.0,dsl,1,1,0,two year,mailed check,34.6,813.45,0.0
0788-DXBFY,m,0,1,1,58,1.0,no,0,0,0,one year,electronic check,19.55,1108.8,0.0
3597-YASZG,f,1,1,0,70,1.0,fiber optic,0,1,1,two year,bank transfer (automatic),104.45,7349.35,0.0
3496-LFSZU,m,0,1,0,4,1.0,fiber optic,0,0,0,month-to-month,electronic check,70.5,294.2,0.0
5242-UOWHD,m,0,1,1,45,1.0,no,0,0,0,two year,mailed check,20.35,929.2,0.0
2482-CZGBB,m,0,0,0,10,1.0,fiber optic,0,0,0,month-to-month,electronic check,70.0,740.0,1.0
6479-SZPLM,m,0,1,1,36,1.0,no,0,0,0,two year,credit card (automatic),19.45,754.5,0.0
8097-VBQTZ,m,0,0,0,54,1.0,dsl,1,1,1,month-to-month,mailed check,69.9,3883.3,0.0
4500-HKANN,m,0,1,1,23,1.0,dsl,0,1,0,two year,mailed check,59.7,1414.2,0.0
9917-KWRBE,f,0,1,1,41,1.0,dsl,1,0,1,one year,credit card (automatic),78.35,3211.2,0.0
3420-ZDBMA,m,1,0,0,5,1.0,fiber optic,0,0,0,month-to-month,mailed check,71.45,371.6,0.0
2212-LYASK,m,0,1,1,27,0.0,dsl,0,0,0,one year,credit card (automatic),45.85,1246.4,0.0
1393-IMKZG,f,0,0,0,1,1.0,fiber optic,0,1,1,month-to-month,electronic check,95.85,95.85,0.0
8069-RHUXK,f,0,1,1,67,0.0,dsl,1,1,0,two year,credit card (automatic),35.7,2545.7,0.0
3398-GCPMU,f,1,1,1,72,1.0,dsl,1,1,1,two year,credit card (automatic),89.55,6448.85,0.0
2908-WGAXL,f,0,1,1,56,1.0,no,0,0,0,two year,credit card (automatic),24.95,1468.9,0.0
3378-AJRAO,m,0,1,1,44,1.0,no,0,0,0,one year,electronic check,24.85,1013.6,0.0
1013-QCWAM,f,1,1,0,66,1.0,fiber optic,0,0,1,month-to-month,electronic check,100.8,6690.75,0.0
0866-QLSIR,f,0,0,0,34,1.0,dsl,1,1,0,one year,mailed check,64.4,2088.75,1.0
6050-FFXES,f,0,1,0,69,1.0,fiber optic,0,1,1,two year,bank transfer (automatic),105.35,7240.65,0.0
7181-BQYBV,f,0,1,1,1,1.0,fiber optic,1,0,1,month-to-month,electronic check,102.45,102.45,1.0
0362-RAOQO,f,0,0,0,40,1.0,no,0,0,0,two year,credit card (automatic),19.65,830.25,0.0
9554-DFKIC,m,0,1,1,30,1.0,dsl,1,0,0,month-to-month,bank transfer (automatic),54.45,1588.7,0.0
5527-ACHSO,f,0,0,0,11,1.0,dsl,0,1,1,month-to-month,mailed check,70.5,829.3,0.0
0829-DDVLK,f,0,0,0,15,1.0,no,0,0,0,one year,credit card (automatic),20.1,302.45,0.0
1399-UBQIU,m,0,0,0,11,1.0,dsl,0,0,1,month-to-month,electronic check,69.35,712.25,0.0
1813-JLKWR,f,0,1,1,64,1.0,no,0,0,0,one year,bank transfer (automatic),19.8,1336.65,0.0
0336-PIKEI,m,1,1,0,72,1.0,dsl,1,1,1,two year,bank transfer (automatic),74.4,5360.75,0.0
7322-OCWHC,m,1,1,0,72,1.0,fiber optic,1,1,0,two year,bank transfer (automatic),93.05,6735.05,0.0
9537-VHDTA,f,0,0,1,1,1.0,dsl,1,0,0,month-to-month,mailed check,51.2,51.2,0.0
4957-TIALW,f,0,0,1,15,1.0,dsl,1,1,0,one year,credit card (automatic),65.6,1010.0,0.0
2054-PJOCK,f,0,0,0,60,1.0,dsl,0,1,1,one year,credit card (automatic),80.55,4847.05,0.0
9150-HEPMB,m,0,0,0,56,1.0,dsl,1,0,0,one year,mailed check,52.7,3019.7,0.0
9030-QGZNL,f,0,0,0,8,1.0,no,0,0,0,two year,mailed check,20.85,161.65,0.0
6204-IEUXJ,f,0,0,0,3,1.0,fiber optic,0,1,0,month-to-month,credit card (automatic),80.1,217.55,1.0
3126-WQMGH,f,0,1,0,49,1.0,dsl,0,0,0,month-to-month,credit card (automatic),52.15,2583.75,0.0
4529-CKBCL,f,0,0,0,2,1.0,fiber optic,0,0,1,month-to-month,electronic check,80.2,146.05,1.0
2506-CLAKW,f,0,0,0,6,1.0,fiber optic,1,1,0,month-to-month,bank transfer (automatic),98.15,567.45,1.0
7176-WRTNX,m,0,0,0,70,1.0,fiber optic,1,1,1,two year,bank transfer (automatic),114.95,7711.25,0.0
1583-IHQZE,m,0,0,0,12,1.0,fiber optic,0,1,1,month-to-month,mailed check,112.95,1384.75,1.0
5732-IKGQH,m,1,1,0,52,1.0,fiber optic,1,1,1,one year,bank transfer (automatic),104.45,5481.25,0.0
9239-GZHZE,f,0,1,0,72,1.0,fiber optic,1,1,1,two year,credit card (automatic),113.65,8124.2,0.0
7205-BAIAD,f,0,0,0,40,1.0,no,0,0,0,two year,bank transfer (automatic),20.6,827.3,0.0
0151-ONTOV,f,0,0,0,1,1.0,fiber optic,0,0,0,month-to-month,mailed check,70.9,70.9,1.0
4140-MUHUG,f,1,0,0,3,1.0,fiber optic,0,0,1,month-to-month,electronic check,86.85,220.95,1.0
0093-EXYQL,f,1,0,0,40,1.0,fiber optic,0,0,1,month-to-month,electronic check,91.55,3673.6,0.0
8064-RAVOH,m,0,0,1,1,1.0,dsl,0,0,0,month-to-month,electronic check,49.85,49.85,0.0
0219-QAERP,m,0,1,0,30,1.0,no,0,0,0,one year,credit card (automatic),19.8,576.65,0.0
0320-JDNQG,m,0,1,1,23,1.0,fiber optic,1,1,1,month-to-month,electronic check,99.85,2331.3,1.0
7180-PISOG,m,0,1,1,1,1.0,fiber optic,0,0,0,month-to-month,electronic check,74.5,74.5,1.0
9168-INPSZ,f,1,1,0,44,1.0,fiber optic,0,1,1,month-to-month,electronic check,104.15,4495.65,0.0
3571-RFHAR,m,0,0,0,65,1.0,fiber optic,0,1,1,month-to-month,electronic check,109.15,6941.2,1.0
0015-UOCOJ,f,1,0,0,7,1.0,dsl,1,0,0,month-to-month,electronic check,48.2,340.35,0.0
5334-AFQJB,m,1,0,0,72,1.0,no,0,0,0,two year,credit card (automatic),25.1,1789.9,0.0
2754-SDJRD,f,1,0,0,8,1.0,fiber optic,0,1,1,month-to-month,credit card (automatic),100.15,908.55,0.0
9578-VRMNM,f,0,0,0,16,1.0,dsl,0,0,0,month-to-month,credit card (automatic),65.2,1043.35,1.0
1587-FKLZB,m,1,1,1,66,1.0,fiber optic,0,0,1,month-to-month,credit card (automatic),99.5,6822.15,1.0
6140-QNRQQ,m,0,0,0,1,1.0,fiber optic,0,0,0,month-to-month,mailed check,71.55,71.55,1.0
8963-JLGJT,m,0,0,1,3,1.0,dsl,1,0,0,month-to-month,mailed check,55.9,157.55,0.0
4307-KTUMW,m,0,1,0,53,1.0,fiber optic,1,0,0,month-to-month,electronic check,93.9,5029.2,1.0
1465-LNTLJ,m,1,1,0,8,1.0,dsl,0,1,0,month-to-month,credit card (automatic),64.4,581.7,0.0
5440-FLBQG,m,1,1,0,69,1.0,fiber optic,0,1,1,two year,bank transfer (automatic),108.4,7318.2,1.0
2135-DQWAQ,f,0,0,0,5,1.0,fiber optic,0,0,1,month-to-month,mailed check,85.3,420.45,0.0
4056-QHXHZ,f,0,1,1,72,1.0,fiber optic,1,1,1,two year,mailed check,107.45,7576.7,0.0
7470-MCQTK,f,0,1,0,13,0.0,dsl,0,0,1,month-to-month,bank transfer (automatic),48.75,633.4,1.0
7488-MXJIV,f,0,0,0,4,1.0,fiber optic,0,0,1,month-to-month,electronic check,85.65,321.65,1.0
7401-JIXNM,f,0,1,1,54,1.0,dsl,1,1,1,two year,credit card (automatic),91.3,4965.0,0.0
9339-FIIJL,m,0,1,0,72,1.0,dsl,0,1,1,two year,bank transfer (automatic),85.95,6151.9,0.0
2027-FECZV,m,0,0,0,12,1.0,fiber optic,0,0,1,month-to-month,electronic check,106.7,1253.9,1.0
2672-DZUOY,m,0,0,0,1,0.0,dsl,0,0,0,month-to-month,electronic check,25.15,25.15,1.0
4706-DGAHW,m,1,0,0,1,1.0,dsl,0,0,0,month-to-month,electronic check,45.2,45.2,0.0
3870-MQAMG,f,0,1,0,54,1.0,fiber optic,0,1,1,one year,electronic check,110.35,5893.15,1.0
6670-MFRPK,m,0,1,1,69,1.0,fiber optic,0,0,0,two year,credit card (automatic),79.2,5420.65,0.0
6177-PEVRA,f,0,0,0,48,1.0,dsl,1,0,0,two year,credit card (automatic),55.5,2627.35,0.0
4800-CZMPC,f,0,1,1,48,1.0,fiber optic,1,0,1,one year,credit card (automatic),103.25,5037.55,1.0
4813-HQMGZ,f,0,1,0,8,1.0,fiber optic,0,1,0,month-to-month,electronic check,90.25,743.75,0.0
7579-KKLOE,m,0,1,1,71,1.0,dsl,1,1,1,two year,mailed check,91.25,6589.6,0.0
7377-DMMRI,m,0,0,0,2,1.0,dsl,1,0,0,month-to-month,electronic check,47.8,92.45,1.0
8402-EIVQS,m,0,1,0,67,1.0,fiber optic,1,0,1,one year,credit card (automatic),100.9,6733.15,0.0
4947-DSMXK,m,0,1,1,34,1.0,fiber optic,0,0,1,month-to-month,bank transfer (automatic),97.7,3410.0,0.0
7245-NIIWQ,f,0,0,0,3,1.0,fiber optic,0,0,0,month-to-month,electronic check,69.85,199.85,0.0
0002-ORFBO,f,0,1,1,9,1.0,dsl,0,1,1,one year,mailed check,65.6,593.3,0.0
3324-OIRTO,m,0,1,1,71,1.0,fiber optic,1,0,1,one year,bank transfer (automatic),104.65,7288.4,0.0
5414-OFQCB,m,0,0,0,57,1.0,fiber optic,0,1,1,two year,credit card (automatic),90.45,5229.8,0.0
4967-WPNCF,m,0,0,0,72,0.0,dsl,1,1,1,two year,bank transfer (automatic),63.7,4464.8,0.0
8552-OBVRU,f,1,1,1,48,1.0,fiber optic,1,1,1,month-to-month,electronic check,104.5,5068.05,0.0
8499-BRXTD,m,0,0,0,18,1.0,no,0,0,0,one year,mailed check,20.1,401.85,0.0
9154-QDGTH,m,0,1,1,43,1.0,fiber optic,0,1,1,one year,credit card (automatic),104.3,4451.85,0.0
8197-BFWVU,f,0,1,1,72,1.0,dsl,1,1,1,two year,bank transfer (automatic),93.25,6688.95,0.0
2577-GVSIL,m,0,1,1,35,1.0,dsl,0,1,1,one year,bank transfer (automatic),73.45,2661.1,0.0
9367-OIUXP,m,0,0,0,4,1.0,no,0,0,0,month-to-month,mailed check,20.7,73.05,0.0
6770-UAYGJ,f,0,1,1,49,1.0,no,0,0,0,two year,mailed check,25.25,1211.65,0.0
6463-HHXJR,f,0,1,1,71,1.0,fiber optic,1,0,1,two year,bank transfer (automatic),100.5,7030.65,0.0
7928-VJYAB,m,0,1,1,11,1.0,fiber optic,0,0,1,month-to-month,electronic check,90.6,1020.2,0.0
1187-WILMM,m,0,1,1,63,1.0,dsl,1,1,1,two year,credit card (automatic),89.4,5597.65,0.0
9776-OJUZI,f,1,0,0,65,1.0,fiber optic,0,0,1,month-to-month,bank transfer (automatic),95.45,6223.3,0.0
1306-RPWXZ,f,0,0,1,49,1.0,no,0,0,0,two year,credit card (automatic),20.45,1024.65,0.0
8949-JTMAY,f,0,0,0,29,1.0,fiber optic,0,0,1,month-to-month,credit card (automatic),98.6,2933.2,1.0
2774-LVQUS,f,1,1,0,15,1.0,fiber optic,0,1,0,month-to-month,electronic check,83.05,1258.3,1.0
3097-PYWXL,f,0,1,1,4,1.0,no,0,0,0,month-to-month,electronic check,19.95,82.9,0.0
2266-SJNAT,f,0,1,0,72,1.0,fiber optic,0,1,1,one year,credit card (automatic),109.15,7789.6,0.0
0869-PAPRP,f,1,1,0,26,1.0,fiber optic,0,0,1,month-to-month,credit card (automatic),85.7,2067.0,0.0
4238-JSSWH,f,1,1,0,35,1.0,fiber optic,0,0,1,month-to-month,bank transfer (automatic),102.05,3452.55,0.0
2972-YDYUW,f,0,0,0,57,1.0,fiber optic,0,1,0,one year,electronic check,94.7,5468.95,0.0
1104-FEJAM,m,0,1,1,28,1.0,dsl,0,0,0,month-to-month,electronic check,64.4,1802.15,0.0
2809-ILCYT,f,0,1,0,25,1.0,no,0,0,0,one year,mailed check,26.8,733.55,0.0
5499-ECUTN,f,0,1,0,47,1.0,dsl,1,0,1,one year,credit card (automatic),66.05,3021.45,0.0
4981-FLTMF,f,0,1,1,57,1.0,dsl,1,1,0,month-to-month,bank transfer (automatic),65.2,3687.85,0.0
9121-PHQSR,m,1,1,0,16,1.0,fiber optic,0,0,1,month-to-month,credit card (automatic),85.05,1391.15,0.0
3113-IWHLC,m,0,0,0,5,1.0,dsl,1,0,0,month-to-month,mailed check,55.8,274.35,0.0
3211-ILJTT,m,0,1,0,17,1.0,fiber optic,0,0,0,month-to-month,bank transfer (automatic),70.4,1214.05,1.0
4612-THJBS,f,1,0,0,56,1.0,fiber optic,0,0,1,one year,bank transfer (automatic),104.75,5510.65,1.0
4277-BWBML,m,0,1,1,72,1.0,no,0,0,0,two year,bank transfer (automatic),19.95,1322.85,0.0
4094-NSEDU,f,1,0,0,21,1.0,fiber optic,0,0,1,month-to-month,electronic check,94.25,1973.75,1.0
0234-TEVTT,f,0,1,1,48,0.0,dsl,1,0,0,one year,credit card (automatic),45.0,2196.3,0.0
4304-TSPVK,f,0,1,0,68,1.0,fiber optic,1,1,1,two year,bank transfer (automatic),114.9,7843.55,0.0
1552-AAGRX,f,0,0,0,30,1.0,fiber optic,1,1,1,month-to-month,bank transfer (automatic),106.4,3211.9,0.0
2637-FKFSY,f,0,1,0,3,1.0,dsl,0,0,0,month-to-month,mailed check,46.1,130.15,0.0
9796-MVYXX,f,1,0,0,14,0.0,dsl,1,1,0,two year,mailed check,39.7,692.35,0.0
7874-ECPQJ,f,0,0,1,4,1.0,no,0,0,0,month-to-month,bank transfer (automatic),20.05,85.5,0.0
0020-INWCK,f,0,1,1,71,1.0,fiber optic,0,0,0,two year,credit card (automatic),95.75,6849.4,0.0
7089-RKVSZ,m,0,1,1,8,1.0,no,0,0,0,one year,mailed check,24.4,203.95,0.0
2683-JXWQQ,m,0,1,1,61,0.0,dsl,1,0,0,month-to-month,bank transfer (automatic),33.6,2117.2,0.0
9548-ZMVTX,m,0,1,1,72,1.0,fiber optic,0,1,0,two year,bank transfer (automatic),90.45,6565.85,0.0
8739-XNIKG,f,0,0,0,5,1.0,fiber optic,0,0,1,month-to-month,electronic check,84.0,424.75,0.0
9755-JHNMN,f,0,0,0,49,1.0,dsl,1,1,0,two year,bank transfer (automatic),67.4,3306.85,0.0
3981-QSVQI,m,0,0,0,8,1.0,no,0,0,0,month-to-month,bank transfer (automatic),19.7,168.9,0.0
2789-HQBOU,m,0,0,0,3,1.0,fiber optic,0,0,0,month-to-month,electronic check,80.35,253.8,0.0
9424-CMPOG,m,0,1,1,9,1.0,no,0,0,0,two year,mailed check,19.6,197.4,0.0
5067-WJEUN,m,0,1,1,67,1.0,dsl,1,0,0,two year,bank transfer (automatic),54.2,3838.2,0.0
3450-WXOAT,m,0,0,0,46,1.0,dsl,0,0,0,month-to-month,credit card (automatic),45.2,2065.15,0.0
9251-WNSOD,f,0,1,0,67,1.0,dsl,1,0,0,one year,mailed check,75.1,5064.45,0.0
6974-DAFLI,f,0,1,0,55,1.0,no,0,0,0,one year,electronic check,19.7,1140.05,0.0
2616-UUTFK,m,0,1,0,33,1.0,dsl,1,0,1,month-to-month,bank transfer (automatic),72.75,2447.45,0.0
7064-JHXCE,m,0,1,1,62,1.0,no,0,0,0,two year,credit card (automatic),20.05,1263.9,0.0
5103-MHMHY,f,0,0,1,1,1.0,dsl,0,0,0,month-to-month,mailed check,45.95,45.95,1.0
7989-AWGEH,m,0,1,1,49,0.0,dsl,1,0,0,month-to-month,electronic check,39.2,1838.15,0.0
4373-VVHQL,m,0,0,0,1,1.0,dsl,0,0,0,month-to-month,electronic check,44.75,44.75,0.0
4559-UWIHT,m,0,1,0,14,1.0,fiber optic,0,0,0,month-to-month,electronic check,82.65,1185.0,0.0
7268-IGMFD,m,1,0,0,18,1.0,fiber optic,0,1,1,month-to-month,bank transfer (automatic),93.9,1743.9,0.0
1846-XWOQN,f,1,0,0,1,1.0,fiber optic,0,0,0,month-to-month,electronic check,70.15,70.15,1.0
0235-KGSLC,f,0,0,0,1,1.0,fiber optic,0,0,1,month-to-month,credit card (automatic),85.55,85.55,1.0
6650-BWFRT,f,0,1,0,72,1.0,fiber optic,1,1,1,two year,credit card (automatic),117.15,8529.5,0.0
9570-KYEUA,m,0,0,0,64,1.0,fiber optic,1,1,0,two year,credit card (automatic),99.25,6549.45,0.0
6993-YGFJV,m,0,1,0,69,1.0,fiber optic,1,1,1,two year,bank transfer (automatic),112.55,7806.5,0.0
2712-SYWAY,f,0,0,0,1,1.0,no,0,0,0,month-to-month,electronic check,25.7,25.7,0.0
0730-BGQGF,m,0,1,1,71,1.0,dsl,1,1,1,two year,credit card (automatic),90.3,6287.3,0.0
5498-IBWPI,f,0,1,1,66,1.0,dsl,0,1,0,one year,credit card (automatic),49.4,3251.85,0.0
9101-NTIXF,m,0,0,0,2,1.0,no,0,0,0,month-to-month,mailed check,19.4,50.6,0.0
0013-SMEOE,f,1,1,0,71,1.0,fiber optic,1,1,1,two year,bank transfer (automatic),109.7,7904.25,0.0
9314-QDMDW,m,0,0,0,11,1.0,dsl,0,0,1,one year,electronic check,61.25,729.95,0.0
9308-ANMVE,m,0,0,1,47,1.0,dsl,1,0,0,month-to-month,electronic check,55.3,2654.05,0.0
2884-GBPFB,f,0,1,0,35,1.0,fiber optic,0,0,0,month-to-month,electronic check,70.3,2416.55,1.0
3757-NJYBX,m,1,1,0,32,1.0,fiber optic,0,0,1,month-to-month,bank transfer (automatic),106.35,3520.75,1.0
3413-DHLPB,m,0,1,1,60,1.0,fiber optic,0,1,1,month-to-month,bank transfer (automatic),103.75,5969.95,0.0
7649-PHJVR,m,0,0,0,11,1.0,no,0,0,0,one year,mailed check,19.5,226.8,0.0
6114-TCFID,f,0,0,0,29,0.0,dsl,1,1,0,one year,credit card (automatic),39.5,1082.75,0.0
3787-TRIAL,m,0,1,1,21,0.0,dsl,0,0,0,month-to-month,electronic check,26.05,565.75,0.0
2573-GYRUU,m,1,1,0,48,1.0,fiber optic,0,0,0,month-to-month,credit card (automatic),91.05,4370.75,0.0
5156-UMKOW,f,0,0,1,3,0.0,dsl,0,0,0,month-to-month,mailed check,29.65,90.05,0.0
1247-QBVSH,f,0,1,1,43,1.0,dsl,0,0,0,month-to-month,mailed check,50.2,2169.4,0.0
6734-GMPVK,m,0,0,0,5,1.0,fiber optic,0,0,1,month-to-month,electronic check,105.3,550.6,0.0
9822-OAOVB,f,0,0,0,1,1.0,dsl,0,0,0,month-to-month,electronic check,55.45,55.45,0.0
6161-ERDGD,m,0,1,1,71,1.0,dsl,1,1,1,one year,electronic check,85.45,6300.85,0.0
1226-JZNKR,f,0,1,1,8,1.0,no,0,0,0,one year,electronic check,19.8,160.05,0.0
7318-EIVKO,m,0,0,0,8,1.0,dsl,0,0,1,month-to-month,electronic check,59.25,436.6,0.0
3771-PZOBW,m,0,0,0,20,1.0,fiber optic,0,0,1,month-to-month,credit card (automatic),90.7,1781.35,0.0
5136-KCKGI,f,0,1,1,33,1.0,fiber optic,1,0,1,one year,mailed check,103.7,3467.0,1.0
8231-BSWXX,m,0,0,0,71,1.0,fiber optic,0,0,0,one year,credit card (automatic),79.05,5552.5,0.0
6486-LHTMA,f,1,1,0,31,1.0,fiber optic,0,0,1,one year,electronic check,90.7,2835.5,0.0
4083-BFNYK,f,1,1,0,38,1.0,fiber optic,1,0,0,one year,credit card (automatic),95.0,3591.25,0.0
3722-WPXTK,m,0,0,0,1,1.0,fiber optic,0,0,1,month-to-month,electronic check,88.35,88.35,1.0
7389-KBFIT,f,0,1,1,2,0.0,dsl,0,0,0,month-to-month,mailed check,30.25,63.75,0.0
7176-WIONM,f,0,1,0,12,0.0,dsl,0,0,1,month-to-month,bank transfer (automatic),49.85,617.15,0.0
5141-ZUVBH,f,0,0,1,9,1.0,fiber optic,1,1,0,month-to-month,bank transfer (automatic),93.0,870.25,0.0
1089-HDMKP,m,1,0,1,11,1.0,dsl,0,1,0,month-to-month,electronic check,54.55,601.25,0.0
7623-HKYRK,m,0,0,1,6,1.0,no,0,0,0,month-to-month,mailed check,19.7,111.65,0.0
0310-SUCIN,f,0,1,0,71,1.0,dsl,1,1,1,one year,bank transfer (automatic),84.8,6046.1,0.0
5197-PYEPU,f,0,1,1,42,1.0,fiber optic,1,0,1,one year,credit card (automatic),94.45,3923.8,0.0
2929-ERCFZ,f,0,1,1,8,1.0,fiber optic,0,0,1,month-to-month,electronic check,94.2,777.3,1.0
7548-SEPYI,f,0,0,0,5,1.0,fiber optic,0,0,1,month-to-month,electronic check,96.25,512.45,1.0
8835-VSDSE,f,0,1,0,2,1.0,fiber optic,0,0,0,month-to-month,electronic check,70.7,141.45,1.0
6619-RPLQZ,f,0,1,1,45,1.0,no,0,0,0,two year,mailed check,20.85,892.15,0.0
3275-RHRNE,m,0,1,1,28,0.0,dsl,0,1,1,one year,credit card (automatic),60.0,1682.05,0.0
3503-TYDAY,f,0,1,0,43,1.0,fiber optic,0,0,0,month-to-month,electronic check,80.45,3398.9,0.0
6901-GOGZG,m,0,0,1,60,1.0,dsl,1,1,1,two year,electronic check,84.95,4984.85,0.0
1623-NLDOT,f,0,1,0,42,0.0,dsl,0,1,0,one year,mailed check,33.55,1445.3,1.0
7021-XSNYE,m,0,1,1,7,0.0,dsl,1,1,0,two year,credit card (automatic),49.65,305.55,0.0
9621-OUPYD,f,0,1,0,25,1.0,no,0,0,0,one year,bank transfer (automatic),20.2,507.9,0.0
9898-KZQDZ,f,1,1,1,40,1.0,fiber optic,0,0,1,month-to-month,credit card (automatic),94.55,3640.45,1.0
8982-NHAVY,m,0,0,0,27,1.0,fiber optic,0,0,1,one year,bank transfer (automatic),100.5,2673.45,0.0
4307-KWMXE,m,0,0,0,10,0.0,dsl,0,1,0,month-to-month,electronic check,35.75,389.8,0.0
0141-YEAYS,f,1,0,0,27,1.0,fiber optic,0,0,0,month-to-month,bank transfer (automatic),86.45,2401.05,0.0
2450-ZKEED,f,0,0,0,11,1.0,dsl,0,1,0,one year,bank transfer (automatic),53.8,651.55,0.0
3694-DELSO,m,0,1,1,4,0.0,dsl,1,0,1,month-to-month,credit card (automatic),38.55,156.1,0.0
3893-JRNFS,m,0,0,0,68,0.0,dsl,0,0,0,month-to-month,bank transfer (automatic),39.9,2796.35,0.0
9603-OAIHC,m,1,0,0,1,1.0,fiber optic,0,0,0,month-to-month,electronic check,70.05,70.05,0.0
1133-KXCGE,f,0,0,0,18,1.0,no,0,0,0,one year,mailed check,20.1,407.05,0.0
5236-PERKL,f,0,0,0,57,1.0,fiber optic,1,0,1,two year,bank transfer (automatic),112.95,6465.0,1.0
0142-GVYSN,m,0,0,0,26,1.0,no,0,0,0,month-to-month,electronic check,20.3,511.25,0.0
1049-FYSYG,f,0,1,0,17,0.0,dsl,0,0,0,month-to-month,credit card (automatic),35.65,646.05,0.0
7854-FOKSF,m,0,0,0,1,0.0,dsl,0,0,0,month-to-month,electronic check,35.9,35.9,1.0
2519-FAKOD,m,0,0,1,38,1.0,fiber optic,0,0,1,month-to-month,bank transfer (automatic),99.25,3777.15,1.0
8406-LNMHF,m,1,1,0,59,1.0,fiber optic,1,0,0,one year,credit card (automatic),82.95,4903.15,0.0
1821-BUCWY,m,0,0,0,30,1.0,dsl,1,0,0,two year,mailed check,55.65,1653.85,0.0
8263-JQAIK,m,1,0,0,2,0.0,dsl,0,0,0,month-to-month,mailed check,24.45,47.5,1.0
0023-UYUPN,f,1,1,0,50,1.0,no,0,0,0,one year,electronic check,25.2,1306.3,0.0
8314-DPQHL,m,0,0,0,9,0.0,dsl,1,1,0,one year,mailed check,50.8,463.6,0.0
1465-WCZVT,f,0,1,1,3,1.0,no,0,0,0,month-to-month,mailed check,19.65,60.65,0.0
9481-SFCQY,f,0,0,1,14,1.0,dsl,0,0,1,month-to-month,credit card (automatic),59.8,824.85,0.0
6360-SVNWV,f,1,0,0,31,1.0,fiber optic,1,0,0,month-to-month,credit card (automatic),73.55,2094.65,0.0
0567-GGCAC,f,0,0,0,7,1.0,dsl,1,0,0,month-to-month,electronic check,61.4,438.9,0.0
7089-IVVAZ,f,0,0,0,8,1.0,fiber optic,1,1,1,month-to-month,bank transfer (automatic),103.35,847.3,1.0
8884-MRNSU,m,0,1,1,17,1.0,no,0,0,0,one year,bank transfer (automatic),19.9,329.75,0.0
2171-UDMFD,m,0,1,1,32,1.0,no,0,0,0,month-to-month,credit card (automatic),19.45,674.55,0.0
9050-IKDZA,f,1,0,0,2,1.0,fiber optic,0,0,1,month-to-month,mailed check,81.5,162.55,0.0
2205-YMZZJ,m,1,0,0,7,1.0,fiber optic,0,0,1,month-to-month,electronic check,84.8,546.95,1.0
9802-CAQUT,f,0,1,1,72,1.0,fiber optic,1,0,1,two year,credit card (automatic),109.55,7887.25,0.0
1254-IZEYF,f,1,0,0,31,1.0,fiber optic,0,0,1,month-to-month,electronic check,99.95,3186.65,1.0
0187-WZNAB,f,0,1,1,27,1.0,fiber optic,1,0,0,month-to-month,mailed check,74.4,1972.35,0.0
9492-TOKRI,f,0,0,0,18,1.0,fiber optic,0,0,1,month-to-month,credit card (automatic),90.0,1527.35,1.0
1475-VWVDO,m,0,0,0,7,1.0,fiber optic,0,0,0,month-to-month,electronic check,74.9,490.55,0.0
9221-OTIVJ,f,1,0,0,14,1.0,fiber optic,0,0,1,month-to-month,electronic check,104.85,1531.4,1.0
1357-MVDOZ,m,0,1,1,11,1.0,dsl,0,0,1,month-to-month,bank transfer (automatic),59.65,683.25,0.0
7602-MVRMB,f,0,1,1,72,1.0,fiber optic,1,1,1,two year,bank transfer (automatic),110.45,8058.85,0.0
3325-FUYCG,m,0,1,1,28,1.0,fiber optic,1,0,1,one year,electronic check,106.1,2847.4,1.0
5908-QMGOE,m,1,0,0,15,1.0,fiber optic,0,0,0,month-to-month,credit card (automatic),74.2,1133.9,1.0
1197-BVMVG,f,1,0,0,4,1.0,fiber optic,0,0,0,month-to-month,electronic check,74.45,294.45,0.0
5406-KGRMX,f,0,0,0,71,1.0,no,0,0,0,two year,electronic check,24.55,1719.15,0.0
8481-YYXWG,f,0,0,0,5,1.0,fiber optic,0,1,0,month-to-month,electronic check,89.35,461.7,1.0
5968-HYJRZ,m,0,1,1,47,1.0,no,0,0,0,two year,mailed check,24.55,1160.45,0.0
5198-EFNBM,m,1,1,0,57,1.0,fiber optic,0,0,1,one year,electronic check,90.65,5199.8,0.0
7516-GMHUV,m,1,1,0,50,1.0,fiber optic,1,0,1,two year,credit card (automatic),105.05,5163.3,0.0
7140-ADSMJ,m,0,0,0,8,1.0,no,0,0,0,month-to-month,credit card (automatic),20.45,162.3,0.0
2230-XTUWL,f,0,1,1,48,1.0,no,0,0,0,two year,mailed check,19.55,883.35,0.0
7706-YLMQA,f,0,0,0,70,1.0,no,0,0,0,one year,bank transfer (automatic),19.7,1341.5,0.0
2585-KTFRE,m,0,0,1,1,1.0,dsl,1,1,0,month-to-month,bank transfer (automatic),70.45,70.45,0.0
7994-UYIVZ,m,0,1,0,8,1.0,fiber optic,0,0,0,month-to-month,bank transfer (automatic),85.65,659.45,0.0
2609-IAICY,f,0,0,0,1,1.0,fiber optic,0,0,0,month-to-month,electronic check,77.15,77.15,1.0
1740-CSDJP,m,0,0,0,1,0.0,dsl,0,0,0,month-to-month,bank transfer (automatic),35.25,35.25,1.0
7717-BICXI,m,0,1,1,60,1.0,no,0,0,0,two year,mailed check,20.55,1205.05,0.0
6559-RAKOZ,m,0,1,1,49,1.0,fiber optic,0,1,1,one year,electronic check,97.95,4917.9,0.0
2636-OHFMN,m,0,1,0,4,0.0,dsl,0,0,1,month-to-month,electronic check,48.55,201.0,1.0
4716-MRVEN,f,0,0,0,29,1.0,no,0,0,0,one year,mailed check,20.0,599.3,0.0
2143-LJULT,f,0,1,0,67,1.0,no,0,0,0,two year,credit card (automatic),25.25,1733.15,0.0
1323-OOEPC,f,0,1,0,53,1.0,fiber optic,0,0,1,month-to-month,credit card (automatic),98.4,5149.5,1.0
3200-MNQTF,m,0,1,0,67,1.0,dsl,1,1,0,two year,credit card (automatic),70.9,4677.1,0.0
6164-HXUGH,f,0,1,1,6,1.0,no,0,0,0,month-to-month,mailed check,19.85,119.3,0.0
5630-IXDXV,f,0,0,0,47,1.0,fiber optic,0,0,1,month-to-month,electronic check,106.35,4849.1,0.0
0320-DWVTU,f,0,0,0,53,1.0,fiber optic,1,1,0,two year,mailed check,99.5,5424.25,0.0
9135-MGVPY,m,0,1,0,69,1.0,dsl,1,1,1,two year,mailed check,84.7,5878.9,0.0
1212-GLHMD,m,0,0,0,3,1.0,fiber optic,1,0,0,month-to-month,mailed check,86.05,244.85,0.0
7878-JGDKK,m,0,0,0,4,1.0,dsl,0,0,0,month-to-month,mailed check,44.55,220.75,0.0
1088-AUUZZ,m,0,1,1,56,1.0,dsl,1,1,0,two year,credit card (automatic),75.85,4261.2,0.0
0397-GZBBC,m,1,1,0,59,1.0,fiber optic,0,0,1,month-to-month,bank transfer (automatic),93.85,5574.75,1.0
6614-YWYSC,m,1,1,0,61,1.0,no,0,0,0,two year,bank transfer (automatic),25.0,1501.75,0.0
9588-OZDMQ,f,0,1,0,2,1.0,dsl,0,0,0,month-to-month,electronic check,45.0,89.75,0.0
7641-EUYET,m,1,1,1,46,1.0,fiber optic,1,0,1,month-to-month,electronic check,100.7,4541.2,1.0
6476-EPYZR,m,0,1,1,12,1.0,no,0,0,0,month-to-month,mailed check,20.5,255.5,0.0
9921-ZVRHG,f,0,0,0,14,1.0,fiber optic,0,0,0,month-to-month,electronic check,80.45,1072.0,1.0
1174-FGIFN,f,0,1,1,28,1.0,fiber optic,0,1,0,one year,electronic check,90.45,2509.25,0.0
6620-HVDUJ,m,0,0,0,24,1.0,dsl,1,1,0,month-to-month,bank transfer (automatic),60.45,1440.75,0.0
4701-MLJPN,m,0,0,0,31,1.0,dsl,0,1,0,month-to-month,electronic check,55.25,1715.65,1.0
1032-MAELW,f,0,1,1,68,1.0,dsl,1,1,0,one year,electronic check,78.45,5333.35,0.0
7641-TQFHN,m,0,0,1,39,1.0,fiber optic,0,1,1,two year,mailed check,100.55,3895.35,0.0
1552-TKMXS,f,0,1,0,42,1.0,no,0,0,0,month-to-month,credit card (automatic),20.35,869.9,0.0
9206-GVPEQ,m,0,1,0,13,0.0,dsl,1,1,1,month-to-month,electronic check,54.45,706.85,1.0
8622-ZLFKO,f,0,1,0,6,1.0,fiber optic,0,0,0,month-to-month,electronic check,90.75,512.25,0.0
1596-BBVTG,m,0,0,0,35,1.0,fiber optic,0,0,0,month-to-month,credit card (automatic),75.35,2636.05,1.0
6188-UXBBR,f,0,1,0,38,1.0,no,0,0,0,one year,credit card (automatic),20.25,814.75,0.0
2333-KWEWW,m,0,0,0,18,1.0,no,0,0,0,two year,credit card (automatic),20.05,388.6,0.0
5702-SKUOB,f,0,1,0,4,1.0,no,0,0,0,month-to-month,mailed check,19.6,93.45,0.0
1134-YWTYF,m,0,1,0,27,1.0,dsl,0,1,0,month-to-month,electronic check,53.8,1389.85,0.0
6061-GWWAV,m,0,0,1,41,1.0,dsl,1,0,1,one year,mailed check,70.2,2894.55,0.0
